#
# A fatal error has been detected by the Java Runtime Environment:
#
#  SIGSEGV (0xb) at pc=0x00007a7bfaa7fd61, pid=72117, tid=72182
#
# JRE version: OpenJDK Runtime Environment Corretto-21.0.10.7.1 (21.0.10+7) (build 21.0.10+7-LTS)
# Java VM: OpenJDK 64-Bit Server VM Corretto-21.0.10.7.1 (21.0.10+7-LTS, mixed mode, sharing, tiered, compressed oops, compressed class ptrs, g1 gc, linux-amd64)
# Problematic frame:
# C  [libgobject-2.0.so.0+0x3cd61]  g_type_check_instance_is_fundamentally_a+0x11
#
# Core dump will be written. Default location: Core dumps may be processed with "/usr/lib/systemd/systemd-coredump %P %u %g %s %t 9223372036854775808 %h %d" (or dumping to /home/pavlo/IdeaProjects/Widgets/composeApp/core.72117)
#
# If you would like to submit a bug report, please visit:
#   https://github.com/corretto/corretto-21/issues/
# The crash happened outside the Java Virtual Machine in native code.
# See problematic frame for where to report the bug.
#

---------------  S U M M A R Y ------------

Command Line: -Dfile.encoding=UTF-8 -Duser.country=UA -Duser.language=uk -Duser.variant widgets.MainKt

Host: 12th Gen Intel(R) Core(TM) i7-1255U, 12 cores, 15G, elementary OS 8
Time: Mon Jul 13 21:33:43 2026 EEST elapsed time: 9.330653 seconds (0d 0h 0m 9s)

---------------  T H R E A D  ---------------

Current thread (0x00007a7c18baad20):  JavaThread "AWT-EventQueue-0"        [_thread_in_native, id=72182, stack(0x00007a7b4d000000,0x00007a7b4d100000) (1024K)]

Stack: [0x00007a7b4d000000,0x00007a7b4d100000],  sp=0x00007a7b4d0fc938,  free space=1010k
Native frames: (J=compiled Java code, j=interpreted, Vv=VM code, C=native code)
C  [libgobject-2.0.so.0+0x3cd61]  g_type_check_instance_is_fundamentally_a+0x11
C  [jna11381819367917606175.tmp+0x16052]
Java frames: (J=compiled Java code, j=interpreted, Vv=VM code)
j  com.sun.jna.Native.invokeVoid(Lcom/sun/jna/Function;JI[Ljava/lang/Object;)V+0
j  com.sun.jna.Function.invoke([Ljava/lang/Object;Ljava/lang/Class;ZI)Ljava/lang/Object;+45
j  com.sun.jna.Function.invoke(Ljava/lang/reflect/Method;[Ljava/lang/Class;Ljava/lang/Class;[Ljava/lang/Object;Ljava/util/Map;)Ljava/lang/Object;+271
j  com.sun.jna.Library$Handler.invoke(Ljava/lang/Object;Ljava/lang/reflect/Method;[Ljava/lang/Object;)Ljava/lang/Object;+390
j  jdk.proxy1.$Proxy1.g_object_unref(Lcom/sun/jna/Pointer;)V+16 jdk.proxy1
j  widgets.domain.JNA.GSettingsMonitor.stop()V+49
j  widgets.widgetsModule.managers.SystemDataManager.SystemDataManager.onClose()V+11
j  widgets.DI.ManagersModuleKt.managersModule$lambda$0$4(Lcom/example/widgets/widgetsModule/managers/SystemDataManager/SystemDataManager;)Lkotlin/Unit;+5
j  widgets.DI.ManagersModuleKt$$Lambda+0x00007a7b9c018e98.invoke(Ljava/lang/Object;)Ljava/lang/Object;+4
j  org.koin.core.instance.SingleInstanceFactory.drop(Lorg/koin/core/scope/Scope;)V+18
j  org.koin.core.instance.InstanceFactory.drop$default(Lorg/koin/core/instance/InstanceFactory;Lorg/koin/core/scope/Scope;ILjava/lang/Object;)V+24
j  org.koin.core.instance.SingleInstanceFactory.dropAll()V+7
j  org.koin.core.registry.InstanceRegistry.close$koin_core()V+63
j  org.koin.core.Koin.close()V+11
j  org.koin.core.context.GlobalContext.stopKoin()V+14
j  org.koin.core.context.DefaultContextExtKt.stopKoin()V+6
j  widgets.MainKt$main$lambda$1$3$0$$inlined$onDispose$1.dispose()V+16
j  androidx.compose.runtime.DisposableEffectImpl.onForgotten()V+92
j  androidx.compose.runtime.internal.RememberEventDispatcher.dispatchRememberObservers()V+147
j  androidx.compose.runtime.CompositionImpl.applyChangesInLocked(Landroidx/compose/runtime/Changes;)V+244
j  androidx.compose.runtime.CompositionImpl.applyChanges()V+41
j  androidx.compose.runtime.Recomposer$runRecomposeAndApplyChanges$2.invokeSuspend$lambda$2(Landroidx/compose/runtime/Recomposer;Landroidx/collection/MutableScatterSet;Landroidx/collection/MutableScatterSet;Ljava/util/List;Ljava/util/List;Landroidx/collection/MutableScatterSet;Ljava/util/List;Landroidx/collection/MutableScatterSet;Ljava/util/Set;J)Lkotlin/Unit;+1117
j  androidx.compose.runtime.Recomposer$runRecomposeAndApplyChanges$2$$Lambda+0x00007a7b9c511430.invoke(Ljava/lang/Object;)Ljava/lang/Object;+43
j  androidx.compose.ui.window.YieldFrameClock.withFrameNanos(Lkotlin/jvm/functions/Function1;Lkotlin/coroutines/Continuation;)Ljava/lang/Object;+140
j  androidx.compose.ui.window.YieldFrameClock$withFrameNanos$1.invokeSuspend(Ljava/lang/Object;)Ljava/lang/Object;+25
J 2347 c1 kotlin.coroutines.jvm.internal.BaseContinuationImpl.resumeWith(Ljava/lang/Object;)V (124 bytes) @ 0x00007a7c0009973c [0x00007a7c00099320+0x000000000000041c]
J 2351 c1 kotlinx.coroutines.DispatchedTask.run()V (400 bytes) @ 0x00007a7c0007510c [0x00007a7c00073b20+0x00000000000015ec]
j  java.awt.event.InvocationEvent.dispatch()V+47 java.desktop@21.0.10
j  java.awt.EventQueue.dispatchEventImpl(Ljava/awt/AWTEvent;Ljava/lang/Object;)V+21 java.desktop@21.0.10
j  java.awt.EventQueue$4.run()Ljava/lang/Void;+32 java.desktop@21.0.10
J 3343 c1 java.awt.EventQueue.dispatchEvent(Ljava/awt/AWTEvent;)V java.desktop@21.0.10 (80 bytes) @ 0x00007a7c005186a4 [0x00007a7c005180e0+0x00000000000005c4]
J 3355 c1 java.awt.EventDispatchThread.pumpOneEventForFilters(I)V java.desktop@21.0.10 (106 bytes) @ 0x00007a7c00521814 [0x00007a7c00521040+0x00000000000007d4]
j  java.awt.EventDispatchThread.pumpEventsForFilter(ILjava/awt/Conditional;Ljava/awt/EventFilter;)V+35 java.desktop@21.0.10
j  java.awt.EventDispatchThread.pumpEventsForHierarchy(ILjava/awt/Conditional;Ljava/awt/Component;)V+11 java.desktop@21.0.10
j  java.awt.EventDispatchThread.pumpEvents(ILjava/awt/Conditional;)V+4 java.desktop@21.0.10
j  java.awt.EventDispatchThread.pumpEvents(Ljava/awt/Conditional;)V+3 java.desktop@21.0.10
j  java.awt.EventDispatchThread.run()V+9 java.desktop@21.0.10
v  ~StubRoutines::call_stub 0x00007a7c07537cc6

siginfo: si_signo: 11 (SIGSEGV), si_code: 1 (SEGV_MAPERR), si_addr: 0x000000000000746b

Registers:
RAX=0x000000000000746b, RBX=0x00007a7c189e81f0, RCX=0x00007a7bfaa94018, RDX=0x00007a7c1db3cfa8
RSP=0x00007a7b4d0fc938, RBP=0x00007a7b4d0fc9a0, RSI=0x0000000000000050, RDI=0x00007a7c189e81f0
R8 =0x00007a7bfaa8b925, R9 =0x545530806f8f1200, R10=0x0000000000000000, R11=0x00007a7bfaa67380
R12=0x00007a7b4d0fcb60, R13=0x0000000000000008, R14=0x0000000000000001, R15=0x00007a7b4d0fcb40
RIP=0x00007a7bfaa7fd61, EFLAGS=0x0000000000010202, CSGSFS=0x002b000000000033, ERR=0x0000000000000004
  TRAPNO=0x000000000000000e

XMM[0]=0x00007a7c18baad20 0x00007a7b976ec000
XMM[1]=0x00007a7c1de04563 0x00007a7c1de04563
XMM[2]=0x0000000000000000 0x000000000000ff00
XMM[3]=0x0000000000000000 0x000000000000ff00
XMM[4]=0xffffff00ffffffff 0xffffff00000000ff
XMM[5]=0xffffff00ffffff00 0xffffff00ffffff00
XMM[6]=0xffffff00ffffffff 0xffffff0000000000
XMM[7]=0x0000000000000000 0x0000000000000000
XMM[8]=0xac00b68f00b62aa7 0x00b6a912a700b650
XMM[9]=0xce1936cbce1936cb 0xce1936cbd566d283
XMM[10]=0x0000000000000000 0x00000000074d9bb8
XMM[11]=0x33760d2d33760d2d 0x33760d2d08dcdfb0
XMM[12]=0x0000000000000000 0x00000000d566d283
XMM[13]=0x0000000000000000 0x0000000000000000
XMM[14]=0x0000000000000000 0x00000000c1888889
XMM[15]=0x0000000000000000 0x0000000000000000
  MXCSR=0x00001fa3


Register to memory mapping:

RAX=0x000000000000746b is an unknown value
RBX=0x00007a7c189e81f0 points into unknown readable memory: 0x000000000000746b | 6b 74 00 00 00 00 00 00
RCX=0x00007a7bfaa94018: <offset 0x0000000000051018> in /lib/x86_64-linux-gnu/libgobject-2.0.so.0 at 0x00007a7bfaa43000
RDX=0x00007a7c1db3cfa8: <offset 0x000000000173cfa8> in /home/pavlo/.jdks/corretto-21.0.10/lib/server/libjvm.so at 0x00007a7c1c400000
RSP=0x00007a7b4d0fc938 is pointing into the stack for thread: 0x00007a7c18baad20
RBP=0x00007a7b4d0fc9a0 is pointing into the stack for thread: 0x00007a7c18baad20
RSI=0x0000000000000050 is an unknown value
RDI=0x00007a7c189e81f0 points into unknown readable memory: 0x000000000000746b | 6b 74 00 00 00 00 00 00
R8 =0x00007a7bfaa8b925: <offset 0x0000000000048925> in /lib/x86_64-linux-gnu/libgobject-2.0.so.0 at 0x00007a7bfaa43000
R9 =0x545530806f8f1200 is an unknown value
R10=0x0 is null
R11=0x00007a7bfaa67380: g_object_unref+0x0000000000000000 in /lib/x86_64-linux-gnu/libgobject-2.0.so.0 at 0x00007a7bfaa43000
R12=0x00007a7b4d0fcb60 is pointing into the stack for thread: 0x00007a7c18baad20
R13=0x0000000000000008 is an unknown value
R14=0x0000000000000001 is an unknown value
R15=0x00007a7b4d0fcb40 is pointing into the stack for thread: 0x00007a7c18baad20

Top of Stack: (sp=0x00007a7b4d0fc938)
0x00007a7b4d0fc938:   00007a7bfaa673b1 00007a7c18baad20
0x00007a7b4d0fc948:   00007a7c18baad20 00007a7b4d0fc990
0x00007a7b4d0fc958:   00007a7c1d1cb73e 0000000000000000
0x00007a7b4d0fc968:   545530806f8f1200 000000070fc59fc0
0x00007a7b4d0fc978:   0000000000000008 00007a7b4d0fcb60
0x00007a7b4d0fc988:   0000000000000008 0000000000000001
0x00007a7b4d0fc998:   00007a7b4d0fcb40 00007a7b4d0fc9b0
0x00007a7b4d0fc9a8:   00007a7b96016052 0000000000000000
0x00007a7b4d0fc9b8:   00007a7b4d0fd0d0 00007a7b4d0fcac0
0x00007a7b4d0fc9c8:   00007a7b960151cc 000000070f34ccd0
0x00007a7b4d0fc9d8:   00007a7c18baad20 0000000000000000
0x00007a7b4d0fc9e8:   00007a7b4d0fc8f0 00007a7b4d0fcbb0
0x00007a7b4d0fc9f8:   00007a7c00000000 0000000000000001
0x00007a7b4d0fca08:   00007a7bfaa67380 000000000f2fee38
0x00007a7b4d0fca18:   00007a7b4d0fc8f0 00007a7b4d0fd0d0
0x00007a7b4d0fca28:   000000004d0fcac0 00007a7b4d0fd050
0x00007a7b4d0fca38:   00007a7b4d0fc8f0 000000014d0fcad8
0x00007a7b4d0fca48:   00007a7b4d0fca70 00007a7b4d0fca8c
0x00007a7b4d0fca58:   00007a7b4d0fca88 0000000100000000
0x00007a7b4d0fca68:   00007a7b4d0fc9b0 0000000000000001
0x00007a7b4d0fca78:   0000000000000000 00007a7b4d0fcb10
0x00007a7b4d0fca88:   0000000100000000 000000000f34a7a8
0x00007a7b4d0fca98:   00007a7b4d0fcb40 0000000000000008
0x00007a7b4d0fcaa8:   0000000000000001 0000000000000001
0x00007a7b4d0fcab8:   0000000000000010 00007a7b4d0fcb30
0x00007a7b4d0fcac8:   00007a7b96015508 00000007ffeecf68
0x00007a7b4d0fcad8:   0000000100000000 00000000fffdd909
0x00007a7b4d0fcae8:   00007a7b4d0fd0d0 00007a7bfaa67380
0x00007a7b4d0fcaf8:   00007a7b4d0fd050 0000000000000001
0x00007a7b4d0fcb08:   00007a7c18bab0e0 0000000000000000
0x00007a7b4d0fcb18:   00007a7b4d0fcbb8 0000000000000001
0x00007a7b4d0fcb28:   00007a7b4d0fcb68 00007a7b4d0fd0c0 

Instructions: (pc=0x00007a7bfaa7fd61)
0x00007a7bfaa7fc61:   8d 15 e1 1a 01 00 48 8d 35 e2 5f 01 00 31 db 48
0x00007a7bfaa7fc71:   8d 3d 9e 93 00 00 e8 d4 2e fd ff e9 ff fe ff ff
0x00007a7bfaa7fc81:   66 66 2e 0f 1f 84 00 00 00 00 00 0f 1f 40 00 f3
0x00007a7bfaa7fc91:   0f 1e fa 48 85 ff 74 4a 48 8b 07 48 85 c0 74 42
0x00007a7bfaa7fca1:   48 81 fe fc 03 00 00 77 46 48 89 f1 48 8d 15 8c
0x00007a7bfaa7fcb1:   54 02 00 48 c1 e9 02 4c 8b 0c ca 4d 85 c9 74 07
0x00007a7bfaa7fcc1:   41 f6 41 16 20 75 36 48 8b 38 48 81 ff fc 03 00
0x00007a7bfaa7fcd1:   00 76 3c 48 83 e7 fc f6 47 16 10 74 05 4d 85 c9
0x00007a7bfaa7fce1:   75 4d 31 c0 c3 66 2e 0f 1f 84 00 00 00 00 00 49
0x00007a7bfaa7fcf1:   89 f1 49 83 e1 fc 41 f6 41 16 20 74 ca 48 39 30
0x00007a7bfaa7fd01:   0f 94 c0 0f b6 c0 c3 0f 1f 84 00 00 00 00 00 48
0x00007a7bfaa7fd11:   8d 05 29 54 02 00 48 c1 ef 02 48 8b 3c f8 31 c0
0x00007a7bfaa7fd21:   48 85 ff 75 b2 c3 66 0f 1f 84 00 00 00 00 00 55
0x00007a7bfaa7fd31:   45 31 c0 31 c9 ba 01 00 00 00 4c 89 ce 48 89 e5
0x00007a7bfaa7fd41:   e8 da e6 ff ff 5d 85 c0 0f 95 c0 0f b6 c0 c3 f3
0x00007a7bfaa7fd51:   0f 1e fa 48 85 ff 74 47 48 8b 07 48 85 c0 74 3f
0x00007a7bfaa7fd61:   48 8b 00 48 3d fc 03 00 00 77 2c 48 8d 15 cd 53
0x00007a7bfaa7fd71:   02 00 48 c1 e8 02 48 8b 04 c2 31 d2 48 85 c0 74
0x00007a7bfaa7fd81:   0f 0f b6 50 14 48 39 74 d0 48 0f 94 c2 0f b6 d2
0x00007a7bfaa7fd91:   89 d0 c3 0f 1f 40 00 48 83 e0 fc eb e4 66 90 31
0x00007a7bfaa7fda1:   d2 89 d0 c3 66 66 2e 0f 1f 84 00 00 00 00 00 f3
0x00007a7bfaa7fdb1:   0f 1e fa 48 85 ff 74 28 48 8b 3f 48 81 ff fc 03
0x00007a7bfaa7fdc1:   00 00 76 23 48 83 e7 fc 48 81 fe fc 03 00 00 76
0x00007a7bfaa7fdd1:   6e 48 83 e6 fc f6 47 16 04 74 05 48 85 f6 75 30
0x00007a7bfaa7fde1:   31 c0 c3 0f 1f 40 00 48 8d 15 51 53 02 00 48 c1
0x00007a7bfaa7fdf1:   ef 02 31 c0 48 8b 3c fa 48 81 fe fc 03 00 00 76
0x00007a7bfaa7fe01:   2e 48 85 ff 74 2e 48 83 e6 fc f6 47 16 04 74 24
0x00007a7bfaa7fe11:   55 45 31 c0 31 c9 31 d2 48 89 e5 e8 ff e5 ff ff
0x00007a7bfaa7fe21:   5d 85 c0 0f 95 c0 0f b6 c0 c3 0f 1f 44 00 00 48
0x00007a7bfaa7fe31:   85 ff 75 23 c3 66 2e 0f 1f 84 00 00 00 00 00 48
0x00007a7bfaa7fe41:   c1 ee 02 48 8d 05 f5 52 02 00 48 8b 34 f0 eb 85
0x00007a7bfaa7fe51:   0f 1f 80 00 00 00 00 48 c1 ee 02 48 8b 34 f2 e9 


Stack slot to memory mapping:

stack at sp + 0 slots: 0x00007a7bfaa673b1: g_object_unref+0x0000000000000031 in /lib/x86_64-linux-gnu/libgobject-2.0.so.0 at 0x00007a7bfaa43000
stack at sp + 1 slots: 0x00007a7c18baad20 is a thread
stack at sp + 2 slots: 0x00007a7c18baad20 is a thread
stack at sp + 3 slots: 0x00007a7b4d0fc990 is pointing into the stack for thread: 0x00007a7c18baad20
stack at sp + 4 slots: 0x00007a7c1d1cb73e: <offset 0x0000000000dcb73e> in /home/pavlo/.jdks/corretto-21.0.10/lib/server/libjvm.so at 0x00007a7c1c400000
stack at sp + 5 slots: 0x0 is null
stack at sp + 6 slots: 0x545530806f8f1200 is an unknown value
stack at sp + 7 slots: 0x000000070fc59fc0 is an oop: java.lang.Class 
{0x000000070fc59fc0} - klass: 'java/lang/Class'
 - ---- fields (total size 15 words):
 - private volatile transient 'classRedefinedCount' 'I' @12  0 (0x00000000)
 - injected 'klass' 'J' @16  134671317575464 (0x00007a7b9c0ba728)
 - injected 'array_klass' 'J' @24  0 (0x0000000000000000)
 - injected 'oop_size' 'I' @32  15 (0x0000000f)
 - injected 'static_oop_field_count' 'I' @36  1 (0x00000001)
 - private volatile transient 'cachedConstructor' 'Ljava/lang/reflect/Constructor;' @40  null (0x00000000)
 - private transient 'name' 'Ljava/lang/String;' @44  "kotlinx.coroutines.internal.LimitedDispatcher"{0x000000070fc5a058} (0xe1f8b40b)
 - private transient 'module' 'Ljava/lang/Module;' @48  a 'java/lang/Module'{0x00000007ffeecfd0} (0xfffdd9fa)
 - private final 'classLoader' 'Ljava/lang/ClassLoader;' @52  a 'jdk/internal/loader/ClassLoaders$AppClassLoader'{0x00000007ffeecf68} (0xfffdd9ed)
 - private transient 'classData' 'Ljava/lang/Object;' @56  null (0x00000000)
 - private transient 'packageName' 'Ljava/lang/String;' @60  "kotlinx.coroutines.internal"{0x000000070f34b1c8} (0xe1e69639)
 - private final 'componentType' 'Ljava/lang/Class;' @64  null (0x00000000)
 - private volatile transient 'reflectionData' 'Ljava/lang/ref/SoftReference;' @68  a 'java/lang/ref/SoftReference'{0x000000070fc5a0b0} (0xe1f8b416)
 - private volatile transient 'genericInfo' 'Lsun/reflect/generics/repository/ClassRepository;' @72  null (0x00000000)
 - private volatile transient 'enumConstants' '[Ljava/lang/Object;' @76  null (0x00000000)
 - private volatile transient 'enumConstantDirectory' 'Ljava/util/Map;' @80  null (0x00000000)
 - private volatile transient 'annotationData' 'Ljava/lang/Class$AnnotationData;' @84  null (0x00000000)
 - private volatile transient 'annotationType' 'Lsun/reflect/annotation/AnnotationType;' @88  null (0x00000000)
 - transient 'classValueMap' 'Ljava/lang/ClassValue$ClassValueMap;' @92  null (0x00000000)
 - injected 'protection_domain' 'Ljava/lang/Object;' @96  a 'java/security/ProtectionDomain'{0x000000070f34d480} (0xe1e69a90)
 - injected 'signers_name' 'Ljava/lang/Object;' @100  null (0x00000000)
 - injected 'source_file' 'Ljava/lang/Object;' @104  null (0x00000000)
 - injected '<init_lock>' 'Ljava/lang/Object;' @108  null (0x00000000)
 - signature: Lkotlinx/coroutines/internal/LimitedDispatcher;
 - ---- static fields (1):
 - private static final synthetic 'runningWorkers$volatile$FU' 'Ljava/util/concurrent/atomic/AtomicIntegerFieldUpdater;' @112  a 'java/util/concurrent/atomic/AtomicIntegerFieldUpdater$AtomicIntegerFieldUpdaterImpl'{0x000000070fc5a038} (0xe1f8b407)


Compiled method (c1) 9333 2347   !   3       kotlin.coroutines.jvm.internal.BaseContinuationImpl::resumeWith (124 bytes)
 total in heap  [0x00007a7c00098f10,0x00007a7c0009ba60] = 11088
 relocation     [0x00007a7c00099068,0x00007a7c00099320] = 696
 main code      [0x00007a7c00099320,0x00007a7c0009af50] = 7216
 stub code      [0x00007a7c0009af50,0x00007a7c0009b000] = 176
 oops           [0x00007a7c0009b000,0x00007a7c0009b020] = 32
 metadata       [0x00007a7c0009b020,0x00007a7c0009b088] = 104
 scopes data    [0x00007a7c0009b088,0x00007a7c0009b578] = 1264
 scopes pcs     [0x00007a7c0009b578,0x00007a7c0009b9e8] = 1136
 dependencies   [0x00007a7c0009b9e8,0x00007a7c0009b9f0] = 8
 handler table  [0x00007a7c0009b9f0,0x00007a7c0009ba08] = 24
 nul chk table  [0x00007a7c0009ba08,0x00007a7c0009ba60] = 88

[Constant Pool (empty)]

[MachCode]
[Entry Point]
  # {method} {0x00007a7b977d2160} 'resumeWith' '(Ljava/lang/Object;)V' in 'kotlin/coroutines/jvm/internal/BaseContinuationImpl'
  # this:     rsi:rsi   = 'kotlin/coroutines/jvm/internal/BaseContinuationImpl'
  # parm0:    rdx:rdx   = 'java/lang/Object'
  #           [sp+0x120]  (sp of caller)
  0x00007a7c00099320: 448b 5608 | 49bb 0000 | 009b 7b7a | 0000 4d03 | d34c 3bd0 

  0x00007a7c00099334: ;   {runtime_call ic_miss_stub}
  0x00007a7c00099334: 0f85 46bd | 4e07 660f | 1f44 0000 
[Verified Entry Point]
  0x00007a7c00099340: 8984 2400 | c0fe ff55 | 4881 ec10 | 0100 0090 | 4181 7f20 | 0500 0000 

  0x00007a7c00099358: ;   {runtime_call StubRoutines (final stubs)}
  0x00007a7c00099358: 7405 e841 

  0x00007a7c0009935c: ;   {metadata(method data for {method} {0x00007a7b977d2160} 'resumeWith' '(Ljava/lang/Object;)V' in 'kotlin/coroutines/jvm/internal/BaseContinuationImpl')}
  0x00007a7c0009935c: 214d 0748 | bf80 3848 | 997b 7a00 | 008b 9ff4 | 0000 0083 | c302 899f | f400 0000 | 81e3 fe07 
  0x00007a7c0009937c: 0000 85db | 0f84 f116 | 0000 6690 | 4885 f675 

  0x00007a7c0009938c: ;   {metadata(method data for {method} {0x00007a7b977d2160} 'resumeWith' '(Ljava/lang/Object;)V' in 'kotlin/coroutines/jvm/internal/BaseContinuationImpl')}
  0x00007a7c0009938c: 1648 b880 | 3848 997b | 7a00 0080 | 8831 0100 | 0001 e9e7 

  0x00007a7c000993a0: ;   {metadata('kotlin/coroutines/Continuation')}
  0x00007a7c000993a0: 0000 0048 | b908 0a00 | 9c7b 7a00 | 008b 4608 | 49ba 0000 | 009b 7b7a | 0000 4903 | c248 3b48 
  0x00007a7c000993c0: 200f 841a | 0000 0048 | 3bc1 0f84 | 1100 0000 

  0x00007a7c000993d0: ;   {runtime_call slow_subtype_check Runtime1 stub}
  0x00007a7c000993d0: 5051 e829 | 135b 0758 | 5885 c00f | 848d 0000 

  0x00007a7c000993e0: ;   {metadata(method data for {method} {0x00007a7b977d2160} 'resumeWith' '(Ljava/lang/Object;)V' in 'kotlin/coroutines/jvm/internal/BaseContinuationImpl')}
  0x00007a7c000993e0: 0048 b880 | 3848 997b | 7a00 008b | 4e08 49ba | 0000 009b | 7b7a 0000 | 4903 ca48 | 3b88 4801 
  0x00007a7c00099400: 0000 750d | 4883 8050 | 0100 0001 | e979 0000 | 0048 3b88 | 5801 0000 | 750d 4883 | 8060 0100 
  0x00007a7c00099420: 0001 e963 | 0000 0048 | 83b8 4801 | 0000 0075 | 1748 8988 | 4801 0000 | 48c7 8050 | 0100 0001 
  0x00007a7c00099440: 0000 00e9 | 4200 0000 | 4883 b858 | 0100 0000 | 7517 4889 | 8858 0100 | 0048 c780 | 6001 0000 
  0x00007a7c00099460: 0100 0000 | e921 0000 | 00e9 1c00 

  0x00007a7c0009946c: ;   {metadata(method data for {method} {0x00007a7b977d2160} 'resumeWith' '(Ljava/lang/Object;)V' in 'kotlin/coroutines/jvm/internal/BaseContinuationImpl')}
  0x00007a7c0009946c: 0000 48b8 | 8038 4899 | 7b7a 0000 | 4883 a838 | 0100 0001 | e913 1600 | 00e9 0000 | 0000 488b 
  0x00007a7c0009948c: ;   {metadata(method data for {method} {0x00007a7b977d2160} 'resumeWith' '(Ljava/lang/Object;)V' in 'kotlin/coroutines/jvm/internal/BaseContinuationImpl')}
  0x00007a7c0009948c: fe48 bb80 | 3848 997b | 7a00 0048 | 8383 7001 

  0x00007a7c0009949c: ;   {metadata(method data for {method} {0x00007a7b9782f6a8} 'probeCoroutineResumed' '(Lkotlin/coroutines/Continuation;)V' in 'kotlin/coroutines/jvm/internal/DebugProbesKt')}
  0x00007a7c0009949c: 0000 0148 | bb38 3c48 | 997b 7a00 | 008b 83f4 | 0000 0083 | c002 8983 | f400 0000 | 25fe ff1f 
  0x00007a7c000994bc: 0085 c00f | 84dc 1500 

  0x00007a7c000994c4: ;   {metadata(method data for {method} {0x00007a7b9782f6a8} 'probeCoroutineResumed' '(Lkotlin/coroutines/Continuation;)V' in 'kotlin/coroutines/jvm/internal/DebugProbesKt')}
  0x00007a7c000994c4: 0048 bb38 | 3c48 997b | 7a00 0048 | 8383 3801 

  0x00007a7c000994d4: ;   {metadata(method data for {method} {0x00007a7b9740bf98} 'checkNotNullParameter' '(Ljava/lang/Object;Ljava/lang/String;)V' in 'kotlin/jvm/internal/Intrinsics')}
  0x00007a7c000994d4: 0000 0148 | bb00 5e5c | 977b 7a00 | 008b 83f4 | 0000 0083 | c002 8983 | f400 0000 | 25fe ff1f 
  0x00007a7c000994f4: 0085 c00f | 84c5 1500 | 0048 85ff 

  0x00007a7c00099500: ;   {metadata(method data for {method} {0x00007a7b9740bf98} 'checkNotNullParameter' '(Ljava/lang/Object;Ljava/lang/String;)V' in 'kotlin/jvm/internal/Intrinsics')}
  0x00007a7c00099500: 48bf 005e | 5c97 7b7a | 0000 48c7 | c348 0100 | 0074 0748 | c7c3 3801 | 0000 488b | 041f 488d 
  0x00007a7c00099520: 4001 4889 | 041f 0f84 | a00d 0000 | 4885 f675 

  0x00007a7c00099530: ;   {metadata(method data for {method} {0x00007a7b977d2160} 'resumeWith' '(Ljava/lang/Object;)V' in 'kotlin/coroutines/jvm/internal/BaseContinuationImpl')}
  0x00007a7c00099530: 1648 bb80 | 3848 997b | 7a00 0080 | 8b79 0100 | 0001 e9cd 

  0x00007a7c00099544: ;   {metadata('kotlin/coroutines/jvm/internal/BaseContinuationImpl')}
  0x00007a7c00099544: 0000 0048 | b848 3b0b | 9c7b 7a00 | 008b 5e08 | 49ba 0000 | 009b 7b7a | 0000 4903 | da48 3b43 
  0x00007a7c00099564: 380f 858d 

  0x00007a7c00099568: ;   {metadata(method data for {method} {0x00007a7b977d2160} 'resumeWith' '(Ljava/lang/Object;)V' in 'kotlin/coroutines/jvm/internal/BaseContinuationImpl')}
  0x00007a7c00099568: 0000 0048 | bb80 3848 | 997b 7a00 | 008b 4608 | 49ba 0000 | 009b 7b7a | 0000 4903 | c248 3b83 
  0x00007a7c00099588: 9001 0000 | 750d 4883 | 8398 0100 | 0001 e979 | 0000 0048 | 3b83 a001 | 0000 750d | 4883 83a8 
  0x00007a7c000995a8: 0100 0001 | e963 0000 | 0048 83bb | 9001 0000 | 0075 1748 | 8983 9001 | 0000 48c7 | 8398 0100 
  0x00007a7c000995c8: 0001 0000 | 00e9 4200 | 0000 4883 | bba0 0100 | 0000 7517 | 4889 83a0 | 0100 0048 | c783 a801 
  0x00007a7c000995e8: 0000 0100 | 0000 e921 | 0000 00e9 | 1c00 0000 

  0x00007a7c000995f8: ;   {metadata(method data for {method} {0x00007a7b977d2160} 'resumeWith' '(Ljava/lang/Object;)V' in 'kotlin/coroutines/jvm/internal/BaseContinuationImpl')}
  0x00007a7c000995f8: 48bb 8038 | 4899 7b7a | 0000 4883 | ab80 0100 | 0001 e9d4 | 1400 00e9 | 0000 0000 | 488b fe8b 
  0x00007a7c00099618: 5f0c 48c1 | e303 4889 | 9c24 b000 

  0x00007a7c00099624: ;   {metadata(method data for {method} {0x00007a7b977d2160} 'resumeWith' '(Ljava/lang/Object;)V' in 'kotlin/coroutines/jvm/internal/BaseContinuationImpl')}
  0x00007a7c00099624: 0000 48be | 8038 4899 | 7b7a 0000 | 4883 86b8 | 0100 0001 

  0x00007a7c00099638: ;   {metadata(method data for {method} {0x00007a7b9740af50} 'checkNotNull' '(Ljava/lang/Object;)V' in 'kotlin/jvm/internal/Intrinsics')}
  0x00007a7c00099638: 48be a84e | a997 7b7a | 0000 8b86 | f400 0000 | 83c0 0289 | 86f4 0000 | 0025 feff | 1f00 85c0 
  0x00007a7c00099658: 0f84 9314 | 0000 4885 

  0x00007a7c00099660: ;   {metadata(method data for {method} {0x00007a7b9740af50} 'checkNotNull' '(Ljava/lang/Object;)V' in 'kotlin/jvm/internal/Intrinsics')}
  0x00007a7c00099660: db48 bea8 | 4ea9 977b | 7a00 0048 | c7c0 4801 | 0000 7407 | 48c7 c038 | 0100 0048 | 8b0c 0648 
  0x00007a7c00099680: 8d49 0148 | 890c 060f | 8457 0a00 | 0048 8bf7 

  0x00007a7c00099690: ;   {metadata(method data for {method} {0x00007a7b977d2160} 'resumeWith' '(Ljava/lang/Object;)V' in 'kotlin/coroutines/jvm/internal/BaseContinuationImpl')}
  0x00007a7c00099690: 48b8 8038 | 4899 7b7a | 0000 8b76 | 0849 ba00 | 0000 9b7b | 7a00 0049 | 03f2 483b | b0d8 0100 
  0x00007a7c000996b0: 0075 0d48 | 8380 e001 | 0000 01e9 | 6000 0000 | 483b b0e8 | 0100 0075 | 0d48 8380 | f001 0000 
  0x00007a7c000996d0: 01e9 4a00 | 0000 4883 | b8d8 0100 | 0000 7517 | 4889 b0d8 | 0100 0048 | c780 e001 | 0000 0100 
  0x00007a7c000996f0: 0000 e929 | 0000 0048 | 83b8 e801 | 0000 0075 | 1748 89b0 | e801 0000 | 48c7 80f0 | 0100 0001 
  0x00007a7c00099710: 0000 00e9 | 0800 0000 | 4883 80c8 | 0100 0001 | 488b f748 | 89bc 24a8 | 0000 0066 | 9048 b8ff 
  0x00007a7c00099730: ffff ffff 

  0x00007a7c00099734: ;   {virtual_call}
  0x00007a7c00099734: ffff ffe8 

  0x00007a7c00099738: ; ImmutableOopMap {[168]=Oop [176]=Oop }
                      ;*invokevirtual invokeSuspend {reexecute=0 rethrow=0 return_oop=0}
                      ; - kotlin.coroutines.jvm.internal.BaseContinuationImpl::resumeWith@40 (line 34)
  0x00007a7c00099738: e47b 5c07 

  0x00007a7c0009973c: ;   {other}
  0x00007a7c0009973c: 0f1f 8400 | 2c08 0000 

  0x00007a7c00099744: ;   {metadata(method data for {method} {0x00007a7b977d2160} 'resumeWith' '(Ljava/lang/Object;)V' in 'kotlin/coroutines/jvm/internal/BaseContinuationImpl')}
  0x00007a7c00099744: 48ba 8038 | 4899 7b7a | 0000 4883 | 8200 0200 

  0x00007a7c00099754: ;   {metadata(method data for {method} {0x00007a7b978358d0} 'getCOROUTINE_SUSPENDED' '()Ljava/lang/Object;' in 'kotlin/coroutines/intrinsics/IntrinsicsKt__IntrinsicsKt')}
  0x00007a7c00099754: 0001 48ba | 38f8 ab97 | 7b7a 0000 | 8bb2 f400 | 0000 83c6 | 0289 b2f4 | 0000 0081 | e6fe ff1f 
  0x00007a7c00099774: 0085 f60f | 8495 1300 

  0x00007a7c0009977c: ;   {oop(a 'kotlin/coroutines/intrinsics/CoroutineSingletons'{0x000000070f822940})}
  0x00007a7c0009977c: 0049 ba40 | 2982 0f07 | 0000 0049 

  0x00007a7c00099788: ;   {metadata(method data for {method} {0x00007a7b977d2160} 'resumeWith' '(Ljava/lang/Object;)V' in 'kotlin/coroutines/jvm/internal/BaseContinuationImpl')}
  0x00007a7c00099788: 3bc2 48ba | 8038 4899 | 7b7a 0000 | 48c7 c620 | 0200 0074 | 0748 c7c6 | 1002 0000 | 488b 3c32 
  0x00007a7c000997a8: 488d 7f01 | 4889 3c32 | 0f84 140e 

  0x00007a7c000997b4: ;   {metadata(method data for {method} {0x00007a7b977d2160} 'resumeWith' '(Ljava/lang/Object;)V' in 'kotlin/coroutines/jvm/internal/BaseContinuationImpl')}
  0x00007a7c000997b4: 0000 48ba | 8038 4899 | 7b7a 0000 | 4883 8230 | 0200 0001 

  0x00007a7c000997c8: ;   {metadata(method data for {method} {0x00007a7b978838d0} 'constructor-impl' '(Ljava/lang/Object;)Ljava/lang/Object;' in 'kotlin/Result')}
  0x00007a7c000997c8: 48ba 58fd | 1e99 7b7a | 0000 8bb2 | f400 0000 | 83c6 0289 | b2f4 0000 | 0081 e6fe | ff1f 0085 
  0x00007a7c000997e8: f60f 8444 

  0x00007a7c000997ec: ;   {metadata(method data for {method} {0x00007a7b977d2160} 'resumeWith' '(Ljava/lang/Object;)V' in 'kotlin/coroutines/jvm/internal/BaseContinuationImpl')}
  0x00007a7c000997ec: 1300 0048 | ba80 3848 | 997b 7a00 | 00ff 8240 | 0200 00e9 | 5002 0000 | 498b 8700 | 0500 004d 
  0x00007a7c0009980c: 33d2 4d89 | 9700 0500 | 004d 33d2 | 4d89 9708 

  0x00007a7c0009981c: ;   {metadata(method data for {method} {0x00007a7b977d2160} 'resumeWith' '(Ljava/lang/Object;)V' in 'kotlin/coroutines/jvm/internal/BaseContinuationImpl')}
  0x00007a7c0009981c: 0500 0048 | ba80 3848 | 997b 7a00 | 0048 8382 | 5802 0000 

  0x00007a7c00099830: ;   {metadata(method data for {method} {0x00007a7b978389b8} 'createFailure' '(Ljava/lang/Throwable;)Ljava/lang/Object;' in 'kotlin/ResultKt')}
  0x00007a7c00099830: 0148 bac0 | cc4b 997b | 7a00 008b | b2f4 0000 | 0083 c602 | 89b2 f400 | 0000 81e6 | feff 1f00 
  0x00007a7c00099850: 85f6 0f84 | fc12 0000 

  0x00007a7c00099858: ;   {metadata(method data for {method} {0x00007a7b978389b8} 'createFailure' '(Ljava/lang/Throwable;)Ljava/lang/Object;' in 'kotlin/ResultKt')}
  0x00007a7c00099858: 48ba c0cc | 4b99 7b7a | 0000 4883 | 8238 0100 

  0x00007a7c00099868: ;   {metadata(method data for {method} {0x00007a7b9740bf98} 'checkNotNullParameter' '(Ljava/lang/Object;Ljava/lang/String;)V' in 'kotlin/jvm/internal/Intrinsics')}
  0x00007a7c00099868: 0001 48ba | 005e 5c97 | 7b7a 0000 | 8bb2 f400 | 0000 83c6 | 0289 b2f4 | 0000 0081 | e6fe ff1f 
  0x00007a7c00099888: 0085 f60f | 84e4 1200 | 0048 85c0 

  0x00007a7c00099894: ;   {metadata(method data for {method} {0x00007a7b9740bf98} 'checkNotNullParameter' '(Ljava/lang/Object;Ljava/lang/String;)V' in 'kotlin/jvm/internal/Intrinsics')}
  0x00007a7c00099894: 48ba 005e | 5c97 7b7a | 0000 48c7 | c648 0100 | 0074 0748 | c7c6 3801 | 0000 488b | 3c32 488d 
  0x00007a7c000998b4: 7f01 4889 | 3c32 0f84 | 0406 0000 

  0x00007a7c000998c0: ;   {metadata('kotlin/Result$Failure')}
  0x00007a7c000998c0: 48ba d896 | 109c 7b7a | 0000 488b | d849 8b87 | b801 0000 | 488d 7810 | 493b bfc8 | 0100 000f 
  0x00007a7c000998e0: 87b1 1200 | 0049 89bf | b801 0000 | 48c7 0001 | 0000 0048 | 8bca 49ba | 0000 009b | 7b7a 0000 
  0x00007a7c00099900: 492b ca89 | 4808 4833 | c989 480c | 4833 c948 

  0x00007a7c00099910: ;   {metadata(method data for {method} {0x00007a7b978389b8} 'createFailure' '(Ljava/lang/Throwable;)Ljava/lang/Object;' in 'kotlin/ResultKt')}
  0x00007a7c00099910: 8bf0 48bf | c0cc 4b99 | 7b7a 0000 | 4883 8748 | 0100 0001 

  0x00007a7c00099924: ;   {metadata(method data for {method} {0x00007a7b97839ea8} '<init>' '(Ljava/lang/Throwable;)V' in 'kotlin/Result$Failure')}
  0x00007a7c00099924: 48be 70d1 | 4b99 7b7a | 0000 8bbe | f400 0000 | 83c7 0289 | bef4 0000 | 0081 e7fe | ff1f 0085 
  0x00007a7c00099944: ff0f 8458 

  0x00007a7c00099948: ;   {metadata(method data for {method} {0x00007a7b97839ea8} '<init>' '(Ljava/lang/Throwable;)V' in 'kotlin/Result$Failure')}
  0x00007a7c00099948: 1200 0048 | be70 d14b | 997b 7a00 | 0048 8386 | 3801 0000 

  0x00007a7c0009995c: ;   {metadata(method data for {method} {0x00007a7b9740bf98} 'checkNotNullParameter' '(Ljava/lang/Object;Ljava/lang/String;)V' in 'kotlin/jvm/internal/Intrinsics')}
  0x00007a7c0009995c: 0148 be00 | 5e5c 977b | 7a00 008b | bef4 0000 | 0083 c702 | 89be f400 | 0000 81e7 | feff 1f00 
  0x00007a7c0009997c: 85ff 0f84 | 4012 0000 

  0x00007a7c00099984: ;   {metadata(method data for {method} {0x00007a7b9740bf98} 'checkNotNullParameter' '(Ljava/lang/Object;Ljava/lang/String;)V' in 'kotlin/jvm/internal/Intrinsics')}
  0x00007a7c00099984: 4885 db48 | be00 5e5c | 977b 7a00 | 0048 c7c7 | 4801 0000 | 7407 48c7 | c738 0100 | 0048 8b14 
  0x00007a7c000999a4: 3e48 8d52 | 0148 8914 | 3e0f 84ec | 0200 0048 

  0x00007a7c000999b4: ;   {metadata(method data for {method} {0x00007a7b97839ea8} '<init>' '(Ljava/lang/Throwable;)V' in 'kotlin/Result$Failure')}
  0x00007a7c000999b4: 8bf0 48bf | 70d1 4b99 | 7b7a 0000 | 4883 8748 | 0100 0001 

  0x00007a7c000999c8: ;   {metadata(method data for {method} {0x00007a7b9b474bd0} '<init>' '()V' in 'java/lang/Object')}
  0x00007a7c000999c8: 48be 00a6 | 0097 7b7a | 0000 8bbe | f400 0000 | 83c7 0289 | bef4 0000 | 0081 e7fe | ff1f 0085 
  0x00007a7c000999e8: ff0f 84f6 | 1100 0041 | 0fbe 7740 | 85f6 0f85 | 0a12 0000 | 4c8b d349 | c1ea 0344 | 8950 0c48 
  0x00007a7c00099a08: 8bf0 4833 | f348 c1ee | 1548 83fe | 000f 850a 

  0x00007a7c00099a18: ;   {metadata(method data for {method} {0x00007a7b977d2160} 'resumeWith' '(Ljava/lang/Object;)V' in 'kotlin/coroutines/jvm/internal/BaseContinuationImpl')}
  0x00007a7c00099a18: 1200 0048 | be80 3848 | 997b 7a00 | 0048 8386 | 6802 0000 

  0x00007a7c00099a2c: ;   {metadata(method data for {method} {0x00007a7b978838d0} 'constructor-impl' '(Ljava/lang/Object;)Ljava/lang/Object;' in 'kotlin/Result')}
  0x00007a7c00099a2c: 0148 be58 | fd1e 997b | 7a00 008b | bef4 0000 | 0083 c702 | 89be f400 | 0000 81e7 | feff 1f00 
  0x00007a7c00099a4c: 85ff 0f84 | e911 0000 | 4889 8424 | b800 0000 | 488b bc24 | a800 0000 

  0x00007a7c00099a64: ;   {metadata(method data for {method} {0x00007a7b977d2160} 'resumeWith' '(Ljava/lang/Object;)V' in 'kotlin/coroutines/jvm/internal/BaseContinuationImpl')}
  0x00007a7c00099a64: 48be 8038 | 4899 7b7a | 0000 8b7f | 0849 ba00 | 0000 9b7b | 7a00 0049 | 03fa 483b | be88 0200 
  0x00007a7c00099a84: 0075 0d48 | 8386 9002 | 0000 01e9 | 6000 0000 | 483b be98 | 0200 0075 | 0d48 8386 | a002 0000 
  0x00007a7c00099aa4: 01e9 4a00 | 0000 4883 | be88 0200 | 0000 7517 | 4889 be88 | 0200 0048 | c786 9002 | 0000 0100 
  0x00007a7c00099ac4: 0000 e929 | 0000 0048 | 83be 9802 | 0000 0075 | 1748 89be | 9802 0000 | 48c7 86a0 | 0200 0001 
  0x00007a7c00099ae4: 0000 00e9 | 0800 0000 | 4883 8678 | 0200 0001 | 488b b424 | a800 0000 | 9048 b8ff | ffff ffff 
  0x00007a7c00099b04: ;   {virtual_call}
  0x00007a7c00099b04: ffff ffe8 

  0x00007a7c00099b08: ; ImmutableOopMap {[176]=Oop [184]=Oop }
                      ;*invokevirtual releaseIntercepted {reexecute=0 rethrow=0 return_oop=0}
                      ; - kotlin.coroutines.jvm.internal.BaseContinuationImpl::resumeWith@90 (line 40)
  0x00007a7c00099b08: e477 5c07 

  0x00007a7c00099b0c: ;   {other}
  0x00007a7c00099b0c: 0f1f 8400 | fc0b 0001 | 488b 9c24 | b000 0000 | 4885 db75 

  0x00007a7c00099b20: ;   {metadata(method data for {method} {0x00007a7b977d2160} 'resumeWith' '(Ljava/lang/Object;)V' in 'kotlin/coroutines/jvm/internal/BaseContinuationImpl')}
  0x00007a7c00099b20: 1648 bf80 | 3848 997b | 7a00 0080 | 8fa9 0200 | 0001 e9cd 

  0x00007a7c00099b34: ;   {metadata('kotlin/coroutines/jvm/internal/BaseContinuationImpl')}
  0x00007a7c00099b34: 0000 0048 | b848 3b0b | 9c7b 7a00 | 008b 7b08 | 49ba 0000 | 009b 7b7a | 0000 4903 | fa48 3b47 
  0x00007a7c00099b54: 380f 858d 

  0x00007a7c00099b58: ;   {metadata(method data for {method} {0x00007a7b977d2160} 'resumeWith' '(Ljava/lang/Object;)V' in 'kotlin/coroutines/jvm/internal/BaseContinuationImpl')}
  0x00007a7c00099b58: 0000 0048 | bf80 3848 | 997b 7a00 | 008b 4308 | 49ba 0000 | 009b 7b7a | 0000 4903 | c248 3b87 
  0x00007a7c00099b78: c002 0000 | 750d 4883 | 87c8 0200 | 0001 e97e | 0000 0048 | 3b87 d002 | 0000 750d | 4883 87d8 
  0x00007a7c00099b98: 0200 0001 | e968 0000 | 0048 83bf | c002 0000 | 0075 1748 | 8987 c002 | 0000 48c7 | 87c8 0200 
  0x00007a7c00099bb8: 0001 0000 | 00e9 4700 | 0000 4883 | bfd0 0200 | 0000 7517 | 4889 87d0 | 0200 0048 | c787 d802 
  0x00007a7c00099bd8: 0000 0100 | 0000 e926 | 0000 00e9 | 2100 0000 

  0x00007a7c00099be8: ;   {metadata(method data for {method} {0x00007a7b977d2160} 'resumeWith' '(Ljava/lang/Object;)V' in 'kotlin/coroutines/jvm/internal/BaseContinuationImpl')}
  0x00007a7c00099be8: 48bf 8038 | 4899 7b7a | 0000 4883 | afb0 0200 | 0001 e905 | 0000 00e9 | 0500 0000 | 4833 d2eb 
  0x00007a7c00099c08: 0748 c7c2 | 0100 0000 

  0x00007a7c00099c10: ;   {metadata(method data for {method} {0x00007a7b977d2160} 'resumeWith' '(Ljava/lang/Object;)V' in 'kotlin/coroutines/jvm/internal/BaseContinuationImpl')}
  0x00007a7c00099c10: 85d2 48ba | 8038 4899 | 7b7a 0000 | 48c7 c6e8 | 0200 0074 | 0748 c7c6 | f802 0000 | 488b 3c32 
  0x00007a7c00099c30: 488d 7f01 | 4889 3c32 | 0f84 b608 

  0x00007a7c00099c3c: ;   {metadata(method data for {method} {0x00007a7b977d2160} 'resumeWith' '(Ljava/lang/Object;)V' in 'kotlin/coroutines/jvm/internal/BaseContinuationImpl')}
  0x00007a7c00099c3c: 0000 48ba | 8038 4899 | 7b7a 0000 | ff82 0803 

  0x00007a7c00099c4c: ;   {metadata(method data for {method} {0x00007a7b977d2160} 'resumeWith' '(Ljava/lang/Object;)V' in 'kotlin/coroutines/jvm/internal/BaseContinuationImpl')}
  0x00007a7c00099c4c: 0000 48ba | 8038 4899 | 7b7a 0000 | 8bb2 f800 | 0000 83c6 | 0289 b2f8 | 0000 0081 | e6fe 3f00 
  0x00007a7c00099c6c: 0085 f60f | 84e9 0f00 | 004d 8b97 

  0x00007a7c00099c78: ; ImmutableOopMap {rbx=Oop [176]=Oop [184]=Oop }
                      ;*goto {reexecute=1 rethrow=0 return_oop=0}
                      ; - (reexecute) kotlin.coroutines.jvm.internal.BaseContinuationImpl::resumeWith@121 (line 30)
  0x00007a7c00099c78: 5804 0000 

  0x00007a7c00099c7c: ;   {poll}
  0x00007a7c00099c7c: 4185 0248 | ba80 3848 | 997b 7a00 | 00ff 8258 | 0300 0048 | 8b94 24b8 | 0000 0048 | 8bf3 e9e9 
  0x00007a7c00099c9c: f6ff ff48 | 8984 24c8 | 0000 0048 | 899c 24d0 

  0x00007a7c00099cac: ;   {metadata(method data for {method} {0x00007a7b9740bf98} 'checkNotNullParameter' '(Ljava/lang/Object;Ljava/lang/String;)V' in 'kotlin/jvm/internal/Intrinsics')}
  0x00007a7c00099cac: 0000 0048 | ba00 5e5c | 977b 7a00 | 0048 8382 | 5801 0000 

  0x00007a7c00099cc0: ;   {metadata(method data for {method} {0x00007a7b9740e118} 'throwParameterIsNullNPE' '(Ljava/lang/String;)V' in 'kotlin/jvm/internal/Intrinsics')}
  0x00007a7c00099cc0: 0148 ba60 | cc5c 977b | 7a00 008b | b2f4 0000 | 0083 c602 | 89b2 f400 | 0000 81e6 | feff 1f00 
  0x00007a7c00099ce0: 85f6 0f84 | 970f 0000 

  0x00007a7c00099ce8: ;   {no_reloc}
  0x00007a7c00099ce8: e9c2 0f00 | 0000 0000 | 0000 498b | 87b8 0100 | 0048 8d78 | 3049 3bbf | c801 0000 | 0f87 af0f 
  0x00007a7c00099d08: 0000 4989 | bfb8 0100 | 0048 c700 | 0100 0000 | 488b ca49 | ba00 0000 | 9b7b 7a00 | 0049 2bca 
  0x00007a7c00099d28: 8948 0848 | 33c9 8948 | 0c48 33c9 | 4889 4810 | 4889 4818 | 4889 4820 | 4889 4828 

  0x00007a7c00099d44: ;   {metadata(method data for {method} {0x00007a7b9740e118} 'throwParameterIsNullNPE' '(Ljava/lang/String;)V' in 'kotlin/jvm/internal/Intrinsics')}
  0x00007a7c00099d44: 48be 60cc | 5c97 7b7a | 0000 4883 | 8638 0100 

  0x00007a7c00099d54: ;   {oop("exception"{0x000000070f2f6aa8})}
  0x00007a7c00099d54: 0001 48be | a86a 2f0f | 0700 0000 | 4889 8424 | c000 0000 | 0f1f 8000 

  0x00007a7c00099d6c: ;   {static_call}
  0x00007a7c00099d6c: 0000 00e8 

  0x00007a7c00099d70: ; ImmutableOopMap {[168]=Oop [176]=Oop [192]=Oop [200]=Oop [208]=Oop }
                      ;*invokestatic createParameterIsNullExceptionMessage {reexecute=0 rethrow=0 return_oop=0}
                      ; - kotlin.jvm.internal.Intrinsics::throwParameterIsNullNPE@5 (line 140)
                      ; - kotlin.jvm.internal.Intrinsics::checkNotNullParameter@5 (line 131)
                      ; - kotlin.Result$Failure::<init>@3
                      ; - kotlin.ResultKt::createFailure@11 (line 122)
                      ; - kotlin.coroutines.jvm.internal.BaseContinuationImpl::resumeWith@76 (line 38)
  0x00007a7c00099d70: 0cbc 4e07 

  0x00007a7c00099d74: ;   {other}
  0x00007a7c00099d74: 0f1f 8400 | 640e 0003 | 488b 9424 | c000 0000 

  0x00007a7c00099d84: ;   {metadata(method data for {method} {0x00007a7b9740e118} 'throwParameterIsNullNPE' '(Ljava/lang/String;)V' in 'kotlin/jvm/internal/Intrinsics')}
  0x00007a7c00099d84: 48be 60cc | 5c97 7b7a | 0000 4883 | 8648 0100 | 0001 488b | d048 8bb4 | 24c0 0000 | 0066 0f1f 
  0x00007a7c00099da4: ;   {optimized virtual_call}
  0x00007a7c00099da4: 4400 00e8 

  0x00007a7c00099da8: ; ImmutableOopMap {[168]=Oop [176]=Oop [192]=Oop [200]=Oop [208]=Oop }
                      ;*invokespecial <init> {reexecute=0 rethrow=0 return_oop=0}
                      ; - kotlin.jvm.internal.Intrinsics::throwParameterIsNullNPE@8 (line 140)
                      ; - kotlin.jvm.internal.Intrinsics::checkNotNullParameter@5 (line 131)
                      ; - kotlin.Result$Failure::<init>@3
                      ; - kotlin.ResultKt::createFailure@11 (line 122)
                      ; - kotlin.coroutines.jvm.internal.BaseContinuationImpl::resumeWith@76 (line 38)
  0x00007a7c00099da8: d4b5 4e07 

  0x00007a7c00099dac: ;   {other}
  0x00007a7c00099dac: 0f1f 8400 | 9c0e 0004 

  0x00007a7c00099db4: ;   {metadata(method data for {method} {0x00007a7b9740e118} 'throwParameterIsNullNPE' '(Ljava/lang/String;)V' in 'kotlin/jvm/internal/Intrinsics')}
  0x00007a7c00099db4: 48be 60cc | 5c97 7b7a | 0000 4883 | 8658 0100 

  0x00007a7c00099dc4: ;   {metadata(method data for {method} {0x00007a7b9740f190} 'sanitizeStackTrace' '(Ljava/lang/Throwable;)Ljava/lang/Throwable;' in 'kotlin/jvm/internal/Intrinsics')}
  0x00007a7c00099dc4: 0001 48be | 80da 5c97 | 7b7a 0000 | 8bbe f400 | 0000 83c7 | 0289 bef4 | 0000 0081 | e7fe ff1f 
  0x00007a7c00099de4: 0085 ff0f | 84d9 0e00 

  0x00007a7c00099dec: ;   {oop(a 'java/lang/Class'{0x000000070f9dfbb8} = 'kotlin/jvm/internal/Intrinsics')}
  0x00007a7c00099dec: 0048 beb8 | fb9d 0f07 | 0000 0048 

  0x00007a7c00099df8: ;   {metadata(method data for {method} {0x00007a7b9740f190} 'sanitizeStackTrace' '(Ljava/lang/Throwable;)Ljava/lang/Throwable;' in 'kotlin/jvm/internal/Intrinsics')}
  0x00007a7c00099df8: 8bfe 48bb | 80da 5c97 | 7b7a 0000 | 4883 8338 | 0100 0001 

  0x00007a7c00099e0c: ;   {metadata(method data for {method} {0x00007a7b9b4698e8} 'getName' '()Ljava/lang/String;' in 'java/lang/Class')}
  0x00007a7c00099e0c: 48bf c0a9 | 0397 7b7a | 0000 8b9f | f400 0000 | 83c3 0289 | 9ff4 0000 | 0081 e3fe | ff1f 0085 
  0x00007a7c00099e2c: db0f 84b4 | 0e00 008b | 762c 48c1 | e603 4885 

  0x00007a7c00099e3c: ;   {metadata(method data for {method} {0x00007a7b9b4698e8} 'getName' '()Ljava/lang/String;' in 'java/lang/Class')}
  0x00007a7c00099e3c: f648 bfc0 | a903 977b | 7a00 0048 | c7c3 3801 | 0000 7407 | 48c7 c348 | 0100 0048 | 8b04 1f48 
  0x00007a7c00099e5c: 8d40 0148 | 8904 1f0f | 8418 0000 

  0x00007a7c00099e68: ;   {metadata(method data for {method} {0x00007a7b9b4698e8} 'getName' '()Ljava/lang/String;' in 'java/lang/Class')}
  0x00007a7c00099e68: 0048 bfc0 | a903 977b | 7a00 00ff | 8758 0100 | 0048 8bfe | e936 0000 

  0x00007a7c00099e80: ;   {oop(a 'java/lang/Class'{0x000000070f9dfbb8} = 'kotlin/jvm/internal/Intrinsics')}
  0x00007a7c00099e80: 0048 beb8 | fb9d 0f07 | 0000 0048 

  0x00007a7c00099e8c: ;   {metadata(method data for {method} {0x00007a7b9b4698e8} 'getName' '()Ljava/lang/String;' in 'java/lang/Class')}
  0x00007a7c00099e8c: 8bfe 48bb | c0a9 0397 | 7b7a 0000 | 4883 8370 | 0100 0001 | 0f1f 8000 

  0x00007a7c00099ea4: ;   {optimized virtual_call}
  0x00007a7c00099ea4: 0000 00e8 

  0x00007a7c00099ea8: ; ImmutableOopMap {[168]=Oop [176]=Oop [192]=Oop [200]=Oop [208]=Oop }
                      ;*invokevirtual initClassName {reexecute=0 rethrow=0 return_oop=0}
                      ; - java.lang.Class::getName@14 (line 950)
                      ; - kotlin.jvm.internal.Intrinsics::sanitizeStackTrace@3 (line 253)
                      ; - kotlin.jvm.internal.Intrinsics::throwParameterIsNullNPE@11 (line 140)
                      ; - kotlin.jvm.internal.Intrinsics::checkNotNullParameter@5 (line 131)
                      ; - kotlin.Result$Failure::<init>@3
                      ; - kotlin.ResultKt::createFailure@11 (line 122)
                      ; - kotlin.coroutines.jvm.internal.BaseContinuationImpl::resumeWith@76 (line 38)
  0x00007a7c00099ea8: d4b4 4e07 

  0x00007a7c00099eac: ;   {other}
  0x00007a7c00099eac: 0f1f 8400 | 9c0f 0005 | 488b f848 | 8b84 24c0 | 0000 00e9 | 780a 0000 | 4889 8424 | d000 0000 
  0x00007a7c00099ecc: ;   {metadata(method data for {method} {0x00007a7b9740bf98} 'checkNotNullParameter' '(Ljava/lang/Object;Ljava/lang/String;)V' in 'kotlin/jvm/internal/Intrinsics')}
  0x00007a7c00099ecc: 48ba 005e | 5c97 7b7a | 0000 4883 | 8258 0100 

  0x00007a7c00099edc: ;   {metadata(method data for {method} {0x00007a7b9740e118} 'throwParameterIsNullNPE' '(Ljava/lang/String;)V' in 'kotlin/jvm/internal/Intrinsics')}
  0x00007a7c00099edc: 0001 48ba | 60cc 5c97 | 7b7a 0000 | 8bb2 f400 | 0000 83c6 | 0289 b2f4 | 0000 0081 | e6fe ff1f 
  0x00007a7c00099efc: 0085 f60f | 8408 0e00 | 0066 6690 

  0x00007a7c00099f08: ;   {no_reloc}
  0x00007a7c00099f08: e930 0e00 | 0000 0000 | 0000 498b | 87b8 0100 | 0048 8d78 | 3049 3bbf | c801 0000 | 0f87 1d0e 
  0x00007a7c00099f28: 0000 4989 | bfb8 0100 | 0048 c700 | 0100 0000 | 488b ca49 | ba00 0000 | 9b7b 7a00 | 0049 2bca 
  0x00007a7c00099f48: 8948 0848 | 33c9 8948 | 0c48 33c9 | 4889 4810 | 4889 4818 | 4889 4820 | 4889 4828 

  0x00007a7c00099f64: ;   {metadata(method data for {method} {0x00007a7b9740e118} 'throwParameterIsNullNPE' '(Ljava/lang/String;)V' in 'kotlin/jvm/internal/Intrinsics')}
  0x00007a7c00099f64: 48be 60cc | 5c97 7b7a | 0000 4883 | 8638 0100 

  0x00007a7c00099f74: ;   {oop("exception"{0x000000070f2f6aa8})}
  0x00007a7c00099f74: 0001 48be | a86a 2f0f | 0700 0000 | 4889 8424 | d800 0000 | 0f1f 8000 

  0x00007a7c00099f8c: ;   {static_call}
  0x00007a7c00099f8c: 0000 00e8 

  0x00007a7c00099f90: ; ImmutableOopMap {[168]=Oop [176]=Oop [208]=Oop [216]=Oop }
                      ;*invokestatic createParameterIsNullExceptionMessage {reexecute=0 rethrow=0 return_oop=0}
                      ; - kotlin.jvm.internal.Intrinsics::throwParameterIsNullNPE@5 (line 140)
                      ; - kotlin.jvm.internal.Intrinsics::checkNotNullParameter@5 (line 131)
                      ; - kotlin.ResultKt::createFailure@3
                      ; - kotlin.coroutines.jvm.internal.BaseContinuationImpl::resumeWith@76 (line 38)
  0x00007a7c00099f90: ecb9 4e07 

  0x00007a7c00099f94: ;   {other}
  0x00007a7c00099f94: 0f1f 8400 | 8410 0006 | 488b 9424 | d800 0000 

  0x00007a7c00099fa4: ;   {metadata(method data for {method} {0x00007a7b9740e118} 'throwParameterIsNullNPE' '(Ljava/lang/String;)V' in 'kotlin/jvm/internal/Intrinsics')}
  0x00007a7c00099fa4: 48be 60cc | 5c97 7b7a | 0000 4883 | 8648 0100 | 0001 488b | d048 8bb4 | 24d8 0000 | 0066 0f1f 
  0x00007a7c00099fc4: ;   {optimized virtual_call}
  0x00007a7c00099fc4: 4400 00e8 

  0x00007a7c00099fc8: ; ImmutableOopMap {[168]=Oop [176]=Oop [208]=Oop [216]=Oop }
                      ;*invokespecial <init> {reexecute=0 rethrow=0 return_oop=0}
                      ; - kotlin.jvm.internal.Intrinsics::throwParameterIsNullNPE@8 (line 140)
                      ; - kotlin.jvm.internal.Intrinsics::checkNotNullParameter@5 (line 131)
                      ; - kotlin.ResultKt::createFailure@3
                      ; - kotlin.coroutines.jvm.internal.BaseContinuationImpl::resumeWith@76 (line 38)
  0x00007a7c00099fc8: b4b3 4e07 

  0x00007a7c00099fcc: ;   {other}
  0x00007a7c00099fcc: 0f1f 8400 | bc10 0007 

  0x00007a7c00099fd4: ;   {metadata(method data for {method} {0x00007a7b9740e118} 'throwParameterIsNullNPE' '(Ljava/lang/String;)V' in 'kotlin/jvm/internal/Intrinsics')}
  0x00007a7c00099fd4: 48be 60cc | 5c97 7b7a | 0000 4883 | 8658 0100 

  0x00007a7c00099fe4: ;   {metadata(method data for {method} {0x00007a7b9740f190} 'sanitizeStackTrace' '(Ljava/lang/Throwable;)Ljava/lang/Throwable;' in 'kotlin/jvm/internal/Intrinsics')}
  0x00007a7c00099fe4: 0001 48be | 80da 5c97 | 7b7a 0000 | 8bbe f400 | 0000 83c7 | 0289 bef4 | 0000 0081 | e7fe ff1f 
  0x00007a7c0009a004: 0085 ff0f | 8447 0d00 

  0x00007a7c0009a00c: ;   {oop(a 'java/lang/Class'{0x000000070f9dfbb8} = 'kotlin/jvm/internal/Intrinsics')}
  0x00007a7c0009a00c: 0048 beb8 | fb9d 0f07 | 0000 0048 

  0x00007a7c0009a018: ;   {metadata(method data for {method} {0x00007a7b9740f190} 'sanitizeStackTrace' '(Ljava/lang/Throwable;)Ljava/lang/Throwable;' in 'kotlin/jvm/internal/Intrinsics')}
  0x00007a7c0009a018: 8bfe 48bb | 80da 5c97 | 7b7a 0000 | 4883 8338 | 0100 0001 

  0x00007a7c0009a02c: ;   {metadata(method data for {method} {0x00007a7b9b4698e8} 'getName' '()Ljava/lang/String;' in 'java/lang/Class')}
  0x00007a7c0009a02c: 48bf c0a9 | 0397 7b7a | 0000 8b9f | f400 0000 | 83c3 0289 | 9ff4 0000 | 0081 e3fe | ff1f 0085 
  0x00007a7c0009a04c: db0f 8422 | 0d00 008b | 762c 48c1 | e603 4885 

  0x00007a7c0009a05c: ;   {metadata(method data for {method} {0x00007a7b9b4698e8} 'getName' '()Ljava/lang/String;' in 'java/lang/Class')}
  0x00007a7c0009a05c: f648 bfc0 | a903 977b | 7a00 0048 | c7c3 3801 | 0000 7407 | 48c7 c348 | 0100 0048 | 8b04 1f48 
  0x00007a7c0009a07c: 8d40 0148 | 8904 1f0f | 8418 0000 

  0x00007a7c0009a088: ;   {metadata(method data for {method} {0x00007a7b9b4698e8} 'getName' '()Ljava/lang/String;' in 'java/lang/Class')}
  0x00007a7c0009a088: 0048 bfc0 | a903 977b | 7a00 00ff | 8758 0100 | 0048 8bfe | e936 0000 

  0x00007a7c0009a0a0: ;   {oop(a 'java/lang/Class'{0x000000070f9dfbb8} = 'kotlin/jvm/internal/Intrinsics')}
  0x00007a7c0009a0a0: 0048 beb8 | fb9d 0f07 | 0000 0048 

  0x00007a7c0009a0ac: ;   {metadata(method data for {method} {0x00007a7b9b4698e8} 'getName' '()Ljava/lang/String;' in 'java/lang/Class')}
  0x00007a7c0009a0ac: 8bfe 48bb | c0a9 0397 | 7b7a 0000 | 4883 8370 | 0100 0001 | 0f1f 8000 

  0x00007a7c0009a0c4: ;   {optimized virtual_call}
  0x00007a7c0009a0c4: 0000 00e8 

  0x00007a7c0009a0c8: ; ImmutableOopMap {[168]=Oop [176]=Oop [208]=Oop [216]=Oop }
                      ;*invokevirtual initClassName {reexecute=0 rethrow=0 return_oop=0}
                      ; - java.lang.Class::getName@14 (line 950)
                      ; - kotlin.jvm.internal.Intrinsics::sanitizeStackTrace@3 (line 253)
                      ; - kotlin.jvm.internal.Intrinsics::throwParameterIsNullNPE@11 (line 140)
                      ; - kotlin.jvm.internal.Intrinsics::checkNotNullParameter@5 (line 131)
                      ; - kotlin.ResultKt::createFailure@3
                      ; - kotlin.coroutines.jvm.internal.BaseContinuationImpl::resumeWith@76 (line 38)
  0x00007a7c0009a0c8: b4b2 4e07 

  0x00007a7c0009a0cc: ;   {other}
  0x00007a7c0009a0cc: 0f1f 8400 | bc11 0008 | 488b f848 | 8b84 24d8 | 0000 00e9 | 4007 0000 | 4889 bc24 | a800 0000 
  0x00007a7c0009a0ec: 4889 9424 | e800 0000 

  0x00007a7c0009a0f4: ;   {metadata(method data for {method} {0x00007a7b9740af50} 'checkNotNull' '(Ljava/lang/Object;)V' in 'kotlin/jvm/internal/Intrinsics')}
  0x00007a7c0009a0f4: 48be a84e | a997 7b7a | 0000 4883 | 8658 0100 

  0x00007a7c0009a104: ;   {metadata(method data for {method} {0x00007a7b9740b238} 'throwJavaNpe' '()V' in 'kotlin/jvm/internal/Intrinsics')}
  0x00007a7c0009a104: 0001 48be | 68a4 a997 | 7b7a 0000 | 8bbe f400 | 0000 83c7 | 0289 bef4 | 0000 0081 | e7fe ff1f 
  0x00007a7c0009a124: 0085 ff0f | 846e 0c00 | 0066 6690 

  0x00007a7c0009a130: ;   {no_reloc}
  0x00007a7c0009a130: e996 0c00 | 0000 0000 | 0000 498b | 87b8 0100 | 0048 8d78 | 3049 3bbf | c801 0000 | 0f87 830c 
  0x00007a7c0009a150: 0000 4989 | bfb8 0100 | 0048 c700 | 0100 0000 | 488b ca49 | ba00 0000 | 9b7b 7a00 | 0049 2bca 
  0x00007a7c0009a170: 8948 0848 | 33c9 8948 | 0c48 33c9 | 4889 4810 | 4889 4818 | 4889 4820 | 4889 4828 

  0x00007a7c0009a18c: ;   {metadata(method data for {method} {0x00007a7b9740b238} 'throwJavaNpe' '()V' in 'kotlin/jvm/internal/Intrinsics')}
  0x00007a7c0009a18c: 488b f048 | bf68 a4a9 | 977b 7a00 | 0048 8387 | 3801 0000 | 0148 8bf0 | 4889 8424 | e000 0000 
  0x00007a7c0009a1ac: ;   {optimized virtual_call}
  0x00007a7c0009a1ac: 6666 90e8 

  0x00007a7c0009a1b0: ; ImmutableOopMap {[168]=Oop [176]=Oop [224]=Oop [232]=Oop }
                      ;*invokespecial <init> {reexecute=0 rethrow=0 return_oop=0}
                      ; - kotlin.jvm.internal.Intrinsics::throwJavaNpe@4 (line 45)
                      ; - kotlin.jvm.internal.Intrinsics::checkNotNull@4 (line 25)
                      ; - kotlin.coroutines.jvm.internal.BaseContinuationImpl::resumeWith@31 (line 31)
  0x00007a7c0009a1b0: ccb1 4e07 

  0x00007a7c0009a1b4: ;   {other}
  0x00007a7c0009a1b4: 0f1f 8400 | a412 0009 

  0x00007a7c0009a1bc: ;   {metadata(method data for {method} {0x00007a7b9740b238} 'throwJavaNpe' '()V' in 'kotlin/jvm/internal/Intrinsics')}
  0x00007a7c0009a1bc: 48be 68a4 | a997 7b7a | 0000 4883 | 8648 0100 

  0x00007a7c0009a1cc: ;   {metadata(method data for {method} {0x00007a7b9740f190} 'sanitizeStackTrace' '(Ljava/lang/Throwable;)Ljava/lang/Throwable;' in 'kotlin/jvm/internal/Intrinsics')}
  0x00007a7c0009a1cc: 0001 48be | 80da 5c97 | 7b7a 0000 | 8bbe f400 | 0000 83c7 | 0289 bef4 | 0000 0081 | e7fe ff1f 
  0x00007a7c0009a1ec: 0085 ff0f | 84ed 0b00 

  0x00007a7c0009a1f4: ;   {oop(a 'java/lang/Class'{0x000000070f9dfbb8} = 'kotlin/jvm/internal/Intrinsics')}
  0x00007a7c0009a1f4: 0048 beb8 | fb9d 0f07 | 0000 0048 

  0x00007a7c0009a200: ;   {metadata(method data for {method} {0x00007a7b9740f190} 'sanitizeStackTrace' '(Ljava/lang/Throwable;)Ljava/lang/Throwable;' in 'kotlin/jvm/internal/Intrinsics')}
  0x00007a7c0009a200: 8bfe 48bb | 80da 5c97 | 7b7a 0000 | 4883 8338 | 0100 0001 

  0x00007a7c0009a214: ;   {metadata(method data for {method} {0x00007a7b9b4698e8} 'getName' '()Ljava/lang/String;' in 'java/lang/Class')}
  0x00007a7c0009a214: 48bf c0a9 | 0397 7b7a | 0000 8b9f | f400 0000 | 83c3 0289 | 9ff4 0000 | 0081 e3fe | ff1f 0085 
  0x00007a7c0009a234: db0f 84c8 | 0b00 008b | 762c 48c1 | e603 4885 

  0x00007a7c0009a244: ;   {metadata(method data for {method} {0x00007a7b9b4698e8} 'getName' '()Ljava/lang/String;' in 'java/lang/Class')}
  0x00007a7c0009a244: f648 bfc0 | a903 977b | 7a00 0048 | c7c3 3801 | 0000 7407 | 48c7 c348 | 0100 0048 | 8b04 1f48 
  0x00007a7c0009a264: 8d40 0148 | 8904 1f0f | 8418 0000 

  0x00007a7c0009a270: ;   {metadata(method data for {method} {0x00007a7b9b4698e8} 'getName' '()Ljava/lang/String;' in 'java/lang/Class')}
  0x00007a7c0009a270: 0048 bfc0 | a903 977b | 7a00 00ff | 8758 0100 | 0048 8bfe | e936 0000 

  0x00007a7c0009a288: ;   {oop(a 'java/lang/Class'{0x000000070f9dfbb8} = 'kotlin/jvm/internal/Intrinsics')}
  0x00007a7c0009a288: 0048 beb8 | fb9d 0f07 | 0000 0048 

  0x00007a7c0009a294: ;   {metadata(method data for {method} {0x00007a7b9b4698e8} 'getName' '()Ljava/lang/String;' in 'java/lang/Class')}
  0x00007a7c0009a294: 8bfe 48bb | c0a9 0397 | 7b7a 0000 | 4883 8370 | 0100 0001 | 0f1f 8000 

  0x00007a7c0009a2ac: ;   {optimized virtual_call}
  0x00007a7c0009a2ac: 0000 00e8 

  0x00007a7c0009a2b0: ; ImmutableOopMap {[168]=Oop [176]=Oop [224]=Oop [232]=Oop }
                      ;*invokevirtual initClassName {reexecute=0 rethrow=0 return_oop=0}
                      ; - java.lang.Class::getName@14 (line 950)
                      ; - kotlin.jvm.internal.Intrinsics::sanitizeStackTrace@3 (line 253)
                      ; - kotlin.jvm.internal.Intrinsics::throwJavaNpe@7 (line 45)
                      ; - kotlin.jvm.internal.Intrinsics::checkNotNull@4 (line 25)
                      ; - kotlin.coroutines.jvm.internal.BaseContinuationImpl::resumeWith@31 (line 31)
  0x00007a7c0009a2b0: ccb0 4e07 

  0x00007a7c0009a2b4: ;   {other}
  0x00007a7c0009a2b4: 0f1f 8400 | a413 000a | 488b f848 | 8b84 24e0 | 0000 00e9 | 3804 0000 | 4889 9424 | e800 0000 
  0x00007a7c0009a2d4: 4889 b424 | f800 0000 

  0x00007a7c0009a2dc: ;   {metadata(method data for {method} {0x00007a7b9740bf98} 'checkNotNullParameter' '(Ljava/lang/Object;Ljava/lang/String;)V' in 'kotlin/jvm/internal/Intrinsics')}
  0x00007a7c0009a2dc: 48ba 005e | 5c97 7b7a | 0000 4883 | 8258 0100 

  0x00007a7c0009a2ec: ;   {metadata(method data for {method} {0x00007a7b9740e118} 'throwParameterIsNullNPE' '(Ljava/lang/String;)V' in 'kotlin/jvm/internal/Intrinsics')}
  0x00007a7c0009a2ec: 0001 48ba | 60cc 5c97 | 7b7a 0000 | 8bba f400 | 0000 83c7 | 0289 baf4 | 0000 0081 | e7fe ff1f 
  0x00007a7c0009a30c: 0085 ff0f | 8414 0b00 | 0066 6690 

  0x00007a7c0009a318: ;   {no_reloc}
  0x00007a7c0009a318: e93c 0b00 | 0000 0000 | 0000 498b | 87b8 0100 | 0048 8d78 | 3049 3bbf | c801 0000 | 0f87 290b 
  0x00007a7c0009a338: 0000 4989 | bfb8 0100 | 0048 c700 | 0100 0000 | 488b ca49 | ba00 0000 | 9b7b 7a00 | 0049 2bca 
  0x00007a7c0009a358: 8948 0848 | 33c9 8948 | 0c48 33c9 | 4889 4810 | 4889 4818 | 4889 4820 | 4889 4828 

  0x00007a7c0009a374: ;   {metadata(method data for {method} {0x00007a7b9740e118} 'throwParameterIsNullNPE' '(Ljava/lang/String;)V' in 'kotlin/jvm/internal/Intrinsics')}
  0x00007a7c0009a374: 48be 60cc | 5c97 7b7a | 0000 4883 | 8638 0100 

  0x00007a7c0009a384: ;   {oop("frame"{0x000000070fc20d50})}
  0x00007a7c0009a384: 0001 48be | 500d c20f | 0700 0000 | 4889 8424 | f000 0000 | 0f1f 8000 

  0x00007a7c0009a39c: ;   {static_call}
  0x00007a7c0009a39c: 0000 00e8 

  0x00007a7c0009a3a0: ; ImmutableOopMap {[232]=Oop [240]=Oop [248]=Oop }
                      ;*invokestatic createParameterIsNullExceptionMessage {reexecute=0 rethrow=0 return_oop=0}
                      ; - kotlin.jvm.internal.Intrinsics::throwParameterIsNullNPE@5 (line 140)
                      ; - kotlin.jvm.internal.Intrinsics::checkNotNullParameter@5 (line 131)
                      ; - kotlin.coroutines.jvm.internal.DebugProbesKt::probeCoroutineResumed@3
                      ; - kotlin.coroutines.jvm.internal.BaseContinuationImpl::resumeWith@13 (line 29)
  0x00007a7c0009a3a0: dcb5 4e07 

  0x00007a7c0009a3a4: ;   {other}
  0x00007a7c0009a3a4: 0f1f 8400 | 9414 000b | 488b 9424 | f000 0000 

  0x00007a7c0009a3b4: ;   {metadata(method data for {method} {0x00007a7b9740e118} 'throwParameterIsNullNPE' '(Ljava/lang/String;)V' in 'kotlin/jvm/internal/Intrinsics')}
  0x00007a7c0009a3b4: 48be 60cc | 5c97 7b7a | 0000 4883 | 8648 0100 | 0001 488b | d048 8bb4 | 24f0 0000 | 0066 0f1f 
  0x00007a7c0009a3d4: ;   {optimized virtual_call}
  0x00007a7c0009a3d4: 4400 00e8 

  0x00007a7c0009a3d8: ; ImmutableOopMap {[232]=Oop [240]=Oop [248]=Oop }
                      ;*invokespecial <init> {reexecute=0 rethrow=0 return_oop=0}
                      ; - kotlin.jvm.internal.Intrinsics::throwParameterIsNullNPE@8 (line 140)
                      ; - kotlin.jvm.internal.Intrinsics::checkNotNullParameter@5 (line 131)
                      ; - kotlin.coroutines.jvm.internal.DebugProbesKt::probeCoroutineResumed@3
                      ; - kotlin.coroutines.jvm.internal.BaseContinuationImpl::resumeWith@13 (line 29)
  0x00007a7c0009a3d8: a4af 4e07 

  0x00007a7c0009a3dc: ;   {other}
  0x00007a7c0009a3dc: 0f1f 8400 | cc14 000c 

  0x00007a7c0009a3e4: ;   {metadata(method data for {method} {0x00007a7b9740e118} 'throwParameterIsNullNPE' '(Ljava/lang/String;)V' in 'kotlin/jvm/internal/Intrinsics')}
  0x00007a7c0009a3e4: 48be 60cc | 5c97 7b7a | 0000 4883 | 8658 0100 

  0x00007a7c0009a3f4: ;   {metadata(method data for {method} {0x00007a7b9740f190} 'sanitizeStackTrace' '(Ljava/lang/Throwable;)Ljava/lang/Throwable;' in 'kotlin/jvm/internal/Intrinsics')}
  0x00007a7c0009a3f4: 0001 48be | 80da 5c97 | 7b7a 0000 | 8bbe f400 | 0000 83c7 | 0289 bef4 | 0000 0081 | e7fe ff1f 
  0x00007a7c0009a414: 0085 ff0f | 8453 0a00 

  0x00007a7c0009a41c: ;   {oop(a 'java/lang/Class'{0x000000070f9dfbb8} = 'kotlin/jvm/internal/Intrinsics')}
  0x00007a7c0009a41c: 0048 beb8 | fb9d 0f07 | 0000 0048 

  0x00007a7c0009a428: ;   {metadata(method data for {method} {0x00007a7b9740f190} 'sanitizeStackTrace' '(Ljava/lang/Throwable;)Ljava/lang/Throwable;' in 'kotlin/jvm/internal/Intrinsics')}
  0x00007a7c0009a428: 8bfe 48bb | 80da 5c97 | 7b7a 0000 | 4883 8338 | 0100 0001 

  0x00007a7c0009a43c: ;   {metadata(method data for {method} {0x00007a7b9b4698e8} 'getName' '()Ljava/lang/String;' in 'java/lang/Class')}
  0x00007a7c0009a43c: 48bf c0a9 | 0397 7b7a | 0000 8b9f | f400 0000 | 83c3 0289 | 9ff4 0000 | 0081 e3fe | ff1f 0085 
  0x00007a7c0009a45c: db0f 842e | 0a00 008b | 762c 48c1 | e603 4885 

  0x00007a7c0009a46c: ;   {metadata(method data for {method} {0x00007a7b9b4698e8} 'getName' '()Ljava/lang/String;' in 'java/lang/Class')}
  0x00007a7c0009a46c: f648 bfc0 | a903 977b | 7a00 0048 | c7c3 3801 | 0000 7407 | 48c7 c348 | 0100 0048 | 8b04 1f48 
  0x00007a7c0009a48c: 8d40 0148 | 8904 1f0f | 8418 0000 

  0x00007a7c0009a498: ;   {metadata(method data for {method} {0x00007a7b9b4698e8} 'getName' '()Ljava/lang/String;' in 'java/lang/Class')}
  0x00007a7c0009a498: 0048 bfc0 | a903 977b | 7a00 00ff | 8758 0100 | 0048 8bfe | e936 0000 

  0x00007a7c0009a4b0: ;   {oop(a 'java/lang/Class'{0x000000070f9dfbb8} = 'kotlin/jvm/internal/Intrinsics')}
  0x00007a7c0009a4b0: 0048 beb8 | fb9d 0f07 | 0000 0048 

  0x00007a7c0009a4bc: ;   {metadata(method data for {method} {0x00007a7b9b4698e8} 'getName' '()Ljava/lang/String;' in 'java/lang/Class')}
  0x00007a7c0009a4bc: 8bfe 48bb | c0a9 0397 | 7b7a 0000 | 4883 8370 | 0100 0001 | 0f1f 8000 

  0x00007a7c0009a4d4: ;   {optimized virtual_call}
  0x00007a7c0009a4d4: 0000 00e8 

  0x00007a7c0009a4d8: ; ImmutableOopMap {[232]=Oop [240]=Oop [248]=Oop }
                      ;*invokevirtual initClassName {reexecute=0 rethrow=0 return_oop=0}
                      ; - java.lang.Class::getName@14 (line 950)
                      ; - kotlin.jvm.internal.Intrinsics::sanitizeStackTrace@3 (line 253)
                      ; - kotlin.jvm.internal.Intrinsics::throwParameterIsNullNPE@11 (line 140)
                      ; - kotlin.jvm.internal.Intrinsics::checkNotNullParameter@5 (line 131)
                      ; - kotlin.coroutines.jvm.internal.DebugProbesKt::probeCoroutineResumed@3
                      ; - kotlin.coroutines.jvm.internal.BaseContinuationImpl::resumeWith@13 (line 29)
  0x00007a7c0009a4d8: a4ae 4e07 

  0x00007a7c0009a4dc: ;   {other}
  0x00007a7c0009a4dc: 0f1f 8400 | cc15 000d | 488b f848 | 8b84 24f0 | 0000 00e9 | ec00 0000 | 488b 8424 | b800 0000 
  0x00007a7c0009a4fc: ; implicit exception: dispatches to 0x00007a7c0009aeb7
  0x00007a7c0009a4fc: 483b 0348 

  0x00007a7c0009a500: ;   {metadata(method data for {method} {0x00007a7b977d2160} 'resumeWith' '(Ljava/lang/Object;)V' in 'kotlin/coroutines/jvm/internal/BaseContinuationImpl')}
  0x00007a7c0009a500: 8bd3 48be | 8038 4899 | 7b7a 0000 | 8b52 0849 | ba00 0000 | 9b7b 7a00 | 0049 03d2 | 483b 9630 
  0x00007a7c0009a520: 0300 0075 | 0d48 8386 | 3803 0000 | 01e9 6000 | 0000 483b | 9640 0300 | 0075 0d48 | 8386 4803 
  0x00007a7c0009a540: 0000 01e9 | 4a00 0000 | 4883 be30 | 0300 0000 | 7517 4889 | 9630 0300 | 0048 c786 | 3803 0000 
  0x00007a7c0009a560: 0100 0000 | e929 0000 | 0048 83be | 4003 0000 | 0075 1748 | 8996 4003 | 0000 48c7 | 8648 0300 
  0x00007a7c0009a580: 0001 0000 | 00e9 0800 | 0000 4883 | 8620 0300 | 0001 488b | d048 8bf3 | 0f1f 4400 | 0048 b8b0 
  0x00007a7c0009a5a0: 3200 807a 

  0x00007a7c0009a5a4: ;   {virtual_call}
  0x00007a7c0009a5a4: 7a00 00e8 

  0x00007a7c0009a5a8: ; ImmutableOopMap {}
                      ;*invokeinterface resumeWith {reexecute=0 rethrow=0 return_oop=0}
                      ; - kotlin.coroutines.jvm.internal.BaseContinuationImpl::resumeWith@114 (line 47)
  0x00007a7c0009a5a8: 6472 5c07 

  0x00007a7c0009a5ac: ;   {other}
  0x00007a7c0009a5ac: 0f1f 8400 | 9c16 000e | 4881 c410 | 0100 005d 

  0x00007a7c0009a5bc: ;   {poll_return}
  0x00007a7c0009a5bc: 493b a750 | 0400 000f | 87f3 0800 | 00c3 4881 | c410 0100 

  0x00007a7c0009a5d0: ;   {poll_return}
  0x00007a7c0009a5d0: 005d 493b | a750 0400 | 000f 87f3 | 0800 00c3 

  0x00007a7c0009a5e0: ;   {metadata(method data for {method} {0x00007a7b9740f190} 'sanitizeStackTrace' '(Ljava/lang/Throwable;)Ljava/lang/Throwable;' in 'kotlin/jvm/internal/Intrinsics')}
  0x00007a7c0009a5e0: 48be 80da | 5c97 7b7a | 0000 4883 | 8670 0100 | 0001 488b | f048 8bd7 | 0f1f 8000 

  0x00007a7c0009a5fc: ;   {static_call}
  0x00007a7c0009a5fc: 0000 00e8 

  0x00007a7c0009a600: ; ImmutableOopMap {[232]=Oop [248]=Oop }
                      ;*invokestatic sanitizeStackTrace {reexecute=0 rethrow=0 return_oop=0}
                      ; - kotlin.jvm.internal.Intrinsics::sanitizeStackTrace@6 (line 253)
                      ; - kotlin.jvm.internal.Intrinsics::throwParameterIsNullNPE@11 (line 140)
                      ; - kotlin.jvm.internal.Intrinsics::checkNotNullParameter@5 (line 131)
                      ; - kotlin.coroutines.jvm.internal.DebugProbesKt::probeCoroutineResumed@3
                      ; - kotlin.coroutines.jvm.internal.BaseContinuationImpl::resumeWith@13 (line 29)
  0x00007a7c0009a600: 7cb3 4e07 

  0x00007a7c0009a604: ;   {other}
  0x00007a7c0009a604: 0f1f 8400 | f416 000f | 488b b424 | f800 0000 | 4885 c075 

  0x00007a7c0009a618: ;   {metadata(method data for {method} {0x00007a7b9740e118} 'throwParameterIsNullNPE' '(Ljava/lang/String;)V' in 'kotlin/jvm/internal/Intrinsics')}
  0x00007a7c0009a618: 1648 bf60 | cc5c 977b | 7a00 0080 | 8f61 0100 | 0001 e9cd 

  0x00007a7c0009a62c: ;   {metadata('java/lang/NullPointerException')}
  0x00007a7c0009a62c: 0000 0048 | bb80 c106 | 9b7b 7a00 | 008b 7808 | 49ba 0000 | 009b 7b7a | 0000 4903 | fa48 3b5f 
  0x00007a7c0009a64c: 500f 858d 

  0x00007a7c0009a650: ;   {metadata(method data for {method} {0x00007a7b9740e118} 'throwParameterIsNullNPE' '(Ljava/lang/String;)V' in 'kotlin/jvm/internal/Intrinsics')}
  0x00007a7c0009a650: 0000 0048 | bf60 cc5c | 977b 7a00 | 008b 5808 | 49ba 0000 | 009b 7b7a | 0000 4903 | da48 3b9f 
  0x00007a7c0009a670: 7801 0000 | 750d 4883 | 8780 0100 | 0001 e979 | 0000 0048 | 3b9f 8801 | 0000 750d | 4883 8790 
  0x00007a7c0009a690: 0100 0001 | e963 0000 | 0048 83bf | 7801 0000 | 0075 1748 | 899f 7801 | 0000 48c7 | 8780 0100 
  0x00007a7c0009a6b0: 0001 0000 | 00e9 4200 | 0000 4883 | bf88 0100 | 0000 7517 | 4889 9f88 | 0100 0048 | c787 9001 
  0x00007a7c0009a6d0: 0000 0100 | 0000 e921 | 0000 00e9 | 1c00 0000 

  0x00007a7c0009a6e0: ;   {metadata(method data for {method} {0x00007a7b9740e118} 'throwParameterIsNullNPE' '(Ljava/lang/String;)V' in 'kotlin/jvm/internal/Intrinsics')}
  0x00007a7c0009a6e0: 48bf 60cc | 5c97 7b7a | 0000 4883 | af68 0100 | 0001 e9f1 | 0700 00e9 | 0000 0000 

  0x00007a7c0009a6fc: ; implicit exception: dispatches to 0x00007a7c0009aef1
  0x00007a7c0009a6fc: 483b 00e9 | 3908 0000 

  0x00007a7c0009a704: ;   {metadata(method data for {method} {0x00007a7b9740f190} 'sanitizeStackTrace' '(Ljava/lang/Throwable;)Ljava/lang/Throwable;' in 'kotlin/jvm/internal/Intrinsics')}
  0x00007a7c0009a704: 48be 80da | 5c97 7b7a | 0000 4883 | 8670 0100 | 0001 488b | f048 8bd7 

  0x00007a7c0009a71c: ;   {static_call}
  0x00007a7c0009a71c: 6666 90e8 

  0x00007a7c0009a720: ; ImmutableOopMap {[168]=Oop [176]=Oop [232]=Oop }
                      ;*invokestatic sanitizeStackTrace {reexecute=0 rethrow=0 return_oop=0}
                      ; - kotlin.jvm.internal.Intrinsics::sanitizeStackTrace@6 (line 253)
                      ; - kotlin.jvm.internal.Intrinsics::throwJavaNpe@7 (line 45)
                      ; - kotlin.jvm.internal.Intrinsics::checkNotNull@4 (line 25)
                      ; - kotlin.coroutines.jvm.internal.BaseContinuationImpl::resumeWith@31 (line 31)
  0x00007a7c0009a720: 5cb2 4e07 

  0x00007a7c0009a724: ;   {other}
  0x00007a7c0009a724: 0f1f 8400 | 1418 0010 | 488b 9424 | e800 0000 | 4885 c075 

  0x00007a7c0009a738: ;   {metadata(method data for {method} {0x00007a7b9740b238} 'throwJavaNpe' '()V' in 'kotlin/jvm/internal/Intrinsics')}
  0x00007a7c0009a738: 1648 bf68 | a4a9 977b | 7a00 0080 | 8f51 0100 | 0001 e9cd 

  0x00007a7c0009a74c: ;   {metadata('java/lang/NullPointerException')}
  0x00007a7c0009a74c: 0000 0048 | bb80 c106 | 9b7b 7a00 | 008b 7808 | 49ba 0000 | 009b 7b7a | 0000 4903 | fa48 3b5f 
  0x00007a7c0009a76c: 500f 858d 

  0x00007a7c0009a770: ;   {metadata(method data for {method} {0x00007a7b9740b238} 'throwJavaNpe' '()V' in 'kotlin/jvm/internal/Intrinsics')}
  0x00007a7c0009a770: 0000 0048 | bf68 a4a9 | 977b 7a00 | 008b 5808 | 49ba 0000 | 009b 7b7a | 0000 4903 | da48 3b9f 
  0x00007a7c0009a790: 6801 0000 | 750d 4883 | 8770 0100 | 0001 e979 | 0000 0048 | 3b9f 7801 | 0000 750d | 4883 8780 
  0x00007a7c0009a7b0: 0100 0001 | e963 0000 | 0048 83bf | 6801 0000 | 0075 1748 | 899f 6801 | 0000 48c7 | 8770 0100 
  0x00007a7c0009a7d0: 0001 0000 | 00e9 4200 | 0000 4883 | bf78 0100 | 0000 7517 | 4889 9f78 | 0100 0048 | c787 8001 
  0x00007a7c0009a7f0: 0000 0100 | 0000 e921 | 0000 00e9 | 1c00 0000 

  0x00007a7c0009a800: ;   {metadata(method data for {method} {0x00007a7b9740b238} 'throwJavaNpe' '()V' in 'kotlin/jvm/internal/Intrinsics')}
  0x00007a7c0009a800: 48bf 68a4 | a997 7b7a | 0000 4883 | af58 0100 | 0001 e9df | 0600 00e9 | 0000 0000 

  0x00007a7c0009a81c: ; implicit exception: dispatches to 0x00007a7c0009aeff
  0x00007a7c0009a81c: 483b 00e9 | 1907 0000 

  0x00007a7c0009a824: ;   {metadata(method data for {method} {0x00007a7b9740f190} 'sanitizeStackTrace' '(Ljava/lang/Throwable;)Ljava/lang/Throwable;' in 'kotlin/jvm/internal/Intrinsics')}
  0x00007a7c0009a824: 48be 80da | 5c97 7b7a | 0000 4883 | 8670 0100 | 0001 488b | f048 8bd7 

  0x00007a7c0009a83c: ;   {static_call}
  0x00007a7c0009a83c: 6666 90e8 

  0x00007a7c0009a840: ; ImmutableOopMap {[168]=Oop [176]=Oop [208]=Oop }
                      ;*invokestatic sanitizeStackTrace {reexecute=0 rethrow=0 return_oop=0}
                      ; - kotlin.jvm.internal.Intrinsics::sanitizeStackTrace@6 (line 253)
                      ; - kotlin.jvm.internal.Intrinsics::throwParameterIsNullNPE@11 (line 140)
                      ; - kotlin.jvm.internal.Intrinsics::checkNotNullParameter@5 (line 131)
                      ; - kotlin.ResultKt::createFailure@3
                      ; - kotlin.coroutines.jvm.internal.BaseContinuationImpl::resumeWith@76 (line 38)
  0x00007a7c0009a840: 3cb1 4e07 

  0x00007a7c0009a844: ;   {other}
  0x00007a7c0009a844: 0f1f 8400 | 3419 0011 | 4885 c075 

  0x00007a7c0009a850: ;   {metadata(method data for {method} {0x00007a7b9740e118} 'throwParameterIsNullNPE' '(Ljava/lang/String;)V' in 'kotlin/jvm/internal/Intrinsics')}
  0x00007a7c0009a850: 1648 ba60 | cc5c 977b | 7a00 0080 | 8a61 0100 | 0001 e9cd 

  0x00007a7c0009a864: ;   {metadata('java/lang/NullPointerException')}
  0x00007a7c0009a864: 0000 0048 | bf80 c106 | 9b7b 7a00 | 008b 5008 | 49ba 0000 | 009b 7b7a | 0000 4903 | d248 3b7a 
  0x00007a7c0009a884: 500f 858d 

  0x00007a7c0009a888: ;   {metadata(method data for {method} {0x00007a7b9740e118} 'throwParameterIsNullNPE' '(Ljava/lang/String;)V' in 'kotlin/jvm/internal/Intrinsics')}
  0x00007a7c0009a888: 0000 0048 | ba60 cc5c | 977b 7a00 | 008b 7808 | 49ba 0000 | 009b 7b7a | 0000 4903 | fa48 3bba 
  0x00007a7c0009a8a8: 7801 0000 | 750d 4883 | 8280 0100 | 0001 e979 | 0000 0048 | 3bba 8801 | 0000 750d | 4883 8290 
  0x00007a7c0009a8c8: 0100 0001 | e963 0000 | 0048 83ba | 7801 0000 | 0075 1748 | 89ba 7801 | 0000 48c7 | 8280 0100 
  0x00007a7c0009a8e8: 0001 0000 | 00e9 4200 | 0000 4883 | ba88 0100 | 0000 7517 | 4889 ba88 | 0100 0048 | c782 9001 
  0x00007a7c0009a908: 0000 0100 | 0000 e921 | 0000 00e9 | 1c00 0000 

  0x00007a7c0009a918: ;   {metadata(method data for {method} {0x00007a7b9740e118} 'throwParameterIsNullNPE' '(Ljava/lang/String;)V' in 'kotlin/jvm/internal/Intrinsics')}
  0x00007a7c0009a918: 48ba 60cc | 5c97 7b7a | 0000 4883 | aa68 0100 | 0001 e9d5 | 0500 00e9 | 0000 0000 

  0x00007a7c0009a934: ; implicit exception: dispatches to 0x00007a7c0009af0d
  0x00007a7c0009a934: 483b 00e9 | 0106 0000 

  0x00007a7c0009a93c: ;   {metadata(method data for {method} {0x00007a7b9740f190} 'sanitizeStackTrace' '(Ljava/lang/Throwable;)Ljava/lang/Throwable;' in 'kotlin/jvm/internal/Intrinsics')}
  0x00007a7c0009a93c: 48be 80da | 5c97 7b7a | 0000 4883 | 8670 0100 | 0001 488b | f048 8bd7 

  0x00007a7c0009a954: ;   {static_call}
  0x00007a7c0009a954: 6666 90e8 

  0x00007a7c0009a958: ; ImmutableOopMap {[168]=Oop [176]=Oop [200]=Oop [208]=Oop }
                      ;*invokestatic sanitizeStackTrace {reexecute=0 rethrow=0 return_oop=0}
                      ; - kotlin.jvm.internal.Intrinsics::sanitizeStackTrace@6 (line 253)
                      ; - kotlin.jvm.internal.Intrinsics::throwParameterIsNullNPE@11 (line 140)
                      ; - kotlin.jvm.internal.Intrinsics::checkNotNullParameter@5 (line 131)
                      ; - kotlin.Result$Failure::<init>@3
                      ; - kotlin.ResultKt::createFailure@11 (line 122)
                      ; - kotlin.coroutines.jvm.internal.BaseContinuationImpl::resumeWith@76 (line 38)
  0x00007a7c0009a958: 24b0 4e07 

  0x00007a7c0009a95c: ;   {other}
  0x00007a7c0009a95c: 0f1f 8400 | 4c1a 0012 | 488b bc24 | c800 0000 | 488b b424 | d000 0000 | 488b 9c24 | b000 0000 
  0x00007a7c0009a97c: 488b 9424 | a800 0000 | 4885 c075 

  0x00007a7c0009a988: ;   {metadata(method data for {method} {0x00007a7b9740e118} 'throwParameterIsNullNPE' '(Ljava/lang/String;)V' in 'kotlin/jvm/internal/Intrinsics')}
  0x00007a7c0009a988: 1749 b860 | cc5c 977b | 7a00 0041 | 8088 6101 | 0000 01e9 | cf00 0000 

  0x00007a7c0009a9a0: ;   {metadata('java/lang/NullPointerException')}
  0x00007a7c0009a9a0: 49b9 80c1 | 069b 7b7a | 0000 448b | 4008 49ba | 0000 009b | 7b7a 0000 | 4d03 c24d | 3b48 500f 
  0x00007a7c0009a9c0: 858e 0000 

  0x00007a7c0009a9c4: ;   {metadata(method data for {method} {0x00007a7b9740e118} 'throwParameterIsNullNPE' '(Ljava/lang/String;)V' in 'kotlin/jvm/internal/Intrinsics')}
  0x00007a7c0009a9c4: 0049 b860 | cc5c 977b | 7a00 0044 | 8b48 0849 | ba00 0000 | 9b7b 7a00 | 004d 03ca | 4d3b 8878 
  0x00007a7c0009a9e4: 0100 0075 | 0d49 8380 | 8001 0000 | 01e9 7900 | 0000 4d3b | 8888 0100 | 0075 0d49 | 8380 9001 
  0x00007a7c0009aa04: 0000 01e9 | 6300 0000 | 4983 b878 | 0100 0000 | 7517 4d89 | 8878 0100 | 0049 c780 | 8001 0000 
  0x00007a7c0009aa24: 0100 0000 | e942 0000 | 0049 83b8 | 8801 0000 | 0075 174d | 8988 8801 | 0000 49c7 | 8090 0100 
  0x00007a7c0009aa44: 0001 0000 | 00e9 2100 | 0000 e91c 

  0x00007a7c0009aa50: ;   {metadata(method data for {method} {0x00007a7b9740e118} 'throwParameterIsNullNPE' '(Ljava/lang/String;)V' in 'kotlin/jvm/internal/Intrinsics')}
  0x00007a7c0009aa50: 0000 0049 | b860 cc5c | 977b 7a00 | 0049 83a8 | 6801 0000 | 01e9 a804 | 0000 e900 | 0000 0048 
  0x00007a7c0009aa70: 3b00 e9c6 

  0x00007a7c0009aa74: ;   {metadata({method} {0x00007a7b977d2160} 'resumeWith' '(Ljava/lang/Object;)V' in 'kotlin/coroutines/jvm/internal/BaseContinuationImpl')}
  0x00007a7c0009aa74: 0400 0049 | ba60 217d | 977b 7a00 | 004c 8954 | 2408 48c7 | 0424 ffff 

  0x00007a7c0009aa8c: ;   {runtime_call counter_overflow Runtime1 stub}
  0x00007a7c0009aa8c: ffff e86d 

  0x00007a7c0009aa90: ; ImmutableOopMap {rsi=Oop rdx=Oop }
                      ;*synchronization entry
                      ; - kotlin.coroutines.jvm.internal.BaseContinuationImpl::resumeWith@-1 (line 24)
  0x00007a7c0009aa90: 215b 07e9 | eee8 ffff | 4889 3424 

  0x00007a7c0009aa9c: ;   {runtime_call throw_class_cast_exception Runtime1 stub}
  0x00007a7c0009aa9c: e85f f65a 

  0x00007a7c0009aaa0: ; ImmutableOopMap {rdx=Oop rsi=Oop }
                      ;*checkcast {reexecute=0 rethrow=0 return_oop=0}
                      ; - kotlin.coroutines.jvm.internal.BaseContinuationImpl::resumeWith@10 (line 29)
                      ;   {metadata({method} {0x00007a7b9782f6a8} 'probeCoroutineResumed' '(Lkotlin/coroutines/Continuation;)V' in 'kotlin/coroutines/jvm/internal/DebugProbesKt')}
  0x00007a7c0009aaa0: 0749 baa8 | f682 977b | 7a00 004c | 8954 2408 | 48c7 0424 | ffff ffff 

  0x00007a7c0009aab8: ;   {runtime_call counter_overflow Runtime1 stub}
  0x00007a7c0009aab8: e843 215b 

  0x00007a7c0009aabc: ; ImmutableOopMap {rdx=Oop rsi=Oop rdi=Oop }
                      ;*synchronization entry
                      ; - kotlin.coroutines.jvm.internal.DebugProbesKt::probeCoroutineResumed@-1
                      ; - kotlin.coroutines.jvm.internal.BaseContinuationImpl::resumeWith@13 (line 29)
  0x00007a7c0009aabc: 07e9 03ea 

  0x00007a7c0009aac0: ;   {metadata({method} {0x00007a7b9740bf98} 'checkNotNullParameter' '(Ljava/lang/Object;Ljava/lang/String;)V' in 'kotlin/jvm/internal/Intrinsics')}
  0x00007a7c0009aac0: ffff 49ba | 98bf 4097 | 7b7a 0000 | 4c89 5424 | 0848 c704 | 24ff ffff 

  0x00007a7c0009aad8: ;   {runtime_call counter_overflow Runtime1 stub}
  0x00007a7c0009aad8: ffe8 2221 

  0x00007a7c0009aadc: ; ImmutableOopMap {rdx=Oop rsi=Oop rdi=Oop }
                      ;*synchronization entry
                      ; - kotlin.jvm.internal.Intrinsics::checkNotNullParameter@-1 (line 130)
                      ; - kotlin.coroutines.jvm.internal.DebugProbesKt::probeCoroutineResumed@3
                      ; - kotlin.coroutines.jvm.internal.BaseContinuationImpl::resumeWith@13 (line 29)
  0x00007a7c0009aadc: 5b07 e91a | eaff ff48 

  0x00007a7c0009aae4: ;   {runtime_call throw_class_cast_exception Runtime1 stub}
  0x00007a7c0009aae4: 8934 24e8 

  0x00007a7c0009aae8: ; ImmutableOopMap {rdx=Oop }
                      ;*checkcast {reexecute=0 rethrow=0 return_oop=0}
                      ; - kotlin.coroutines.jvm.internal.BaseContinuationImpl::resumeWith@17 (line 30)
  0x00007a7c0009aae8: 14f6 5a07 

  0x00007a7c0009aaec: ;   {runtime_call throw_null_pointer_exception Runtime1 stub}
  0x00007a7c0009aaec: e88f c35a 

  0x00007a7c0009aaf0: ; ImmutableOopMap {rdx=Oop rdi=Oop }
                      ;*getfield completion {reexecute=1 rethrow=0 return_oop=0}
                      ; - (reexecute) kotlin.coroutines.jvm.internal.BaseContinuationImpl::resumeWith@27 (line 31)
                      ;   {metadata({method} {0x00007a7b9740af50} 'checkNotNull' '(Ljava/lang/Object;)V' in 'kotlin/jvm/internal/Intrinsics')}
  0x00007a7c0009aaf0: 0749 ba50 | af40 977b | 7a00 004c | 8954 2408 | 48c7 0424 | ffff ffff 

  0x00007a7c0009ab08: ;   {runtime_call counter_overflow Runtime1 stub}
  0x00007a7c0009ab08: e8f3 205b 

  0x00007a7c0009ab0c: ; ImmutableOopMap {rdx=Oop rdi=Oop rbx=Oop [176]=Oop }
                      ;*synchronization entry
                      ; - kotlin.jvm.internal.Intrinsics::checkNotNull@-1 (line 24)
                      ; - kotlin.coroutines.jvm.internal.BaseContinuationImpl::resumeWith@31 (line 31)
  0x00007a7c0009ab0c: 07e9 4ceb 

  0x00007a7c0009ab10: ;   {metadata({method} {0x00007a7b978358d0} 'getCOROUTINE_SUSPENDED' '()Ljava/lang/Object;' in 'kotlin/coroutines/intrinsics/IntrinsicsKt__IntrinsicsKt')}
  0x00007a7c0009ab10: ffff 49ba | d058 8397 | 7b7a 0000 | 4c89 5424 | 0848 c704 | 24ff ffff 

  0x00007a7c0009ab28: ;   {runtime_call counter_overflow Runtime1 stub}
  0x00007a7c0009ab28: ffe8 d220 

  0x00007a7c0009ab2c: ; ImmutableOopMap {rax=Oop [168]=Oop [176]=Oop }
                      ;*synchronization entry
                      ; - kotlin.coroutines.intrinsics.IntrinsicsKt__IntrinsicsKt::getCOROUTINE_SUSPENDED@-1 (line 57)
                      ; - kotlin.coroutines.jvm.internal.BaseContinuationImpl::resumeWith@47 (line 35)
  0x00007a7c0009ab2c: 5b07 e94a 

  0x00007a7c0009ab30: ;   {metadata({method} {0x00007a7b978838d0} 'constructor-impl' '(Ljava/lang/Object;)Ljava/lang/Object;' in 'kotlin/Result')}
  0x00007a7c0009ab30: ecff ff49 | bad0 3888 | 977b 7a00 | 004c 8954 | 2408 48c7 | 0424 ffff 

  0x00007a7c0009ab48: ;   {runtime_call counter_overflow Runtime1 stub}
  0x00007a7c0009ab48: ffff e8b1 

  0x00007a7c0009ab4c: ; ImmutableOopMap {rax=Oop [168]=Oop [176]=Oop }
                      ;*synchronization entry
                      ; - kotlin.Result::constructor-impl@-1
                      ; - kotlin.coroutines.jvm.internal.BaseContinuationImpl::resumeWith@60 (line 36)
  0x00007a7c0009ab4c: 205b 07e9 | 9bec ffff 

  0x00007a7c0009ab54: ;   {metadata({method} {0x00007a7b978389b8} 'createFailure' '(Ljava/lang/Throwable;)Ljava/lang/Object;' in 'kotlin/ResultKt')}
  0x00007a7c0009ab54: 49ba b889 | 8397 7b7a | 0000 4c89 | 5424 0848 | c704 24ff 

  0x00007a7c0009ab68: ;   {runtime_call counter_overflow Runtime1 stub}
  0x00007a7c0009ab68: ffff ffe8 

  0x00007a7c0009ab6c: ; ImmutableOopMap {rax=Oop [168]=Oop [176]=Oop }
                      ;*synchronization entry
                      ; - kotlin.ResultKt::createFailure@-1
                      ; - kotlin.coroutines.jvm.internal.BaseContinuationImpl::resumeWith@76 (line 38)
  0x00007a7c0009ab6c: 9020 5b07 | e9e3 ecff 

  0x00007a7c0009ab74: ;   {metadata({method} {0x00007a7b9740bf98} 'checkNotNullParameter' '(Ljava/lang/Object;Ljava/lang/String;)V' in 'kotlin/jvm/internal/Intrinsics')}
  0x00007a7c0009ab74: ff49 ba98 | bf40 977b | 7a00 004c | 8954 2408 | 48c7 0424 | ffff ffff 

  0x00007a7c0009ab8c: ;   {runtime_call counter_overflow Runtime1 stub}
  0x00007a7c0009ab8c: e86f 205b 

  0x00007a7c0009ab90: ; ImmutableOopMap {rax=Oop [168]=Oop [176]=Oop }
                      ;*synchronization entry
                      ; - kotlin.jvm.internal.Intrinsics::checkNotNullParameter@-1 (line 130)
                      ; - kotlin.ResultKt::createFailure@3
                      ; - kotlin.coroutines.jvm.internal.BaseContinuationImpl::resumeWith@76 (line 38)
  0x00007a7c0009ab90: 07e9 fbec | ffff 488b 

  0x00007a7c0009ab98: ;   {runtime_call fast_new_instance Runtime1 stub}
  0x00007a7c0009ab98: d2e8 62d0 

  0x00007a7c0009ab9c: ; ImmutableOopMap {rbx=Oop [168]=Oop [176]=Oop }
                      ;*new {reexecute=0 rethrow=0 return_oop=0}
                      ; - kotlin.ResultKt::createFailure@6 (line 122)
                      ; - kotlin.coroutines.jvm.internal.BaseContinuationImpl::resumeWith@76 (line 38)
  0x00007a7c0009ab9c: 5a07 e96c 

  0x00007a7c0009aba0: ;   {metadata({method} {0x00007a7b97839ea8} '<init>' '(Ljava/lang/Throwable;)V' in 'kotlin/Result$Failure')}
  0x00007a7c0009aba0: edff ff49 | baa8 9e83 | 977b 7a00 | 004c 8954 | 2408 48c7 | 0424 ffff 

  0x00007a7c0009abb8: ;   {runtime_call counter_overflow Runtime1 stub}
  0x00007a7c0009abb8: ffff e841 

  0x00007a7c0009abbc: ; ImmutableOopMap {rbx=Oop rax=Oop [168]=Oop [176]=Oop }
                      ;*synchronization entry
                      ; - kotlin.Result$Failure::<init>@-1
                      ; - kotlin.ResultKt::createFailure@11 (line 122)
                      ; - kotlin.coroutines.jvm.internal.BaseContinuationImpl::resumeWith@76 (line 38)
  0x00007a7c0009abbc: 205b 07e9 | 87ed ffff 

  0x00007a7c0009abc4: ;   {metadata({method} {0x00007a7b9740bf98} 'checkNotNullParameter' '(Ljava/lang/Object;Ljava/lang/String;)V' in 'kotlin/jvm/internal/Intrinsics')}
  0x00007a7c0009abc4: 49ba 98bf | 4097 7b7a | 0000 4c89 | 5424 0848 | c704 24ff 

  0x00007a7c0009abd8: ;   {runtime_call counter_overflow Runtime1 stub}
  0x00007a7c0009abd8: ffff ffe8 

  0x00007a7c0009abdc: ; ImmutableOopMap {rbx=Oop rax=Oop [168]=Oop [176]=Oop }
                      ;*synchronization entry
                      ; - kotlin.jvm.internal.Intrinsics::checkNotNullParameter@-1 (line 130)
                      ; - kotlin.Result$Failure::<init>@3
                      ; - kotlin.ResultKt::createFailure@11 (line 122)
                      ; - kotlin.coroutines.jvm.internal.BaseContinuationImpl::resumeWith@76 (line 38)
  0x00007a7c0009abdc: 2020 5b07 | e99f edff 

  0x00007a7c0009abe4: ;   {metadata({method} {0x00007a7b9b474bd0} '<init>' '()V' in 'java/lang/Object')}
  0x00007a7c0009abe4: ff49 bad0 | 4b47 9b7b | 7a00 004c | 8954 2408 | 48c7 0424 | ffff ffff 

  0x00007a7c0009abfc: ;   {runtime_call counter_overflow Runtime1 stub}
  0x00007a7c0009abfc: e8ff 1f5b 

  0x00007a7c0009ac00: ; ImmutableOopMap {rbx=Oop rax=Oop [168]=Oop [176]=Oop }
                      ;*synchronization entry
                      ; - java.lang.Object::<init>@-1 (line 45)
                      ; - kotlin.Result$Failure::<init>@7 (line 105)
                      ; - kotlin.ResultKt::createFailure@11 (line 122)
                      ; - kotlin.coroutines.jvm.internal.BaseContinuationImpl::resumeWith@76 (line 38)
  0x00007a7c0009ac00: 07e9 e9ed | ffff 8b70 | 0c48 c1e6 | 0348 83fe | 000f 84e5 | edff ff48 

  0x00007a7c0009ac18: ;   {runtime_call g1_pre_barrier_slow}
  0x00007a7c0009ac18: 8934 24e8 | e025 5b07 | e9d7 edff | ff48 83fb | 000f 84ec | edff ff48 

  0x00007a7c0009ac30: ;   {runtime_call g1_post_barrier_slow}
  0x00007a7c0009ac30: 8904 24e8 | c828 5b07 | e9de edff 

  0x00007a7c0009ac3c: ;   {metadata({method} {0x00007a7b978838d0} 'constructor-impl' '(Ljava/lang/Object;)Ljava/lang/Object;' in 'kotlin/Result')}
  0x00007a7c0009ac3c: ff49 bad0 | 3888 977b | 7a00 004c | 8954 2408 | 48c7 0424 | ffff ffff 

  0x00007a7c0009ac54: ;   {runtime_call counter_overflow Runtime1 stub}
  0x00007a7c0009ac54: e8a7 1f5b 

  0x00007a7c0009ac58: ; ImmutableOopMap {rax=Oop [168]=Oop [176]=Oop }
                      ;*synchronization entry
                      ; - kotlin.Result::constructor-impl@-1
                      ; - kotlin.coroutines.jvm.internal.BaseContinuationImpl::resumeWith@79 (line 38)
  0x00007a7c0009ac58: 07e9 f6ed 

  0x00007a7c0009ac5c: ;   {metadata({method} {0x00007a7b977d2160} 'resumeWith' '(Ljava/lang/Object;)V' in 'kotlin/coroutines/jvm/internal/BaseContinuationImpl')}
  0x00007a7c0009ac5c: ffff 49ba | 6021 7d97 | 7b7a 0000 | 4c89 5424 | 0848 c704 | 2479 0000 

  0x00007a7c0009ac74: ;   {runtime_call counter_overflow Runtime1 stub}
  0x00007a7c0009ac74: 00e8 861f 

  0x00007a7c0009ac78: ; ImmutableOopMap {rbx=Oop [176]=Oop [184]=Oop }
                      ;*goto {reexecute=1 rethrow=0 return_oop=0}
                      ; - (reexecute) kotlin.coroutines.jvm.internal.BaseContinuationImpl::resumeWith@121 (line 30)
  0x00007a7c0009ac78: 5b07 e9f6 

  0x00007a7c0009ac7c: ;   {metadata({method} {0x00007a7b9740e118} 'throwParameterIsNullNPE' '(Ljava/lang/String;)V' in 'kotlin/jvm/internal/Intrinsics')}
  0x00007a7c0009ac7c: efff ff49 | ba18 e140 | 977b 7a00 | 004c 8954 | 2408 48c7 | 0424 ffff 

  0x00007a7c0009ac94: ;   {runtime_call counter_overflow Runtime1 stub}
  0x00007a7c0009ac94: ffff e865 

  0x00007a7c0009ac98: ; ImmutableOopMap {[168]=Oop [176]=Oop [200]=Oop [208]=Oop }
                      ;*synchronization entry
                      ; - kotlin.jvm.internal.Intrinsics::throwParameterIsNullNPE@-1 (line 140)
                      ; - kotlin.jvm.internal.Intrinsics::checkNotNullParameter@5 (line 131)
                      ; - kotlin.Result$Failure::<init>@3
                      ; - kotlin.ResultKt::createFailure@11 (line 122)
                      ; - kotlin.coroutines.jvm.internal.BaseContinuationImpl::resumeWith@76 (line 38)
  0x00007a7c0009ac98: 1f5b 07e9 | 48f0 ffff 

  0x00007a7c0009aca0: ;   {metadata(nullptr)}
  0x00007a7c0009aca0: 48ba 0000 | 0000 0000 | 0000 b800 

  0x00007a7c0009acac: ;   {runtime_call load_klass_patching Runtime1 stub}
  0x00007a7c0009acac: 0f05 0ae8 

  0x00007a7c0009acb0: ; ImmutableOopMap {[168]=Oop [176]=Oop [200]=Oop [208]=Oop }
                      ;*new {reexecute=1 rethrow=0 return_oop=0}
                      ; - (reexecute) kotlin.jvm.internal.Intrinsics::throwParameterIsNullNPE@0 (line 140)
                      ; - kotlin.jvm.internal.Intrinsics::checkNotNullParameter@5 (line 131)
                      ; - kotlin.Result$Failure::<init>@3
                      ; - kotlin.ResultKt::createFailure@11 (line 122)
                      ; - kotlin.coroutines.jvm.internal.BaseContinuationImpl::resumeWith@76 (line 38)
  0x00007a7c0009acb0: 4c10 5b07 | e92f f0ff | ff48 8bd2 

  0x00007a7c0009acbc: ;   {runtime_call fast_new_instance Runtime1 stub}
  0x00007a7c0009acbc: e83f cf5a 

  0x00007a7c0009acc0: ; ImmutableOopMap {[168]=Oop [176]=Oop [200]=Oop [208]=Oop }
                      ;*new {reexecute=0 rethrow=0 return_oop=0}
                      ; - kotlin.jvm.internal.Intrinsics::throwParameterIsNullNPE@0 (line 140)
                      ; - kotlin.jvm.internal.Intrinsics::checkNotNullParameter@5 (line 131)
                      ; - kotlin.Result$Failure::<init>@3
                      ; - kotlin.ResultKt::createFailure@11 (line 122)
                      ; - kotlin.coroutines.jvm.internal.BaseContinuationImpl::resumeWith@76 (line 38)
  0x00007a7c0009acc0: 07e9 7ef0 

  0x00007a7c0009acc4: ;   {metadata({method} {0x00007a7b9740f190} 'sanitizeStackTrace' '(Ljava/lang/Throwable;)Ljava/lang/Throwable;' in 'kotlin/jvm/internal/Intrinsics')}
  0x00007a7c0009acc4: ffff 49ba | 90f1 4097 | 7b7a 0000 | 4c89 5424 | 0848 c704 | 24ff ffff 

  0x00007a7c0009acdc: ;   {runtime_call counter_overflow Runtime1 stub}
  0x00007a7c0009acdc: ffe8 1e1f 

  0x00007a7c0009ace0: ; ImmutableOopMap {[168]=Oop [176]=Oop [192]=Oop [200]=Oop [208]=Oop }
                      ;*synchronization entry
                      ; - kotlin.jvm.internal.Intrinsics::sanitizeStackTrace@-1 (line 253)
                      ; - kotlin.jvm.internal.Intrinsics::throwParameterIsNullNPE@11 (line 140)
                      ; - kotlin.jvm.internal.Intrinsics::checkNotNullParameter@5 (line 131)
                      ; - kotlin.Result$Failure::<init>@3
                      ; - kotlin.ResultKt::createFailure@11 (line 122)
                      ; - kotlin.coroutines.jvm.internal.BaseContinuationImpl::resumeWith@76 (line 38)
  0x00007a7c0009ace0: 5b07 e906 

  0x00007a7c0009ace4: ;   {metadata({method} {0x00007a7b9b4698e8} 'getName' '()Ljava/lang/String;' in 'java/lang/Class')}
  0x00007a7c0009ace4: f1ff ff49 | bae8 9846 | 9b7b 7a00 | 004c 8954 | 2408 48c7 | 0424 ffff 

  0x00007a7c0009acfc: ;   {runtime_call counter_overflow Runtime1 stub}
  0x00007a7c0009acfc: ffff e8fd 

  0x00007a7c0009ad00: ; ImmutableOopMap {rsi=Oop [168]=Oop [176]=Oop [192]=Oop [200]=Oop [208]=Oop }
                      ;*synchronization entry
                      ; - java.lang.Class::getName@-1 (line 949)
                      ; - kotlin.jvm.internal.Intrinsics::sanitizeStackTrace@3 (line 253)
                      ; - kotlin.jvm.internal.Intrinsics::throwParameterIsNullNPE@11 (line 140)
                      ; - kotlin.jvm.internal.Intrinsics::checkNotNullParameter@5 (line 131)
                      ; - kotlin.Result$Failure::<init>@3
                      ; - kotlin.ResultKt::createFailure@11 (line 122)
                      ; - kotlin.coroutines.jvm.internal.BaseContinuationImpl::resumeWith@76 (line 38)
  0x00007a7c0009ad00: 1e5b 07e9 | 2bf1 ffff 

  0x00007a7c0009ad08: ;   {runtime_call throw_null_pointer_exception Runtime1 stub}
  0x00007a7c0009ad08: e873 c15a 

  0x00007a7c0009ad0c: ; ImmutableOopMap {[168]=Oop [176]=Oop [192]=Oop [200]=Oop [208]=Oop }
                      ;*getfield name {reexecute=1 rethrow=0 return_oop=0}
                      ; - (reexecute) java.lang.Class::getName@1 (line 949)
                      ; - kotlin.jvm.internal.Intrinsics::sanitizeStackTrace@3 (line 253)
                      ; - kotlin.jvm.internal.Intrinsics::throwParameterIsNullNPE@11 (line 140)
                      ; - kotlin.jvm.internal.Intrinsics::checkNotNullParameter@5 (line 131)
                      ; - kotlin.Result$Failure::<init>@3
                      ; - kotlin.ResultKt::createFailure@11 (line 122)
                      ; - kotlin.coroutines.jvm.internal.BaseContinuationImpl::resumeWith@76 (line 38)
                      ;   {metadata({method} {0x00007a7b9740e118} 'throwParameterIsNullNPE' '(Ljava/lang/String;)V' in 'kotlin/jvm/internal/Intrinsics')}
  0x00007a7c0009ad0c: 0749 ba18 | e140 977b | 7a00 004c | 8954 2408 | 48c7 0424 | ffff ffff 

  0x00007a7c0009ad24: ;   {runtime_call counter_overflow Runtime1 stub}
  0x00007a7c0009ad24: e8d7 1e5b 

  0x00007a7c0009ad28: ; ImmutableOopMap {[168]=Oop [176]=Oop [208]=Oop }
                      ;*synchronization entry
                      ; - kotlin.jvm.internal.Intrinsics::throwParameterIsNullNPE@-1 (line 140)
                      ; - kotlin.jvm.internal.Intrinsics::checkNotNullParameter@5 (line 131)
                      ; - kotlin.ResultKt::createFailure@3
                      ; - kotlin.coroutines.jvm.internal.BaseContinuationImpl::resumeWith@76 (line 38)
  0x00007a7c0009ad28: 07e9 d7f1 

  0x00007a7c0009ad2c: ;   {metadata(nullptr)}
  0x00007a7c0009ad2c: ffff 48ba | 0000 0000 | 0000 0000 | b800 0f05 

  0x00007a7c0009ad3c: ;   {runtime_call load_klass_patching Runtime1 stub}
  0x00007a7c0009ad3c: 0ae8 be0f 

  0x00007a7c0009ad40: ; ImmutableOopMap {[168]=Oop [176]=Oop [208]=Oop }
                      ;*new {reexecute=1 rethrow=0 return_oop=0}
                      ; - (reexecute) kotlin.jvm.internal.Intrinsics::throwParameterIsNullNPE@0 (line 140)
                      ; - kotlin.jvm.internal.Intrinsics::checkNotNullParameter@5 (line 131)
                      ; - kotlin.ResultKt::createFailure@3
                      ; - kotlin.coroutines.jvm.internal.BaseContinuationImpl::resumeWith@76 (line 38)
  0x00007a7c0009ad40: 5b07 e9c1 | f1ff ff48 

  0x00007a7c0009ad48: ;   {runtime_call fast_new_instance Runtime1 stub}
  0x00007a7c0009ad48: 8bd2 e8b1 

  0x00007a7c0009ad4c: ; ImmutableOopMap {[168]=Oop [176]=Oop [208]=Oop }
                      ;*new {reexecute=0 rethrow=0 return_oop=0}
                      ; - kotlin.jvm.internal.Intrinsics::throwParameterIsNullNPE@0 (line 140)
                      ; - kotlin.jvm.internal.Intrinsics::checkNotNullParameter@5 (line 131)
                      ; - kotlin.ResultKt::createFailure@3
                      ; - kotlin.coroutines.jvm.internal.BaseContinuationImpl::resumeWith@76 (line 38)
  0x00007a7c0009ad4c: ce5a 07e9 | 10f2 ffff 

  0x00007a7c0009ad54: ;   {metadata({method} {0x00007a7b9740f190} 'sanitizeStackTrace' '(Ljava/lang/Throwable;)Ljava/lang/Throwable;' in 'kotlin/jvm/internal/Intrinsics')}
  0x00007a7c0009ad54: 49ba 90f1 | 4097 7b7a | 0000 4c89 | 5424 0848 | c704 24ff 

  0x00007a7c0009ad68: ;   {runtime_call counter_overflow Runtime1 stub}
  0x00007a7c0009ad68: ffff ffe8 

  0x00007a7c0009ad6c: ; ImmutableOopMap {[168]=Oop [176]=Oop [208]=Oop [216]=Oop }
                      ;*synchronization entry
                      ; - kotlin.jvm.internal.Intrinsics::sanitizeStackTrace@-1 (line 253)
                      ; - kotlin.jvm.internal.Intrinsics::throwParameterIsNullNPE@11 (line 140)
                      ; - kotlin.jvm.internal.Intrinsics::checkNotNullParameter@5 (line 131)
                      ; - kotlin.ResultKt::createFailure@3
                      ; - kotlin.coroutines.jvm.internal.BaseContinuationImpl::resumeWith@76 (line 38)
  0x00007a7c0009ad6c: 901e 5b07 | e998 f2ff 

  0x00007a7c0009ad74: ;   {metadata({method} {0x00007a7b9b4698e8} 'getName' '()Ljava/lang/String;' in 'java/lang/Class')}
  0x00007a7c0009ad74: ff49 bae8 | 9846 9b7b | 7a00 004c | 8954 2408 | 48c7 0424 | ffff ffff 

  0x00007a7c0009ad8c: ;   {runtime_call counter_overflow Runtime1 stub}
  0x00007a7c0009ad8c: e86f 1e5b 

  0x00007a7c0009ad90: ; ImmutableOopMap {rsi=Oop [168]=Oop [176]=Oop [208]=Oop [216]=Oop }
                      ;*synchronization entry
                      ; - java.lang.Class::getName@-1 (line 949)
                      ; - kotlin.jvm.internal.Intrinsics::sanitizeStackTrace@3 (line 253)
                      ; - kotlin.jvm.internal.Intrinsics::throwParameterIsNullNPE@11 (line 140)
                      ; - kotlin.jvm.internal.Intrinsics::checkNotNullParameter@5 (line 131)
                      ; - kotlin.ResultKt::createFailure@3
                      ; - kotlin.coroutines.jvm.internal.BaseContinuationImpl::resumeWith@76 (line 38)
  0x00007a7c0009ad90: 07e9 bdf2 

  0x00007a7c0009ad94: ;   {runtime_call throw_null_pointer_exception Runtime1 stub}
  0x00007a7c0009ad94: ffff e8e5 

  0x00007a7c0009ad98: ; ImmutableOopMap {[168]=Oop [176]=Oop [208]=Oop [216]=Oop }
                      ;*getfield name {reexecute=1 rethrow=0 return_oop=0}
                      ; - (reexecute) java.lang.Class::getName@1 (line 949)
                      ; - kotlin.jvm.internal.Intrinsics::sanitizeStackTrace@3 (line 253)
                      ; - kotlin.jvm.internal.Intrinsics::throwParameterIsNullNPE@11 (line 140)
                      ; - kotlin.jvm.internal.Intrinsics::checkNotNullParameter@5 (line 131)
                      ; - kotlin.ResultKt::createFailure@3
                      ; - kotlin.coroutines.jvm.internal.BaseContinuationImpl::resumeWith@76 (line 38)
                      ;   {metadata({method} {0x00007a7b9740b238} 'throwJavaNpe' '()V' in 'kotlin/jvm/internal/Intrinsics')}
  0x00007a7c0009ad98: c05a 0749 | ba38 b240 | 977b 7a00 | 004c 8954 | 2408 48c7 | 0424 ffff 

  0x00007a7c0009adb0: ;   {runtime_call counter_overflow Runtime1 stub}
  0x00007a7c0009adb0: ffff e849 

  0x00007a7c0009adb4: ; ImmutableOopMap {[168]=Oop [176]=Oop [232]=Oop }
                      ;*synchronization entry
                      ; - kotlin.jvm.internal.Intrinsics::throwJavaNpe@-1 (line 45)
                      ; - kotlin.jvm.internal.Intrinsics::checkNotNull@4 (line 25)
                      ; - kotlin.coroutines.jvm.internal.BaseContinuationImpl::resumeWith@31 (line 31)
  0x00007a7c0009adb4: 1e5b 07e9 | 71f3 ffff 

  0x00007a7c0009adbc: ;   {metadata(nullptr)}
  0x00007a7c0009adbc: 48ba 0000 | 0000 0000 | 0000 b800 

  0x00007a7c0009adc8: ;   {runtime_call load_klass_patching Runtime1 stub}
  0x00007a7c0009adc8: 0f05 0ae8 

  0x00007a7c0009adcc: ; ImmutableOopMap {[168]=Oop [176]=Oop [232]=Oop }
                      ;*new {reexecute=1 rethrow=0 return_oop=0}
                      ; - (reexecute) kotlin.jvm.internal.Intrinsics::throwJavaNpe@0 (line 45)
                      ; - kotlin.jvm.internal.Intrinsics::checkNotNull@4 (line 25)
                      ; - kotlin.coroutines.jvm.internal.BaseContinuationImpl::resumeWith@31 (line 31)
  0x00007a7c0009adcc: 300f 5b07 | e95b f3ff | ff48 8bd2 

  0x00007a7c0009add8: ;   {runtime_call fast_new_instance Runtime1 stub}
  0x00007a7c0009add8: e823 ce5a 

  0x00007a7c0009addc: ; ImmutableOopMap {[168]=Oop [176]=Oop [232]=Oop }
                      ;*new {reexecute=0 rethrow=0 return_oop=0}
                      ; - kotlin.jvm.internal.Intrinsics::throwJavaNpe@0 (line 45)
                      ; - kotlin.jvm.internal.Intrinsics::checkNotNull@4 (line 25)
                      ; - kotlin.coroutines.jvm.internal.BaseContinuationImpl::resumeWith@31 (line 31)
  0x00007a7c0009addc: 07e9 aaf3 

  0x00007a7c0009ade0: ;   {metadata({method} {0x00007a7b9740f190} 'sanitizeStackTrace' '(Ljava/lang/Throwable;)Ljava/lang/Throwable;' in 'kotlin/jvm/internal/Intrinsics')}
  0x00007a7c0009ade0: ffff 49ba | 90f1 4097 | 7b7a 0000 | 4c89 5424 | 0848 c704 | 24ff ffff 

  0x00007a7c0009adf8: ;   {runtime_call counter_overflow Runtime1 stub}
  0x00007a7c0009adf8: ffe8 021e 

  0x00007a7c0009adfc: ; ImmutableOopMap {[168]=Oop [176]=Oop [224]=Oop [232]=Oop }
                      ;*synchronization entry
                      ; - kotlin.jvm.internal.Intrinsics::sanitizeStackTrace@-1 (line 253)
                      ; - kotlin.jvm.internal.Intrinsics::throwJavaNpe@7 (line 45)
                      ; - kotlin.jvm.internal.Intrinsics::checkNotNull@4 (line 25)
                      ; - kotlin.coroutines.jvm.internal.BaseContinuationImpl::resumeWith@31 (line 31)
  0x00007a7c0009adfc: 5b07 e9f2 

  0x00007a7c0009ae00: ;   {metadata({method} {0x00007a7b9b4698e8} 'getName' '()Ljava/lang/String;' in 'java/lang/Class')}
  0x00007a7c0009ae00: f3ff ff49 | bae8 9846 | 9b7b 7a00 | 004c 8954 | 2408 48c7 | 0424 ffff 

  0x00007a7c0009ae18: ;   {runtime_call counter_overflow Runtime1 stub}
  0x00007a7c0009ae18: ffff e8e1 

  0x00007a7c0009ae1c: ; ImmutableOopMap {rsi=Oop [168]=Oop [176]=Oop [224]=Oop [232]=Oop }
                      ;*synchronization entry
                      ; - java.lang.Class::getName@-1 (line 949)
                      ; - kotlin.jvm.internal.Intrinsics::sanitizeStackTrace@3 (line 253)
                      ; - kotlin.jvm.internal.Intrinsics::throwJavaNpe@7 (line 45)
                      ; - kotlin.jvm.internal.Intrinsics::checkNotNull@4 (line 25)
                      ; - kotlin.coroutines.jvm.internal.BaseContinuationImpl::resumeWith@31 (line 31)
  0x00007a7c0009ae1c: 1d5b 07e9 | 17f4 ffff 

  0x00007a7c0009ae24: ;   {runtime_call throw_null_pointer_exception Runtime1 stub}
  0x00007a7c0009ae24: e857 c05a 

  0x00007a7c0009ae28: ; ImmutableOopMap {[168]=Oop [176]=Oop [224]=Oop [232]=Oop }
                      ;*getfield name {reexecute=1 rethrow=0 return_oop=0}
                      ; - (reexecute) java.lang.Class::getName@1 (line 949)
                      ; - kotlin.jvm.internal.Intrinsics::sanitizeStackTrace@3 (line 253)
                      ; - kotlin.jvm.internal.Intrinsics::throwJavaNpe@7 (line 45)
                      ; - kotlin.jvm.internal.Intrinsics::checkNotNull@4 (line 25)
                      ; - kotlin.coroutines.jvm.internal.BaseContinuationImpl::resumeWith@31 (line 31)
                      ;   {metadata({method} {0x00007a7b9740e118} 'throwParameterIsNullNPE' '(Ljava/lang/String;)V' in 'kotlin/jvm/internal/Intrinsics')}
  0x00007a7c0009ae28: 0749 ba18 | e140 977b | 7a00 004c | 8954 2408 | 48c7 0424 | ffff ffff 

  0x00007a7c0009ae40: ;   {runtime_call counter_overflow Runtime1 stub}
  0x00007a7c0009ae40: e8bb 1d5b 

  0x00007a7c0009ae44: ; ImmutableOopMap {[232]=Oop [248]=Oop }
                      ;*synchronization entry
                      ; - kotlin.jvm.internal.Intrinsics::throwParameterIsNullNPE@-1 (line 140)
                      ; - kotlin.jvm.internal.Intrinsics::checkNotNullParameter@5 (line 131)
                      ; - kotlin.coroutines.jvm.internal.DebugProbesKt::probeCoroutineResumed@3
                      ; - kotlin.coroutines.jvm.internal.BaseContinuationImpl::resumeWith@13 (line 29)
  0x00007a7c0009ae44: 07e9 cbf4 

  0x00007a7c0009ae48: ;   {metadata(nullptr)}
  0x00007a7c0009ae48: ffff 48ba | 0000 0000 | 0000 0000 | b800 0f05 

  0x00007a7c0009ae58: ;   {runtime_call load_klass_patching Runtime1 stub}
  0x00007a7c0009ae58: 0ae8 a20e 

  0x00007a7c0009ae5c: ; ImmutableOopMap {[232]=Oop [248]=Oop }
                      ;*new {reexecute=1 rethrow=0 return_oop=0}
                      ; - (reexecute) kotlin.jvm.internal.Intrinsics::throwParameterIsNullNPE@0 (line 140)
                      ; - kotlin.jvm.internal.Intrinsics::checkNotNullParameter@5 (line 131)
                      ; - kotlin.coroutines.jvm.internal.DebugProbesKt::probeCoroutineResumed@3
                      ; - kotlin.coroutines.jvm.internal.BaseContinuationImpl::resumeWith@13 (line 29)
  0x00007a7c0009ae5c: 5b07 e9b5 | f4ff ff48 

  0x00007a7c0009ae64: ;   {runtime_call fast_new_instance Runtime1 stub}
  0x00007a7c0009ae64: 8bd2 e895 

  0x00007a7c0009ae68: ; ImmutableOopMap {[232]=Oop [248]=Oop }
                      ;*new {reexecute=0 rethrow=0 return_oop=0}
                      ; - kotlin.jvm.internal.Intrinsics::throwParameterIsNullNPE@0 (line 140)
                      ; - kotlin.jvm.internal.Intrinsics::checkNotNullParameter@5 (line 131)
                      ; - kotlin.coroutines.jvm.internal.DebugProbesKt::probeCoroutineResumed@3
                      ; - kotlin.coroutines.jvm.internal.BaseContinuationImpl::resumeWith@13 (line 29)
  0x00007a7c0009ae68: cd5a 07e9 | 04f5 ffff 

  0x00007a7c0009ae70: ;   {metadata({method} {0x00007a7b9740f190} 'sanitizeStackTrace' '(Ljava/lang/Throwable;)Ljava/lang/Throwable;' in 'kotlin/jvm/internal/Intrinsics')}
  0x00007a7c0009ae70: 49ba 90f1 | 4097 7b7a | 0000 4c89 | 5424 0848 | c704 24ff 

  0x00007a7c0009ae84: ;   {runtime_call counter_overflow Runtime1 stub}
  0x00007a7c0009ae84: ffff ffe8 

  0x00007a7c0009ae88: ; ImmutableOopMap {[232]=Oop [240]=Oop [248]=Oop }
                      ;*synchronization entry
                      ; - kotlin.jvm.internal.Intrinsics::sanitizeStackTrace@-1 (line 253)
                      ; - kotlin.jvm.internal.Intrinsics::throwParameterIsNullNPE@11 (line 140)
                      ; - kotlin.jvm.internal.Intrinsics::checkNotNullParameter@5 (line 131)
                      ; - kotlin.coroutines.jvm.internal.DebugProbesKt::probeCoroutineResumed@3
                      ; - kotlin.coroutines.jvm.internal.BaseContinuationImpl::resumeWith@13 (line 29)
  0x00007a7c0009ae88: 741d 5b07 | e98c f5ff 

  0x00007a7c0009ae90: ;   {metadata({method} {0x00007a7b9b4698e8} 'getName' '()Ljava/lang/String;' in 'java/lang/Class')}
  0x00007a7c0009ae90: ff49 bae8 | 9846 9b7b | 7a00 004c | 8954 2408 | 48c7 0424 | ffff ffff 

  0x00007a7c0009aea8: ;   {runtime_call counter_overflow Runtime1 stub}
  0x00007a7c0009aea8: e853 1d5b 

  0x00007a7c0009aeac: ; ImmutableOopMap {rsi=Oop [232]=Oop [240]=Oop [248]=Oop }
                      ;*synchronization entry
                      ; - java.lang.Class::getName@-1 (line 949)
                      ; - kotlin.jvm.internal.Intrinsics::sanitizeStackTrace@3 (line 253)
                      ; - kotlin.jvm.internal.Intrinsics::throwParameterIsNullNPE@11 (line 140)
                      ; - kotlin.jvm.internal.Intrinsics::checkNotNullParameter@5 (line 131)
                      ; - kotlin.coroutines.jvm.internal.DebugProbesKt::probeCoroutineResumed@3
                      ; - kotlin.coroutines.jvm.internal.BaseContinuationImpl::resumeWith@13 (line 29)
  0x00007a7c0009aeac: 07e9 b1f5 

  0x00007a7c0009aeb0: ;   {runtime_call throw_null_pointer_exception Runtime1 stub}
  0x00007a7c0009aeb0: ffff e8c9 

  0x00007a7c0009aeb4: ; ImmutableOopMap {[232]=Oop [240]=Oop [248]=Oop }
                      ;*getfield name {reexecute=1 rethrow=0 return_oop=0}
                      ; - (reexecute) java.lang.Class::getName@1 (line 949)
                      ; - kotlin.jvm.internal.Intrinsics::sanitizeStackTrace@3 (line 253)
                      ; - kotlin.jvm.internal.Intrinsics::throwParameterIsNullNPE@11 (line 140)
                      ; - kotlin.jvm.internal.Intrinsics::checkNotNullParameter@5 (line 131)
                      ; - kotlin.coroutines.jvm.internal.DebugProbesKt::probeCoroutineResumed@3
                      ; - kotlin.coroutines.jvm.internal.BaseContinuationImpl::resumeWith@13 (line 29)
                      ;   {runtime_call throw_null_pointer_exception Runtime1 stub}
  0x00007a7c0009aeb4: bf5a 07e8 

  0x00007a7c0009aeb8: ; ImmutableOopMap {rbx=Oop rax=Oop [176]=Oop }
                      ;*invokeinterface resumeWith {reexecute=0 rethrow=0 return_oop=0}
                      ; - kotlin.coroutines.jvm.internal.BaseContinuationImpl::resumeWith@114 (line 47)
  0x00007a7c0009aeb8: c4bf 5a07 

  0x00007a7c0009aebc: ;   {internal_word}
  0x00007a7c0009aebc: 49ba bca5 | 0900 7c7a | 0000 4d89 | 9768 0400 

  0x00007a7c0009aecc: ;   {runtime_call SafepointBlob}
  0x00007a7c0009aecc: 00e9 2e11 

  0x00007a7c0009aed0: ;   {internal_word}
  0x00007a7c0009aed0: 4f07 49ba | d2a5 0900 | 7c7a 0000 | 4d89 9768 

  0x00007a7c0009aee0: ;   {runtime_call SafepointBlob}
  0x00007a7c0009aee0: 0400 00e9 | 1811 4f07 | 4889 0424 

  0x00007a7c0009aeec: ;   {runtime_call throw_class_cast_exception Runtime1 stub}
  0x00007a7c0009aeec: e80f f25a 

  0x00007a7c0009aef0: ; ImmutableOopMap {rsi=Oop [232]=Oop }
                      ;*checkcast {reexecute=0 rethrow=0 return_oop=0}
                      ; - kotlin.jvm.internal.Intrinsics::throwParameterIsNullNPE@14 (line 140)
                      ; - kotlin.jvm.internal.Intrinsics::checkNotNullParameter@5 (line 131)
                      ; - kotlin.coroutines.jvm.internal.DebugProbesKt::probeCoroutineResumed@3
                      ; - kotlin.coroutines.jvm.internal.BaseContinuationImpl::resumeWith@13 (line 29)
                      ;   {runtime_call throw_null_pointer_exception Runtime1 stub}
  0x00007a7c0009aef0: 07e8 8abf 

  0x00007a7c0009aef4: ; ImmutableOopMap {rsi=Oop rax=Oop [232]=Oop }
                      ;*athrow {reexecute=1 rethrow=0 return_oop=0}
                      ; - (reexecute) kotlin.jvm.internal.Intrinsics::throwParameterIsNullNPE@17 (line 140)
                      ; - kotlin.jvm.internal.Intrinsics::checkNotNullParameter@5 (line 131)
                      ; - kotlin.coroutines.jvm.internal.DebugProbesKt::probeCoroutineResumed@3
                      ; - kotlin.coroutines.jvm.internal.BaseContinuationImpl::resumeWith@13 (line 29)
  0x00007a7c0009aef4: 5a07 4889 

  0x00007a7c0009aef8: ;   {runtime_call throw_class_cast_exception Runtime1 stub}
  0x00007a7c0009aef8: 0424 e801 

  0x00007a7c0009aefc: ; ImmutableOopMap {rdx=Oop [168]=Oop [176]=Oop }
                      ;*checkcast {reexecute=0 rethrow=0 return_oop=0}
                      ; - kotlin.jvm.internal.Intrinsics::throwJavaNpe@10 (line 45)
                      ; - kotlin.jvm.internal.Intrinsics::checkNotNull@4 (line 25)
                      ; - kotlin.coroutines.jvm.internal.BaseContinuationImpl::resumeWith@31 (line 31)
                      ;   {runtime_call throw_null_pointer_exception Runtime1 stub}
  0x00007a7c0009aefc: f25a 07e8 

  0x00007a7c0009af00: ; ImmutableOopMap {rdx=Oop rax=Oop [168]=Oop [176]=Oop }
                      ;*athrow {reexecute=1 rethrow=0 return_oop=0}
                      ; - (reexecute) kotlin.jvm.internal.Intrinsics::throwJavaNpe@13 (line 45)
                      ; - kotlin.jvm.internal.Intrinsics::checkNotNull@4 (line 25)
                      ; - kotlin.coroutines.jvm.internal.BaseContinuationImpl::resumeWith@31 (line 31)
  0x00007a7c0009af00: 7cbf 5a07 | 4889 0424 

  0x00007a7c0009af08: ;   {runtime_call throw_class_cast_exception Runtime1 stub}
  0x00007a7c0009af08: e8f3 f15a 

  0x00007a7c0009af0c: ; ImmutableOopMap {[168]=Oop [176]=Oop [208]=Oop }
                      ;*checkcast {reexecute=0 rethrow=0 return_oop=0}
                      ; - kotlin.jvm.internal.Intrinsics::throwParameterIsNullNPE@14 (line 140)
                      ; - kotlin.jvm.internal.Intrinsics::checkNotNullParameter@5 (line 131)
                      ; - kotlin.ResultKt::createFailure@3
                      ; - kotlin.coroutines.jvm.internal.BaseContinuationImpl::resumeWith@76 (line 38)
                      ;   {runtime_call throw_null_pointer_exception Runtime1 stub}
  0x00007a7c0009af0c: 07e8 6ebf 

  0x00007a7c0009af10: ; ImmutableOopMap {rax=Oop [168]=Oop [176]=Oop [208]=Oop }
                      ;*athrow {reexecute=1 rethrow=0 return_oop=0}
                      ; - (reexecute) kotlin.jvm.internal.Intrinsics::throwParameterIsNullNPE@17 (line 140)
                      ; - kotlin.jvm.internal.Intrinsics::checkNotNullParameter@5 (line 131)
                      ; - kotlin.ResultKt::createFailure@3
                      ; - kotlin.coroutines.jvm.internal.BaseContinuationImpl::resumeWith@76 (line 38)
  0x00007a7c0009af10: 5a07 4889 

  0x00007a7c0009af14: ;   {runtime_call throw_class_cast_exception Runtime1 stub}
  0x00007a7c0009af14: 0424 e8e5 

  0x00007a7c0009af18: ; ImmutableOopMap {rbx=Oop rsi=Oop rdi=Oop rdx=Oop [176]=Oop }
                      ;*checkcast {reexecute=0 rethrow=0 return_oop=0}
                      ; - kotlin.jvm.internal.Intrinsics::throwParameterIsNullNPE@14 (line 140)
                      ; - kotlin.jvm.internal.Intrinsics::checkNotNullParameter@5 (line 131)
                      ; - kotlin.Result$Failure::<init>@3
                      ; - kotlin.ResultKt::createFailure@11 (line 122)
                      ; - kotlin.coroutines.jvm.internal.BaseContinuationImpl::resumeWith@76 (line 38)
                      ;   {runtime_call throw_null_pointer_exception Runtime1 stub}
  0x00007a7c0009af18: f15a 07e8 

  0x00007a7c0009af1c: ; ImmutableOopMap {rbx=Oop rsi=Oop rdi=Oop rdx=Oop rax=Oop [176]=Oop }
                      ;*athrow {reexecute=1 rethrow=0 return_oop=0}
                      ; - (reexecute) kotlin.jvm.internal.Intrinsics::throwParameterIsNullNPE@17 (line 140)
                      ; - kotlin.jvm.internal.Intrinsics::checkNotNullParameter@5 (line 131)
                      ; - kotlin.Result$Failure::<init>@3
                      ; - kotlin.ResultKt::createFailure@11 (line 122)
                      ; - kotlin.coroutines.jvm.internal.BaseContinuationImpl::resumeWith@76 (line 38)
  0x00007a7c0009af1c: 60bf 5a07 | 498b 8700 | 0500 0049 | c787 0005 | 0000 0000 | 0000 49c7 | 8708 0500 | 0000 0000 
  0x00007a7c0009af3c: 0048 81c4 | 1001 0000 

  0x00007a7c0009af44: ;   {runtime_call unwind_exception Runtime1 stub}
  0x00007a7c0009af44: 5de9 36b0 | 5a07 f4f4 | f4f4 f4f4 
[Stub Code]
  0x00007a7c0009af50: ;   {no_reloc}
  0x00007a7c0009af50: 0f1f 4400 

  0x00007a7c0009af54: ;   {static_stub}
  0x00007a7c0009af54: 0048 bb00 | 0000 0000 

  0x00007a7c0009af5c: ;   {runtime_call nmethod}
  0x00007a7c0009af5c: 0000 00e9 | fbff ffff 

  0x00007a7c0009af64: ;   {static_stub}
  0x00007a7c0009af64: 9048 bb00 | 0000 0000 

  0x00007a7c0009af6c: ;   {runtime_call nmethod}
  0x00007a7c0009af6c: 0000 00e9 | fbff ffff 

  0x00007a7c0009af74: ;   {static_stub}
  0x00007a7c0009af74: 9048 bb00 | 0000 0000 

  0x00007a7c0009af7c: ;   {runtime_call nmethod}
  0x00007a7c0009af7c: 0000 00e9 | fbff ffff 

  0x00007a7c0009af84: ;   {static_stub}
  0x00007a7c0009af84: 48bb 0000 | 0000 0000 

  0x00007a7c0009af8c: ;   {runtime_call nmethod}
  0x00007a7c0009af8c: 0000 e9fb 

  0x00007a7c0009af90: ;   {static_stub}
  0x00007a7c0009af90: ffff ff48 | bb00 0000 | 0000 0000 

  0x00007a7c0009af9c: ;   {runtime_call nmethod}
  0x00007a7c0009af9c: 00e9 fbff 

  0x00007a7c0009afa0: ;   {static_stub}
  0x00007a7c0009afa0: ffff 48bb | 0000 0000 | 0000 0000 

  0x00007a7c0009afac: ;   {runtime_call nmethod}
  0x00007a7c0009afac: e9fb ffff 

  0x00007a7c0009afb0: ;   {static_stub}
  0x00007a7c0009afb0: ff48 bb00 | 0000 0000 

  0x00007a7c0009afb8: ;   {runtime_call nmethod}
  0x00007a7c0009afb8: 0000 00e9 | fbff ffff 

  0x00007a7c0009afc0: ;   {static_stub}
  0x00007a7c0009afc0: 48bb 0000 | 0000 0000 

  0x00007a7c0009afc8: ;   {runtime_call nmethod}
  0x00007a7c0009afc8: 0000 e9fb 

  0x00007a7c0009afcc: ;   {runtime_call handle_exception_from_callee Runtime1 stub}
  0x00007a7c0009afcc: ffff ffe8 | 2ce6 5a07 

  0x00007a7c0009afd4: ;   {external_word}
  0x00007a7c0009afd4: 48bf 59a5 | 551d 7c7a | 0000 4883 

  0x00007a7c0009afe0: ;   {runtime_call MacroAssembler::debug64(char*, long, long*)}
  0x00007a7c0009afe0: e4f0 e8e9 | 42f4 1cf4 
[Deopt Handler Code]
  0x00007a7c0009afe8: ;   {section_word}
  0x00007a7c0009afe8: 49ba e8af | 0900 7c7a | 0000 4152 

  0x00007a7c0009aff4: ;   {runtime_call DeoptimizationBlob}
  0x00007a7c0009aff4: e9a7 024f | 07f4 f4f4 | f4f4 f4f4 
[/MachCode]


Compiled method (c1) 9361 2351   !   3       kotlinx.coroutines.DispatchedTask::run (400 bytes)
 total in heap  [0x00007a7c00073490,0x00007a7c000788e8] = 21592
 relocation     [0x00007a7c000735e8,0x00007a7c00073b08] = 1312
 main code      [0x00007a7c00073b20,0x00007a7c00076b90] = 12400
 stub code      [0x00007a7c00076b90,0x00007a7c00076d58] = 456
 oops           [0x00007a7c00076d58,0x00007a7c00076d78] = 32
 metadata       [0x00007a7c00076d78,0x00007a7c00076e08] = 144
 scopes data    [0x00007a7c00076e08,0x00007a7c00077820] = 2584
 scopes pcs     [0x00007a7c00077820,0x00007a7c00077fb0] = 1936
 dependencies   [0x00007a7c00077fb0,0x00007a7c00077fc0] = 16
 handler table  [0x00007a7c00077fc0,0x00007a7c00078858] = 2200
 nul chk table  [0x00007a7c00078858,0x00007a7c000788e8] = 144

[Constant Pool (empty)]

[MachCode]
[Entry Point]
  # {method} {0x00007a7b9787e988} 'run' '()V' in 'kotlinx/coroutines/DispatchedTask'
  #           [sp+0x180]  (sp of caller)
  0x00007a7c00073b20: 448b 5608 | 49bb 0000 | 009b 7b7a | 0000 4d03 | d34c 3bd0 

  0x00007a7c00073b34: ;   {runtime_call ic_miss_stub}
  0x00007a7c00073b34: 0f85 4615 | 5107 660f | 1f44 0000 
[Verified Entry Point]
  0x00007a7c00073b40: 8984 2400 | c0fe ff55 | 4881 ec70 | 0100 0090 | 4181 7f20 | 0500 0000 

  0x00007a7c00073b58: ;   {runtime_call StubRoutines (final stubs)}
  0x00007a7c00073b58: 7405 e841 | 794f 0748 | 89b4 24b0 

  0x00007a7c00073b64: ;   {metadata(method data for {method} {0x00007a7b9787e988} 'run' '()V' in 'kotlinx/coroutines/DispatchedTask')}
  0x00007a7c00073b64: 0000 0048 | bf08 e448 | 997b 7a00 | 008b 9ff4 | 0000 0083 | c302 899f | f400 0000 | 81e3 fe07 
  0x00007a7c00073b84: 0000 85db | 0f84 7429 

  0x00007a7c00073b8c: ;   {metadata(method data for {method} {0x00007a7b9787e988} 'run' '()V' in 'kotlinx/coroutines/DispatchedTask')}
  0x00007a7c00073b8c: 0000 48bf | 08e4 4899 | 7b7a 0000 | 4883 8738 | 0100 0001 

  0x00007a7c00073ba0: ;   {metadata(method data for {method} {0x00007a7b976d6430} 'getASSERTIONS_ENABLED' '()Z' in 'kotlinx/coroutines/DebugKt')}
  0x00007a7c00073ba0: 48bf 98f0 | ab97 7b7a | 0000 8b9f | f400 0000 | 83c3 0289 | 9ff4 0000 | 0081 e3fe | ff1f 0085 
  0x00007a7c00073bc0: db0f 845c 

  0x00007a7c00073bc4: ;   {metadata(method data for {method} {0x00007a7b9787e988} 'run' '()V' in 'kotlinx/coroutines/DispatchedTask')}
  0x00007a7c00073bc4: 2900 0048 | bf08 e448 | 997b 7a00 | 00ff 8748 | 0100 0048 

  0x00007a7c00073bd8: ;   {metadata(method data for {method} {0x00007a7b9787e988} 'run' '()V' in 'kotlinx/coroutines/DispatchedTask')}
  0x00007a7c00073bd8: 8bfe 48bb | 08e4 4899 | 7b7a 0000 | 8b7f 0849 | ba00 0000 | 9b7b 7a00 | 0049 03fa | 483b bbe0 
  0x00007a7c00073bf8: 0100 0075 | 0d48 8383 | e801 0000 | 01e9 6000 | 0000 483b | bbf0 0100 | 0075 0d48 | 8383 f801 
  0x00007a7c00073c18: 0000 01e9 | 4a00 0000 | 4883 bbe0 | 0100 0000 | 7517 4889 | bbe0 0100 | 0048 c783 | e801 0000 
  0x00007a7c00073c38: 0100 0000 | e929 0000 | 0048 83bb | f001 0000 | 0075 1748 | 89bb f001 | 0000 48c7 | 83f8 0100 
  0x00007a7c00073c58: 0001 0000 | 00e9 0800 | 0000 4883 | 83d0 0100 | 0001 488b | fe48 8bf7 | 0f1f 4400 | 0048 b8ff 
  0x00007a7c00073c78: ffff ffff 

  0x00007a7c00073c7c: ;   {virtual_call}
  0x00007a7c00073c7c: ffff ffe8 

  0x00007a7c00073c80: ; ImmutableOopMap {[176]=Oop }
                      ;*invokevirtual getDelegate$kotlinx_coroutines_core {reexecute=0 rethrow=0 return_oop=0}
                      ; - kotlinx.coroutines.DispatchedTask::run@34 (line 80)
  0x00007a7c00073c80: 9cd6 5e07 

  0x00007a7c00073c84: ;   {other}
  0x00007a7c00073c84: 0f1f 8400 | f407 0000 | 4889 8424 | b800 0000 

  0x00007a7c00073c94: ;   {metadata(method data for {method} {0x00007a7b9787e988} 'run' '()V' in 'kotlinx/coroutines/DispatchedTask')}
  0x00007a7c00073c94: 48ba 08e4 | 4899 7b7a | 0000 4883 | 8208 0200 

  0x00007a7c00073ca4: ;   {metadata(method data for {method} {0x00007a7b9740b020} 'checkNotNull' '(Ljava/lang/Object;Ljava/lang/String;)V' in 'kotlin/jvm/internal/Intrinsics')}
  0x00007a7c00073ca4: 0001 48ba | 3868 6497 | 7b7a 0000 | 8bb2 f400 | 0000 83c6 | 0289 b2f4 | 0000 0081 | e6fe ff1f 
  0x00007a7c00073cc4: 0085 f60f | 8477 2800 | 0048 85c0 

  0x00007a7c00073cd0: ;   {metadata(method data for {method} {0x00007a7b9740b020} 'checkNotNull' '(Ljava/lang/Object;Ljava/lang/String;)V' in 'kotlin/jvm/internal/Intrinsics')}
  0x00007a7c00073cd0: 48ba 3868 | 6497 7b7a | 0000 48c7 | c638 0100 | 0075 0748 | c7c6 4801 | 0000 488b | 3c32 488d 
  0x00007a7c00073cf0: 7f01 4889 | 3c32 0f85 | e001 0000 

  0x00007a7c00073cfc: ;   {metadata(method data for {method} {0x00007a7b9740b020} 'checkNotNull' '(Ljava/lang/Object;Ljava/lang/String;)V' in 'kotlin/jvm/internal/Intrinsics')}
  0x00007a7c00073cfc: 48ba 3868 | 6497 7b7a | 0000 4883 | 8258 0100 

  0x00007a7c00073d0c: ;   {metadata(method data for {method} {0x00007a7b9740b2f0} 'throwJavaNpe' '(Ljava/lang/String;)V' in 'kotlin/jvm/internal/Intrinsics')}
  0x00007a7c00073d0c: 0001 48ba | e869 6497 | 7b7a 0000 | 8bb2 f400 | 0000 83c6 | 0289 b2f4 | 0000 0081 | e6fe ff1f 
  0x00007a7c00073d2c: 0085 f60f | 8430 2800 | 0066 6690 

  0x00007a7c00073d38: ;   {no_reloc}
  0x00007a7c00073d38: e958 2800 | 0000 0000 | 0000 498b | 87b8 0100 | 0048 8d78 | 3049 3bbf | c801 0000 | 0f87 4528 
  0x00007a7c00073d58: 0000 4989 | bfb8 0100 | 0048 c700 | 0100 0000 | 488b ca49 | ba00 0000 | 9b7b 7a00 | 0049 2bca 
  0x00007a7c00073d78: 8948 0848 | 33c9 8948 | 0c48 33c9 | 4889 4810 | 4889 4818 | 4889 4820 | 4889 4828 

  0x00007a7c00073d94: ;   {metadata(method data for {method} {0x00007a7b9740b2f0} 'throwJavaNpe' '(Ljava/lang/String;)V' in 'kotlin/jvm/internal/Intrinsics')}
  0x00007a7c00073d94: 488b d048 | bee8 6964 | 977b 7a00 | 0048 8386 | 3801 0000 

  0x00007a7c00073da8: ;   {oop("null cannot be cast to non-null type kotlinx.coroutines.internal.DispatchedContinuation<T of kotlinx.coroutines.DispatchedTask>"{0x000000070fc20db0})}
  0x00007a7c00073da8: 0148 bab0 | 0dc2 0f07 | 0000 0048 | 8bf0 4889 | 8424 c000 

  0x00007a7c00073dbc: ;   {optimized virtual_call}
  0x00007a7c00073dbc: 0000 90e8 

  0x00007a7c00073dc0: ; ImmutableOopMap {[176]=Oop [184]=Oop [192]=Oop }
                      ;*invokespecial <init> {reexecute=0 rethrow=0 return_oop=0}
                      ; - kotlin.jvm.internal.Intrinsics::throwJavaNpe@5 (line 50)
                      ; - kotlin.jvm.internal.Intrinsics::checkNotNull@5 (line 31)
                      ; - kotlinx.coroutines.DispatchedTask::run@40 (line 80)
  0x00007a7c00073dc0: bc15 5107 

  0x00007a7c00073dc4: ;   {other}
  0x00007a7c00073dc4: 0f1f 8400 | 3409 0001 

  0x00007a7c00073dcc: ;   {metadata(method data for {method} {0x00007a7b9740b2f0} 'throwJavaNpe' '(Ljava/lang/String;)V' in 'kotlin/jvm/internal/Intrinsics')}
  0x00007a7c00073dcc: 48be e869 | 6497 7b7a | 0000 4883 | 8648 0100 

  0x00007a7c00073ddc: ;   {metadata(method data for {method} {0x00007a7b9740f190} 'sanitizeStackTrace' '(Ljava/lang/Throwable;)Ljava/lang/Throwable;' in 'kotlin/jvm/internal/Intrinsics')}
  0x00007a7c00073ddc: 0001 48be | 80da 5c97 | 7b7a 0000 | 8bbe f400 | 0000 83c7 | 0289 bef4 | 0000 0081 | e7fe ff1f 
  0x00007a7c00073dfc: 0085 ff0f | 84a7 2700 

  0x00007a7c00073e04: ;   {oop(a 'java/lang/Class'{0x000000070f9dfbb8} = 'kotlin/jvm/internal/Intrinsics')}
  0x00007a7c00073e04: 0048 beb8 | fb9d 0f07 | 0000 0048 

  0x00007a7c00073e10: ;   {metadata(method data for {method} {0x00007a7b9740f190} 'sanitizeStackTrace' '(Ljava/lang/Throwable;)Ljava/lang/Throwable;' in 'kotlin/jvm/internal/Intrinsics')}
  0x00007a7c00073e10: 8bfe 48bb | 80da 5c97 | 7b7a 0000 | 4883 8338 | 0100 0001 

  0x00007a7c00073e24: ;   {metadata(method data for {method} {0x00007a7b9b4698e8} 'getName' '()Ljava/lang/String;' in 'java/lang/Class')}
  0x00007a7c00073e24: 48bf c0a9 | 0397 7b7a | 0000 8b9f | f400 0000 | 83c3 0289 | 9ff4 0000 | 0081 e3fe | ff1f 0085 
  0x00007a7c00073e44: db0f 8482 | 2700 008b | 762c 48c1 | e603 4885 

  0x00007a7c00073e54: ;   {metadata(method data for {method} {0x00007a7b9b4698e8} 'getName' '()Ljava/lang/String;' in 'java/lang/Class')}
  0x00007a7c00073e54: f648 bfc0 | a903 977b | 7a00 0048 | c7c3 3801 | 0000 7407 | 48c7 c348 | 0100 0048 | 8b04 1f48 
  0x00007a7c00073e74: 8d40 0148 | 8904 1f0f | 8418 0000 

  0x00007a7c00073e80: ;   {metadata(method data for {method} {0x00007a7b9b4698e8} 'getName' '()Ljava/lang/String;' in 'java/lang/Class')}
  0x00007a7c00073e80: 0048 bfc0 | a903 977b | 7a00 00ff | 8758 0100 | 0048 8bfe | e936 0000 

  0x00007a7c00073e98: ;   {oop(a 'java/lang/Class'{0x000000070f9dfbb8} = 'kotlin/jvm/internal/Intrinsics')}
  0x00007a7c00073e98: 0048 beb8 | fb9d 0f07 | 0000 0048 

  0x00007a7c00073ea4: ;   {metadata(method data for {method} {0x00007a7b9b4698e8} 'getName' '()Ljava/lang/String;' in 'java/lang/Class')}
  0x00007a7c00073ea4: 8bfe 48bb | c0a9 0397 | 7b7a 0000 | 4883 8370 | 0100 0001 | 0f1f 8000 

  0x00007a7c00073ebc: ;   {optimized virtual_call}
  0x00007a7c00073ebc: 0000 00e8 

  0x00007a7c00073ec0: ; ImmutableOopMap {[176]=Oop [184]=Oop [192]=Oop }
                      ;*invokevirtual initClassName {reexecute=0 rethrow=0 return_oop=0}
                      ; - java.lang.Class::getName@14 (line 950)
                      ; - kotlin.jvm.internal.Intrinsics::sanitizeStackTrace@3 (line 253)
                      ; - kotlin.jvm.internal.Intrinsics::throwJavaNpe@8 (line 50)
                      ; - kotlin.jvm.internal.Intrinsics::checkNotNull@5 (line 31)
                      ; - kotlinx.coroutines.DispatchedTask::run@40 (line 80)
  0x00007a7c00073ec0: bc14 5107 

  0x00007a7c00073ec4: ;   {other}
  0x00007a7c00073ec4: 0f1f 8400 | 340a 0002 | 488b f848 | 8b84 24c0 | 0000 00e9 | 1822 0000 | 4885 c075 

  0x00007a7c00073ee0: ;   {metadata(method data for {method} {0x00007a7b9787e988} 'run' '()V' in 'kotlinx/coroutines/DispatchedTask')}
  0x00007a7c00073ee0: 1648 bb08 | e448 997b | 7a00 0080 | 8b11 0200 | 0001 e9cc 

  0x00007a7c00073ef4: ;   {metadata('kotlinx/coroutines/internal/DispatchedContinuation')}
  0x00007a7c00073ef4: 0000 0048 | bee8 f710 | 9c7b 7a00 | 008b 7808 | 49ba 0000 | 009b 7b7a | 0000 4903 | fa48 3bf7 
  0x00007a7c00073f14: 0f85 8d00 

  0x00007a7c00073f18: ;   {metadata(method data for {method} {0x00007a7b9787e988} 'run' '()V' in 'kotlinx/coroutines/DispatchedTask')}
  0x00007a7c00073f18: 0000 48bb | 08e4 4899 | 7b7a 0000 | 8b70 0849 | ba00 0000 | 9b7b 7a00 | 0049 03f2 | 483b b328 
  0x00007a7c00073f38: 0200 0075 | 0d48 8383 | 3002 0000 | 01e9 7900 | 0000 483b | b338 0200 | 0075 0d48 | 8383 4002 
  0x00007a7c00073f58: 0000 01e9 | 6300 0000 | 4883 bb28 | 0200 0000 | 7517 4889 | b328 0200 | 0048 c783 | 3002 0000 
  0x00007a7c00073f78: 0100 0000 | e942 0000 | 0048 83bb | 3802 0000 | 0075 1748 | 89b3 3802 | 0000 48c7 | 8340 0200 
  0x00007a7c00073f98: 0001 0000 | 00e9 2100 | 0000 e91c 

  0x00007a7c00073fa4: ;   {metadata(method data for {method} {0x00007a7b9787e988} 'run' '()V' in 'kotlinx/coroutines/DispatchedTask')}
  0x00007a7c00073fa4: 0000 0048 | bb08 e448 | 997b 7a00 | 0048 83ab | 1802 0000 | 01e9 3526 | 0000 e900 | 0000 0048 
  0x00007a7c00073fc4: 8bf0 8b7e | 2048 c1e7 | 038b 5e28 | 48c1 e303 

  0x00007a7c00073fd4: ; implicit exception: dispatches to 0x00007a7c00076601
  0x00007a7c00073fd4: 483b 0748 

  0x00007a7c00073fd8: ;   {metadata(method data for {method} {0x00007a7b9787e988} 'run' '()V' in 'kotlinx/coroutines/DispatchedTask')}
  0x00007a7c00073fd8: 8bf7 48b8 | 08e4 4899 | 7b7a 0000 | 8b76 0849 | ba00 0000 | 9b7b 7a00 | 0049 03f2 | 483b b060 
  0x00007a7c00073ff8: 0200 0075 | 0d48 8380 | 6802 0000 | 01e9 6000 | 0000 483b | b070 0200 | 0075 0d48 | 8380 7802 
  0x00007a7c00074018: 0000 01e9 | 4a00 0000 | 4883 b860 | 0200 0000 | 7517 4889 | b060 0200 | 0048 c780 | 6802 0000 
  0x00007a7c00074038: 0100 0000 | e929 0000 | 0048 83b8 | 7002 0000 | 0075 1748 | 89b0 7002 | 0000 48c7 | 8078 0200 
  0x00007a7c00074058: 0001 0000 | 00e9 0800 | 0000 4883 | 8050 0200 | 0001 488b | f748 89bc | 24d0 0000 | 0048 899c 
  0x00007a7c00074078: 24c8 0000 | 0048 b870 | 0b00 fc7a 

  0x00007a7c00074084: ;   {virtual_call}
  0x00007a7c00074084: 7a00 00e8 

  0x00007a7c00074088: ; ImmutableOopMap {[176]=Oop [200]=Oop [208]=Oop }
                      ;*invokeinterface getContext {reexecute=0 rethrow=0 return_oop=0}
                      ; - kotlinx.coroutines.DispatchedTask::run@64 (line 222)
  0x00007a7c00074088: 24d3 5e07 

  0x00007a7c0007408c: ;   {other}
  0x00007a7c0007408c: 0f1f 8400 | fc0b 0003 

  0x00007a7c00074094: ;   {metadata(method data for {method} {0x00007a7b9787e988} 'run' '()V' in 'kotlinx/coroutines/DispatchedTask')}
  0x00007a7c00074094: 48be 08e4 | 4899 7b7a | 0000 4883 | 8688 0200 | 0001 488b | f048 8b94 | 24c8 0000 | 0048 8984 
  0x00007a7c000740b4: 24d8 0000 | 0066 0f1f 

  0x00007a7c000740bc: ;   {static_call}
  0x00007a7c000740bc: 4400 00e8 

  0x00007a7c000740c0: ; ImmutableOopMap {[176]=Oop [208]=Oop [216]=Oop }
                      ;*invokestatic updateThreadContext {reexecute=0 rethrow=0 return_oop=0}
                      ; - kotlinx.coroutines.DispatchedTask::run@75 (line 223)
  0x00007a7c000740c0: fce4 fbff 

  0x00007a7c000740c4: ;   {other}
  0x00007a7c000740c4: 0f1f 8400 | 340c 0004 

  0x00007a7c000740cc: ;   {oop(a 'kotlinx/coroutines/internal/Symbol'{0x000000070f803118})}
  0x00007a7c000740cc: 49ba 1831 | 800f 0700 | 0000 493b 

  0x00007a7c000740d8: ;   {metadata(method data for {method} {0x00007a7b9787e988} 'run' '()V' in 'kotlinx/coroutines/DispatchedTask')}
  0x00007a7c000740d8: c248 be08 | e448 997b | 7a00 0048 | c7c2 9802 | 0000 7407 | 48c7 c2a8 | 0200 0048 | 8b0c 1648 
  0x00007a7c000740f8: 8d49 0148 | 890c 160f | 8454 0000 

  0x00007a7c00074104: ;   {metadata(method data for {method} {0x00007a7b9787e988} 'run' '()V' in 'kotlinx/coroutines/DispatchedTask')}
  0x00007a7c00074104: 0048 be08 | e448 997b | 7a00 0048 | 8386 b802 | 0000 0148 | 8bb4 24d0 | 0000 0048 | 8b94 24d8 
  0x00007a7c00074124: 0000 0048 | 8bc8 4889 | 8424 e000 | 0000 0f1f 

  0x00007a7c00074134: ;   {static_call}
  0x00007a7c00074134: 4400 00e8 

  0x00007a7c00074138: ; ImmutableOopMap {[176]=Oop [208]=Oop [216]=Oop [224]=Oop }
                      ;*invokestatic updateUndispatchedCompletion {reexecute=0 rethrow=0 return_oop=0}
                      ; - kotlinx.coroutines.DispatchedTask::run@93 (line 226)
  0x00007a7c00074138: 4418 5107 

  0x00007a7c0007413c: ;   {other}
  0x00007a7c0007413c: 0f1f 8400 | ac0c 0005 

  0x00007a7c00074144: ;   {metadata(method data for {method} {0x00007a7b9787e988} 'run' '()V' in 'kotlinx/coroutines/DispatchedTask')}
  0x00007a7c00074144: 48be 08e4 | 4899 7b7a | 0000 ff86 | c802 0000 | e912 0000 | 0048 8984 | 24e0 0000 

  0x00007a7c00074160: ;   {oop(nullptr)}
  0x00007a7c00074160: 0048 b800 | 0000 0000 | 0000 0048 | 8984 24e8 | 0000 0048 | 8bbc 24d0 

  0x00007a7c00074178: ;   {metadata(method data for {method} {0x00007a7b9787e988} 'run' '()V' in 'kotlinx/coroutines/DispatchedTask')}
  0x00007a7c00074178: 0000 0048 | be08 e448 | 997b 7a00 | 008b 7f08 | 49ba 0000 | 009b 7b7a | 0000 4903 | fa48 3bbe 
  0x00007a7c00074198: f002 0000 | 750d 4883 | 86f8 0200 | 0001 e960 | 0000 0048 | 3bbe 0003 | 0000 750d | 4883 8608 
  0x00007a7c000741b8: 0300 0001 | e94a 0000 | 0048 83be | f002 0000 | 0075 1748 | 89be f002 | 0000 48c7 | 86f8 0200 
  0x00007a7c000741d8: 0001 0000 | 00e9 2900 | 0000 4883 | be00 0300 | 0000 7517 | 4889 be00 | 0300 0048 | c786 0803 
  0x00007a7c000741f8: 0000 0100 | 0000 e908 | 0000 0048 | 8386 e002 | 0000 0148 | 8bb4 24d0 | 0000 0066 | 9048 b840 
  0x00007a7c00074218: 0c00 fc7a 

  0x00007a7c0007421c: ;   {virtual_call}
  0x00007a7c0007421c: 7a00 00e8 

  0x00007a7c00074220: ; ImmutableOopMap {[176]=Oop [208]=Oop [216]=Oop [224]=Oop [232]=Oop }
                      ;*invokeinterface getContext {reexecute=0 rethrow=0 return_oop=0}
                      ; - kotlinx.coroutines.DispatchedTask::run@107 (line 83)
  0x00007a7c00074220: 8cd1 5e07 

  0x00007a7c00074224: ;   {other}
  0x00007a7c00074224: 0f1f 8400 | 940d 0006 | 488b b424 | b000 0000 

  0x00007a7c00074234: ;   {metadata(method data for {method} {0x00007a7b9787e988} 'run' '()V' in 'kotlinx/coroutines/DispatchedTask')}
  0x00007a7c00074234: 48bf 08e4 | 4899 7b7a | 0000 8b76 | 0849 ba00 | 0000 9b7b | 7a00 0049 | 03f2 483b | b728 0300 
  0x00007a7c00074254: 0075 0d48 | 8387 3003 | 0000 01e9 | 6000 0000 | 483b b738 | 0300 0075 | 0d48 8387 | 4003 0000 
  0x00007a7c00074274: 01e9 4a00 | 0000 4883 | bf28 0300 | 0000 7517 | 4889 b728 | 0300 0048 | c787 3003 | 0000 0100 
  0x00007a7c00074294: 0000 e929 | 0000 0048 | 83bf 3803 | 0000 0075 | 1748 89b7 | 3803 0000 | 48c7 8740 | 0300 0001 
  0x00007a7c000742b4: 0000 00e9 | 0800 0000 | 4883 8718 | 0300 0001 | 488b b424 | b000 0000 | 4889 8424 | f000 0000 
  0x00007a7c000742d4: 9048 b8ff | ffff ffff 

  0x00007a7c000742dc: ;   {virtual_call}
  0x00007a7c000742dc: ffff ffe8 

  0x00007a7c000742e0: ; ImmutableOopMap {[176]=Oop [208]=Oop [216]=Oop [224]=Oop [232]=Oop [240]=Oop }
                      ;*invokevirtual takeState$kotlinx_coroutines_core {reexecute=0 rethrow=0 return_oop=0}
                      ; - kotlinx.coroutines.DispatchedTask::run@115 (line 84)
  0x00007a7c000742e0: 3cd2 5e07 

  0x00007a7c000742e4: ;   {other}
  0x00007a7c000742e4: 0f1f 8400 | 540e 0007 | 4889 8424 | f800 0000 | 488b b424 | b000 0000 

  0x00007a7c000742fc: ;   {metadata(method data for {method} {0x00007a7b9787e988} 'run' '()V' in 'kotlinx/coroutines/DispatchedTask')}
  0x00007a7c000742fc: 48ba 08e4 | 4899 7b7a | 0000 8b76 | 0849 ba00 | 0000 9b7b | 7a00 0049 | 03f2 483b | b260 0300 
  0x00007a7c0007431c: 0075 0d48 | 8382 6803 | 0000 01e9 | 6000 0000 | 483b b270 | 0300 0075 | 0d48 8382 | 7803 0000 
  0x00007a7c0007433c: 01e9 4a00 | 0000 4883 | ba60 0300 | 0000 7517 | 4889 b260 | 0300 0048 | c782 6803 | 0000 0100 
  0x00007a7c0007435c: 0000 e929 | 0000 0048 | 83ba 7003 | 0000 0075 | 1748 89b2 | 7003 0000 | 48c7 8278 | 0300 0001 
  0x00007a7c0007437c: 0000 00e9 | 0800 0000 | 4883 8250 | 0300 0001 | 488b d048 | 8bb4 24b0 | 0000 0066 | 0f1f 4400 
  0x00007a7c0007439c: 0048 b8ff | ffff ffff 

  0x00007a7c000743a4: ;   {virtual_call}
  0x00007a7c000743a4: ffff ffe8 

  0x00007a7c000743a8: ; ImmutableOopMap {[176]=Oop [208]=Oop [216]=Oop [224]=Oop [232]=Oop [240]=Oop [248]=Oop }
                      ;*invokevirtual getExceptionalResult$kotlinx_coroutines_core {reexecute=0 rethrow=0 return_oop=0}
                      ; - kotlinx.coroutines.DispatchedTask::run@123 (line 85)
  0x00007a7c000743a8: 14d1 5e07 

  0x00007a7c000743ac: ;   {other}
  0x00007a7c000743ac: 0f1f 8400 | 1c0f 0008 | 4889 8424 | 0001 0000 

  0x00007a7c000743bc: ;   {metadata(method data for {method} {0x00007a7b9787e988} 'run' '()V' in 'kotlinx/coroutines/DispatchedTask')}
  0x00007a7c000743bc: 4885 c048 | ba08 e448 | 997b 7a00 | 0048 c7c6 | 8803 0000 | 7507 48c7 | c698 0300 | 0048 8b3c 
  0x00007a7c000743dc: 3248 8d7f | 0148 893c | 3248 8bb4 | 24b0 0000 | 000f 85ea | 0000 008b 

  0x00007a7c000743f4: ;   {metadata(method data for {method} {0x00007a7b9787e988} 'run' '()V' in 'kotlinx/coroutines/DispatchedTask')}
  0x00007a7c000743f4: 5618 48bf | 08e4 4899 | 7b7a 0000 | 4883 87a8 | 0300 0001 

  0x00007a7c00074408: ;   {metadata(method data for {method} {0x00007a7b97896338} 'isCancellableMode' '(I)Z' in 'kotlinx/coroutines/DispatchedTaskKt')}
  0x00007a7c00074408: 48bf b00c | 2599 7b7a | 0000 8b9f | f400 0000 | 83c3 0289 | 9ff4 0000 | 0081 e3fe | ff1f 0085 
  0x00007a7c00074428: db0f 84d7 | 2100 0083 

  0x00007a7c00074430: ;   {metadata(method data for {method} {0x00007a7b97896338} 'isCancellableMode' '(I)Z' in 'kotlinx/coroutines/DispatchedTaskKt')}
  0x00007a7c00074430: fa01 48bf | b00c 2599 | 7b7a 0000 | 48c7 c338 | 0100 0074 | 0748 c7c3 | 4801 0000 | 488b 0c1f 
  0x00007a7c00074450: 488d 4901 | 4889 0c1f | 0f84 2f00 | 0000 83fa 

  0x00007a7c00074460: ;   {metadata(method data for {method} {0x00007a7b97896338} 'isCancellableMode' '(I)Z' in 'kotlinx/coroutines/DispatchedTaskKt')}
  0x00007a7c00074460: 0248 bab0 | 0c25 997b | 7a00 0048 | c7c7 5801 | 0000 7507 | 48c7 c768 | 0100 0048 | 8b1c 3a48 
  0x00007a7c00074480: 8d5b 0148 | 891c 3a0f | 851a 0000 

  0x00007a7c0007448c: ;   {metadata(method data for {method} {0x00007a7b97896338} 'isCancellableMode' '(I)Z' in 'kotlinx/coroutines/DispatchedTaskKt')}
  0x00007a7c0007448c: 0048 bab0 | 0c25 997b | 7a00 00ff | 8278 0100 | 00ba 0100 | 0000 e905 | 0000 00ba | 0000 0000 
  0x00007a7c000744ac: 83e2 0185 

  0x00007a7c000744b0: ;   {metadata(method data for {method} {0x00007a7b9787e988} 'run' '()V' in 'kotlinx/coroutines/DispatchedTask')}
  0x00007a7c000744b0: d248 ba08 | e448 997b | 7a00 0048 | c7c7 c803 | 0000 7507 | 48c7 c7b8 | 0300 0048 | 8b1c 3a48 
  0x00007a7c000744d0: 8d5b 0148 | 891c 3a0f | 850f 0000 

  0x00007a7c000744dc: ;   {oop(nullptr)}
  0x00007a7c000744dc: 0048 bf00 | 0000 0000 | 0000 00e9 | e001 0000 | 488b 8424 | f000 0000 

  0x00007a7c000744f4: ; implicit exception: dispatches to 0x00007a7c00076627
  0x00007a7c000744f4: 483b 0048 

  0x00007a7c000744f8: ;   {metadata(method data for {method} {0x00007a7b9787e988} 'run' '()V' in 'kotlinx/coroutines/DispatchedTask')}
  0x00007a7c000744f8: 8bd0 48bb | 08e4 4899 | 7b7a 0000 | 8b52 0849 | ba00 0000 | 9b7b 7a00 | 0049 03d2 | 483b 9320 
  0x00007a7c00074518: 0400 0075 | 0d48 8383 | 2804 0000 | 01e9 6000 | 0000 483b | 9330 0400 | 0075 0d48 | 8383 3804 
  0x00007a7c00074538: 0000 01e9 | 4a00 0000 | 4883 bb20 | 0400 0000 | 7517 4889 | 9320 0400 | 0048 c783 | 2804 0000 
  0x00007a7c00074558: 0100 0000 | e929 0000 | 0048 83bb | 3004 0000 | 0075 1748 | 8993 3004 | 0000 48c7 | 8338 0400 
  0x00007a7c00074578: 0001 0000 | 00e9 0800 | 0000 4883 | 8310 0400 

  0x00007a7c00074588: ;   {oop(a 'kotlinx/coroutines/Job$Key'{0x000000070f9dfcc0})}
  0x00007a7c00074588: 0001 48ba | c0fc 9d0f | 0700 0000 | 488b f066 | 0f1f 4400 | 0048 b830 | 5e08 9c7b 

  0x00007a7c000745a4: ;   {virtual_call}
  0x00007a7c000745a4: 7a00 00e8 

  0x00007a7c000745a8: ; ImmutableOopMap {[176]=Oop [208]=Oop [216]=Oop [224]=Oop [232]=Oop [248]=Oop [256]=Oop }
                      ;*invokeinterface get {reexecute=0 rethrow=0 return_oop=0}
                      ; - kotlinx.coroutines.DispatchedTask::run@151 (line 91)
  0x00007a7c000745a8: 7486 bf07 

  0x00007a7c000745ac: ;   {other}
  0x00007a7c000745ac: 0f1f 8400 | 1c11 0009 | 4885 c075 

  0x00007a7c000745b8: ;   {metadata(method data for {method} {0x00007a7b9787e988} 'run' '()V' in 'kotlinx/coroutines/DispatchedTask')}
  0x00007a7c000745b8: 1648 bb08 | e448 997b | 7a00 0080 | 8b41 0400 | 0001 e9e7 

  0x00007a7c000745cc: ;   {metadata('kotlinx/coroutines/Job')}
  0x00007a7c000745cc: 0000 0048 | bed8 1b08 | 9c7b 7a00 | 008b 5808 | 49ba 0000 | 009b 7b7a | 0000 4903 | da48 3b73 
  0x00007a7c000745ec: 200f 841a | 0000 0048 | 3bde 0f84 | 1100 0000 

  0x00007a7c000745fc: ;   {runtime_call slow_subtype_check Runtime1 stub}
  0x00007a7c000745fc: 5356 e8fd | 605d 075b | 5b85 db0f | 848d 0000 

  0x00007a7c0007460c: ;   {metadata(method data for {method} {0x00007a7b9787e988} 'run' '()V' in 'kotlinx/coroutines/DispatchedTask')}
  0x00007a7c0007460c: 0048 bb08 | e448 997b | 7a00 008b | 7008 49ba | 0000 009b | 7b7a 0000 | 4903 f248 | 3bb3 5804 
  0x00007a7c0007462c: 0000 750d | 4883 8360 | 0400 0001 | e979 0000 | 0048 3bb3 | 6804 0000 | 750d 4883 | 8370 0400 
  0x00007a7c0007464c: 0001 e963 | 0000 0048 | 83bb 5804 | 0000 0075 | 1748 89b3 | 5804 0000 | 48c7 8360 | 0400 0001 
  0x00007a7c0007466c: 0000 00e9 | 4200 0000 | 4883 bb68 | 0400 0000 | 7517 4889 | b368 0400 | 0048 c783 | 7004 0000 
  0x00007a7c0007468c: 0100 0000 | e921 0000 | 00e9 1c00 

  0x00007a7c00074698: ;   {metadata(method data for {method} {0x00007a7b9787e988} 'run' '()V' in 'kotlinx/coroutines/DispatchedTask')}
  0x00007a7c00074698: 0000 48bb | 08e4 4899 | 7b7a 0000 | 4883 ab48 | 0400 0001 | e97b 1f00 | 00e9 0000 | 0000 488b 
  0x00007a7c000746b8: ;   {metadata(method data for {method} {0x00007a7b9787e988} 'run' '()V' in 'kotlinx/coroutines/DispatchedTask')}
  0x00007a7c000746b8: f048 bf08 | e448 997b | 7a00 00ff | 8780 0400 | 0048 8bfe 

  0x00007a7c000746cc: ;   {metadata(method data for {method} {0x00007a7b9787e988} 'run' '()V' in 'kotlinx/coroutines/DispatchedTask')}
  0x00007a7c000746cc: 4885 ff48 | be08 e448 | 997b 7a00 | 0048 c7c3 | 9804 0000 | 7407 48c7 | c3a8 0400 | 0048 8b04 
  0x00007a7c000746ec: 1e48 8d40 | 0148 8904 | 1e0f 84e7 | 0000 0048 | 3b07 488b 

  0x00007a7c00074700: ;   {metadata(method data for {method} {0x00007a7b9787e988} 'run' '()V' in 'kotlinx/coroutines/DispatchedTask')}
  0x00007a7c00074700: f748 bb08 | e448 997b | 7a00 008b | 7608 49ba | 0000 009b | 7b7a 0000 | 4903 f248 | 3bb3 c804 
  0x00007a7c00074720: 0000 750d | 4883 83d0 | 0400 0001 | e960 0000 | 0048 3bb3 | d804 0000 | 750d 4883 | 83e0 0400 
  0x00007a7c00074740: 0001 e94a | 0000 0048 | 83bb c804 | 0000 0075 | 1748 89b3 | c804 0000 | 48c7 83d0 | 0400 0001 
  0x00007a7c00074760: 0000 00e9 | 2900 0000 | 4883 bbd8 | 0400 0000 | 7517 4889 | b3d8 0400 | 0048 c783 | e004 0000 
  0x00007a7c00074780: 0100 0000 | e908 0000 | 0048 8383 | b804 0000 | 0148 8bf7 | 4889 bc24 | 0801 0000 | 9048 b8d0 
  0x00007a7c000747a0: b86c 1c7b 

  0x00007a7c000747a4: ;   {virtual_call}
  0x00007a7c000747a4: 7a00 00e8 

  0x00007a7c000747a8: ; ImmutableOopMap {[176]=Oop [208]=Oop [216]=Oop [224]=Oop [232]=Oop [248]=Oop [256]=Oop [264]=Oop }
                      ;*invokeinterface isActive {reexecute=0 rethrow=0 return_oop=0}
                      ; - kotlinx.coroutines.DispatchedTask::run@172 (line 92)
  0x00007a7c000747a8: acd3 5e07 

  0x00007a7c000747ac: ;   {other}
  0x00007a7c000747ac: 0f1f 8400 | 1c13 000a 

  0x00007a7c000747b4: ;   {metadata(method data for {method} {0x00007a7b9787e988} 'run' '()V' in 'kotlinx/coroutines/DispatchedTask')}
  0x00007a7c000747b4: 85c0 48ba | 08e4 4899 | 7b7a 0000 | 48c7 c600 | 0500 0074 | 0748 c7c6 | f004 0000 | 488b 3c32 
  0x00007a7c000747d4: 488d 7f01 | 4889 3c32 | 0f84 3709 | 0000 488b | 8424 0001 | 0000 4885 

  0x00007a7c000747ec: ;   {metadata(method data for {method} {0x00007a7b9787e988} 'run' '()V' in 'kotlinx/coroutines/DispatchedTask')}
  0x00007a7c000747ec: c048 ba08 | e448 997b | 7a00 0048 | c7c6 4807 | 0000 7407 | 48c7 c658 | 0700 0048 | 8b3c 3248 
  0x00007a7c0007480c: 8d7f 0148 | 893c 320f | 8440 0700 

  0x00007a7c00074818: ;   {metadata(method data for {method} {0x00007a7b9787e988} 'run' '()V' in 'kotlinx/coroutines/DispatchedTask')}
  0x00007a7c00074818: 0048 ba08 | e448 997b | 7a00 0048 | 8382 6807 

  0x00007a7c00074828: ;   {metadata(method data for {method} {0x00007a7b978389b8} 'createFailure' '(Ljava/lang/Throwable;)Ljava/lang/Object;' in 'kotlin/ResultKt')}
  0x00007a7c00074828: 0000 0148 | bac0 cc4b | 997b 7a00 | 008b b2f4 | 0000 0083 | c602 89b2 | f400 0000 | 81e6 feff 
  0x00007a7c00074848: 1f00 85f6 | 0f84 e81d 

  0x00007a7c00074850: ;   {metadata(method data for {method} {0x00007a7b978389b8} 'createFailure' '(Ljava/lang/Throwable;)Ljava/lang/Object;' in 'kotlin/ResultKt')}
  0x00007a7c00074850: 0000 48ba | c0cc 4b99 | 7b7a 0000 | 4883 8238 | 0100 0001 

  0x00007a7c00074864: ;   {metadata(method data for {method} {0x00007a7b9740bf98} 'checkNotNullParameter' '(Ljava/lang/Object;Ljava/lang/String;)V' in 'kotlin/jvm/internal/Intrinsics')}
  0x00007a7c00074864: 48ba 005e | 5c97 7b7a | 0000 8bb2 | f400 0000 | 83c6 0289 | b2f4 0000 | 0081 e6fe | ff1f 0085 
  0x00007a7c00074884: f60f 84d0 | 1d00 0048 

  0x00007a7c0007488c: ;   {metadata(method data for {method} {0x00007a7b9740bf98} 'checkNotNullParameter' '(Ljava/lang/Object;Ljava/lang/String;)V' in 'kotlin/jvm/internal/Intrinsics')}
  0x00007a7c0007488c: 85c0 48ba | 005e 5c97 | 7b7a 0000 | 48c7 c638 | 0100 0075 | 0748 c7c6 | 4801 0000 | 488b 3c32 
  0x00007a7c000748ac: 488d 7f01 | 4889 3c32 | 0f85 1a02 

  0x00007a7c000748b8: ;   {metadata(method data for {method} {0x00007a7b9740bf98} 'checkNotNullParameter' '(Ljava/lang/Object;Ljava/lang/String;)V' in 'kotlin/jvm/internal/Intrinsics')}
  0x00007a7c000748b8: 0000 48ba | 005e 5c97 | 7b7a 0000 | 4883 8258 | 0100 0001 

  0x00007a7c000748cc: ;   {metadata(method data for {method} {0x00007a7b9740e118} 'throwParameterIsNullNPE' '(Ljava/lang/String;)V' in 'kotlin/jvm/internal/Intrinsics')}
  0x00007a7c000748cc: 48ba 60cc | 5c97 7b7a | 0000 8bb2 | f400 0000 | 83c6 0289 | b2f4 0000 | 0081 e6fe | ff1f 0085 
  0x00007a7c000748ec: f60f 8489 | 1d00 000f | 1f44 0000 

  0x00007a7c000748f8: ;   {no_reloc}
  0x00007a7c000748f8: e9af 1d00 | 0000 0000 | 0000 498b | 87b8 0100 | 0048 8d78 | 3049 3bbf | c801 0000 | 0f87 9c1d 
  0x00007a7c00074918: 0000 4989 | bfb8 0100 | 0048 c700 | 0100 0000 | 488b ca49 | ba00 0000 | 9b7b 7a00 | 0049 2bca 
  0x00007a7c00074938: 8948 0848 | 33c9 8948 | 0c48 33c9 | 4889 4810 | 4889 4818 | 4889 4820 | 4889 4828 

  0x00007a7c00074954: ;   {metadata(method data for {method} {0x00007a7b9740e118} 'throwParameterIsNullNPE' '(Ljava/lang/String;)V' in 'kotlin/jvm/internal/Intrinsics')}
  0x00007a7c00074954: 48be 60cc | 5c97 7b7a | 0000 4883 | 8638 0100 

  0x00007a7c00074964: ;   {oop("exception"{0x000000070f2f6aa8})}
  0x00007a7c00074964: 0001 48be | a86a 2f0f | 0700 0000 | 4889 8424 | 1001 0000 | 0f1f 8000 

  0x00007a7c0007497c: ;   {static_call}
  0x00007a7c0007497c: 0000 00e8 

  0x00007a7c00074980: ; ImmutableOopMap {[176]=Oop [208]=Oop [216]=Oop [224]=Oop [232]=Oop [256]=Oop [272]=Oop }
                      ;*invokestatic createParameterIsNullExceptionMessage {reexecute=0 rethrow=0 return_oop=0}
                      ; - kotlin.jvm.internal.Intrinsics::throwParameterIsNullNPE@5 (line 140)
                      ; - kotlin.jvm.internal.Intrinsics::checkNotNullParameter@5 (line 131)
                      ; - kotlin.ResultKt::createFailure@3
                      ; - kotlinx.coroutines.DispatchedTask::run@286 (line 98)
  0x00007a7c00074980: fc0f 5107 

  0x00007a7c00074984: ;   {other}
  0x00007a7c00074984: 0f1f 8400 | f414 000b | 488b 9424 | 1001 0000 

  0x00007a7c00074994: ;   {metadata(method data for {method} {0x00007a7b9740e118} 'throwParameterIsNullNPE' '(Ljava/lang/String;)V' in 'kotlin/jvm/internal/Intrinsics')}
  0x00007a7c00074994: 48be 60cc | 5c97 7b7a | 0000 4883 | 8648 0100 | 0001 488b | d048 8bb4 | 2410 0100 | 0066 0f1f 
  0x00007a7c000749b4: ;   {optimized virtual_call}
  0x00007a7c000749b4: 4400 00e8 

  0x00007a7c000749b8: ; ImmutableOopMap {[176]=Oop [208]=Oop [216]=Oop [224]=Oop [232]=Oop [256]=Oop [272]=Oop }
                      ;*invokespecial <init> {reexecute=0 rethrow=0 return_oop=0}
                      ; - kotlin.jvm.internal.Intrinsics::throwParameterIsNullNPE@8 (line 140)
                      ; - kotlin.jvm.internal.Intrinsics::checkNotNullParameter@5 (line 131)
                      ; - kotlin.ResultKt::createFailure@3
                      ; - kotlinx.coroutines.DispatchedTask::run@286 (line 98)
  0x00007a7c000749b8: c409 5107 

  0x00007a7c000749bc: ;   {other}
  0x00007a7c000749bc: 0f1f 8400 | 2c15 000c 

  0x00007a7c000749c4: ;   {metadata(method data for {method} {0x00007a7b9740e118} 'throwParameterIsNullNPE' '(Ljava/lang/String;)V' in 'kotlin/jvm/internal/Intrinsics')}
  0x00007a7c000749c4: 48be 60cc | 5c97 7b7a | 0000 4883 | 8658 0100 

  0x00007a7c000749d4: ;   {metadata(method data for {method} {0x00007a7b9740f190} 'sanitizeStackTrace' '(Ljava/lang/Throwable;)Ljava/lang/Throwable;' in 'kotlin/jvm/internal/Intrinsics')}
  0x00007a7c000749d4: 0001 48be | 80da 5c97 | 7b7a 0000 | 8bbe f400 | 0000 83c7 | 0289 bef4 | 0000 0081 | e7fe ff1f 
  0x00007a7c000749f4: 0085 ff0f | 84c6 1c00 

  0x00007a7c000749fc: ;   {oop(a 'java/lang/Class'{0x000000070f9dfbb8} = 'kotlin/jvm/internal/Intrinsics')}
  0x00007a7c000749fc: 0048 beb8 | fb9d 0f07 | 0000 0048 

  0x00007a7c00074a08: ;   {metadata(method data for {method} {0x00007a7b9740f190} 'sanitizeStackTrace' '(Ljava/lang/Throwable;)Ljava/lang/Throwable;' in 'kotlin/jvm/internal/Intrinsics')}
  0x00007a7c00074a08: 8bfe 48bb | 80da 5c97 | 7b7a 0000 | 4883 8338 | 0100 0001 

  0x00007a7c00074a1c: ;   {metadata(method data for {method} {0x00007a7b9b4698e8} 'getName' '()Ljava/lang/String;' in 'java/lang/Class')}
  0x00007a7c00074a1c: 48bf c0a9 | 0397 7b7a | 0000 8b9f | f400 0000 | 83c3 0289 | 9ff4 0000 | 0081 e3fe | ff1f 0085 
  0x00007a7c00074a3c: db0f 84a1 | 1c00 008b | 762c 48c1 | e603 4885 

  0x00007a7c00074a4c: ;   {metadata(method data for {method} {0x00007a7b9b4698e8} 'getName' '()Ljava/lang/String;' in 'java/lang/Class')}
  0x00007a7c00074a4c: f648 bfc0 | a903 977b | 7a00 0048 | c7c3 3801 | 0000 7407 | 48c7 c348 | 0100 0048 | 8b04 1f48 
  0x00007a7c00074a6c: 8d40 0148 | 8904 1f0f | 8418 0000 

  0x00007a7c00074a78: ;   {metadata(method data for {method} {0x00007a7b9b4698e8} 'getName' '()Ljava/lang/String;' in 'java/lang/Class')}
  0x00007a7c00074a78: 0048 bfc0 | a903 977b | 7a00 00ff | 8758 0100 | 0048 8bfe | e936 0000 

  0x00007a7c00074a90: ;   {oop(a 'java/lang/Class'{0x000000070f9dfbb8} = 'kotlin/jvm/internal/Intrinsics')}
  0x00007a7c00074a90: 0048 beb8 | fb9d 0f07 | 0000 0048 

  0x00007a7c00074a9c: ;   {metadata(method data for {method} {0x00007a7b9b4698e8} 'getName' '()Ljava/lang/String;' in 'java/lang/Class')}
  0x00007a7c00074a9c: 8bfe 48bb | c0a9 0397 | 7b7a 0000 | 4883 8370 | 0100 0001 | 0f1f 8000 

  0x00007a7c00074ab4: ;   {optimized virtual_call}
  0x00007a7c00074ab4: 0000 00e8 

  0x00007a7c00074ab8: ; ImmutableOopMap {[176]=Oop [208]=Oop [216]=Oop [224]=Oop [232]=Oop [256]=Oop [272]=Oop }
                      ;*invokevirtual initClassName {reexecute=0 rethrow=0 return_oop=0}
                      ; - java.lang.Class::getName@14 (line 950)
                      ; - kotlin.jvm.internal.Intrinsics::sanitizeStackTrace@3 (line 253)
                      ; - kotlin.jvm.internal.Intrinsics::throwParameterIsNullNPE@11 (line 140)
                      ; - kotlin.jvm.internal.Intrinsics::checkNotNullParameter@5 (line 131)
                      ; - kotlin.ResultKt::createFailure@3
                      ; - kotlinx.coroutines.DispatchedTask::run@286 (line 98)
  0x00007a7c00074ab8: c408 5107 

  0x00007a7c00074abc: ;   {other}
  0x00007a7c00074abc: 0f1f 8400 | 2c16 000d | 488b f848 | 8b84 2410 | 0100 00e9 | f313 0000 

  0x00007a7c00074ad4: ;   {metadata('kotlin/Result$Failure')}
  0x00007a7c00074ad4: 48ba d896 | 109c 7b7a | 0000 488b | d849 8b87 | b801 0000 | 488d 7810 | 493b bfc8 | 0100 000f 
  0x00007a7c00074af4: 8711 1c00 | 0049 89bf | b801 0000 | 48c7 0001 | 0000 0048 | 8bca 49ba | 0000 009b | 7b7a 0000 
  0x00007a7c00074b14: 492b ca89 | 4808 4833 | c989 480c | 4833 c948 | 8984 2420 | 0100 0048 

  0x00007a7c00074b2c: ;   {metadata(method data for {method} {0x00007a7b978389b8} 'createFailure' '(Ljava/lang/Throwable;)Ljava/lang/Object;' in 'kotlin/ResultKt')}
  0x00007a7c00074b2c: 8bd0 48be | c0cc 4b99 | 7b7a 0000 | 4883 8648 | 0100 0001 

  0x00007a7c00074b40: ;   {metadata(method data for {method} {0x00007a7b97839ea8} '<init>' '(Ljava/lang/Throwable;)V' in 'kotlin/Result$Failure')}
  0x00007a7c00074b40: 48ba 70d1 | 4b99 7b7a | 0000 8bb2 | f400 0000 | 83c6 0289 | b2f4 0000 | 0081 e6fe | ff1f 0085 
  0x00007a7c00074b60: f60f 84b0 

  0x00007a7c00074b64: ;   {metadata(method data for {method} {0x00007a7b97839ea8} '<init>' '(Ljava/lang/Throwable;)V' in 'kotlin/Result$Failure')}
  0x00007a7c00074b64: 1b00 0048 | ba70 d14b | 997b 7a00 | 0048 8382 | 3801 0000 

  0x00007a7c00074b78: ;   {metadata(method data for {method} {0x00007a7b9740bf98} 'checkNotNullParameter' '(Ljava/lang/Object;Ljava/lang/String;)V' in 'kotlin/jvm/internal/Intrinsics')}
  0x00007a7c00074b78: 0148 ba00 | 5e5c 977b | 7a00 008b | b2f4 0000 | 0083 c602 | 89b2 f400 | 0000 81e6 | feff 1f00 
  0x00007a7c00074b98: 85f6 0f84 | 981b 0000 

  0x00007a7c00074ba0: ;   {metadata(method data for {method} {0x00007a7b9740bf98} 'checkNotNullParameter' '(Ljava/lang/Object;Ljava/lang/String;)V' in 'kotlin/jvm/internal/Intrinsics')}
  0x00007a7c00074ba0: 4885 db48 | ba00 5e5c | 977b 7a00 | 0048 c7c6 | 3801 0000 | 7507 48c7 | c648 0100 | 0048 8b3c 
  0x00007a7c00074bc0: 3248 8d7f | 0148 893c | 320f 8515 

  0x00007a7c00074bcc: ;   {metadata(method data for {method} {0x00007a7b9740bf98} 'checkNotNullParameter' '(Ljava/lang/Object;Ljava/lang/String;)V' in 'kotlin/jvm/internal/Intrinsics')}
  0x00007a7c00074bcc: 0200 0048 | ba00 5e5c | 977b 7a00 | 0048 8382 | 5801 0000 

  0x00007a7c00074be0: ;   {metadata(method data for {method} {0x00007a7b9740e118} 'throwParameterIsNullNPE' '(Ljava/lang/String;)V' in 'kotlin/jvm/internal/Intrinsics')}
  0x00007a7c00074be0: 0148 ba60 | cc5c 977b | 7a00 008b | b2f4 0000 | 0083 c602 | 89b2 f400 | 0000 81e6 | feff 1f00 
  0x00007a7c00074c00: 85f6 0f84 | 511b 0000 

  0x00007a7c00074c08: ;   {no_reloc}
  0x00007a7c00074c08: e97c 1b00 | 0000 0000 | 0000 498b | 87b8 0100 | 0048 8d78 | 3049 3bbf | c801 0000 | 0f87 691b 
  0x00007a7c00074c28: 0000 4989 | bfb8 0100 | 0048 c700 | 0100 0000 | 488b ca49 | ba00 0000 | 9b7b 7a00 | 0049 2bca 
  0x00007a7c00074c48: 8948 0848 | 33c9 8948 | 0c48 33c9 | 4889 4810 | 4889 4818 | 4889 4820 | 4889 4828 

  0x00007a7c00074c64: ;   {metadata(method data for {method} {0x00007a7b9740e118} 'throwParameterIsNullNPE' '(Ljava/lang/String;)V' in 'kotlin/jvm/internal/Intrinsics')}
  0x00007a7c00074c64: 48be 60cc | 5c97 7b7a | 0000 4883 | 8638 0100 

  0x00007a7c00074c74: ;   {oop("exception"{0x000000070f2f6aa8})}
  0x00007a7c00074c74: 0001 48be | a86a 2f0f | 0700 0000 | 4889 8424 | 1801 0000 | 0f1f 8000 

  0x00007a7c00074c8c: ;   {static_call}
  0x00007a7c00074c8c: 0000 00e8 

  0x00007a7c00074c90: ; ImmutableOopMap {[176]=Oop [208]=Oop [216]=Oop [224]=Oop [232]=Oop [256]=Oop [280]=Oop [288]=Oop }
                      ;*invokestatic createParameterIsNullExceptionMessage {reexecute=0 rethrow=0 return_oop=0}
                      ; - kotlin.jvm.internal.Intrinsics::throwParameterIsNullNPE@5 (line 140)
                      ; - kotlin.jvm.internal.Intrinsics::checkNotNullParameter@5 (line 131)
                      ; - kotlin.Result$Failure::<init>@3
                      ; - kotlin.ResultKt::createFailure@11 (line 122)
                      ; - kotlinx.coroutines.DispatchedTask::run@286 (line 98)
  0x00007a7c00074c90: ec0c 5107 

  0x00007a7c00074c94: ;   {other}
  0x00007a7c00074c94: 0f1f 8400 | 0418 000e | 488b 9424 | 1801 0000 

  0x00007a7c00074ca4: ;   {metadata(method data for {method} {0x00007a7b9740e118} 'throwParameterIsNullNPE' '(Ljava/lang/String;)V' in 'kotlin/jvm/internal/Intrinsics')}
  0x00007a7c00074ca4: 48be 60cc | 5c97 7b7a | 0000 4883 | 8648 0100 | 0001 488b | d048 8bb4 | 2418 0100 | 0066 0f1f 
  0x00007a7c00074cc4: ;   {optimized virtual_call}
  0x00007a7c00074cc4: 4400 00e8 

  0x00007a7c00074cc8: ; ImmutableOopMap {[176]=Oop [208]=Oop [216]=Oop [224]=Oop [232]=Oop [256]=Oop [280]=Oop [288]=Oop }
                      ;*invokespecial <init> {reexecute=0 rethrow=0 return_oop=0}
                      ; - kotlin.jvm.internal.Intrinsics::throwParameterIsNullNPE@8 (line 140)
                      ; - kotlin.jvm.internal.Intrinsics::checkNotNullParameter@5 (line 131)
                      ; - kotlin.Result$Failure::<init>@3
                      ; - kotlin.ResultKt::createFailure@11 (line 122)
                      ; - kotlinx.coroutines.DispatchedTask::run@286 (line 98)
  0x00007a7c00074cc8: b406 5107 

  0x00007a7c00074ccc: ;   {other}
  0x00007a7c00074ccc: 0f1f 8400 | 3c18 000f 

  0x00007a7c00074cd4: ;   {metadata(method data for {method} {0x00007a7b9740e118} 'throwParameterIsNullNPE' '(Ljava/lang/String;)V' in 'kotlin/jvm/internal/Intrinsics')}
  0x00007a7c00074cd4: 48be 60cc | 5c97 7b7a | 0000 4883 | 8658 0100 

  0x00007a7c00074ce4: ;   {metadata(method data for {method} {0x00007a7b9740f190} 'sanitizeStackTrace' '(Ljava/lang/Throwable;)Ljava/lang/Throwable;' in 'kotlin/jvm/internal/Intrinsics')}
  0x00007a7c00074ce4: 0001 48be | 80da 5c97 | 7b7a 0000 | 8bbe f400 | 0000 83c7 | 0289 bef4 | 0000 0081 | e7fe ff1f 
  0x00007a7c00074d04: 0085 ff0f | 8493 1a00 

  0x00007a7c00074d0c: ;   {oop(a 'java/lang/Class'{0x000000070f9dfbb8} = 'kotlin/jvm/internal/Intrinsics')}
  0x00007a7c00074d0c: 0048 beb8 | fb9d 0f07 | 0000 0048 

  0x00007a7c00074d18: ;   {metadata(method data for {method} {0x00007a7b9740f190} 'sanitizeStackTrace' '(Ljava/lang/Throwable;)Ljava/lang/Throwable;' in 'kotlin/jvm/internal/Intrinsics')}
  0x00007a7c00074d18: 8bfe 48bb | 80da 5c97 | 7b7a 0000 | 4883 8338 | 0100 0001 

  0x00007a7c00074d2c: ;   {metadata(method data for {method} {0x00007a7b9b4698e8} 'getName' '()Ljava/lang/String;' in 'java/lang/Class')}
  0x00007a7c00074d2c: 48bf c0a9 | 0397 7b7a | 0000 8b9f | f400 0000 | 83c3 0289 | 9ff4 0000 | 0081 e3fe | ff1f 0085 
  0x00007a7c00074d4c: db0f 846e | 1a00 008b | 762c 48c1 | e603 4885 

  0x00007a7c00074d5c: ;   {metadata(method data for {method} {0x00007a7b9b4698e8} 'getName' '()Ljava/lang/String;' in 'java/lang/Class')}
  0x00007a7c00074d5c: f648 bfc0 | a903 977b | 7a00 0048 | c7c3 3801 | 0000 7407 | 48c7 c348 | 0100 0048 | 8b04 1f48 
  0x00007a7c00074d7c: 8d40 0148 | 8904 1f0f | 8418 0000 

  0x00007a7c00074d88: ;   {metadata(method data for {method} {0x00007a7b9b4698e8} 'getName' '()Ljava/lang/String;' in 'java/lang/Class')}
  0x00007a7c00074d88: 0048 bfc0 | a903 977b | 7a00 00ff | 8758 0100 | 0048 8bfe | e936 0000 

  0x00007a7c00074da0: ;   {oop(a 'java/lang/Class'{0x000000070f9dfbb8} = 'kotlin/jvm/internal/Intrinsics')}
  0x00007a7c00074da0: 0048 beb8 | fb9d 0f07 | 0000 0048 

  0x00007a7c00074dac: ;   {metadata(method data for {method} {0x00007a7b9b4698e8} 'getName' '()Ljava/lang/String;' in 'java/lang/Class')}
  0x00007a7c00074dac: 8bfe 48bb | c0a9 0397 | 7b7a 0000 | 4883 8370 | 0100 0001 | 0f1f 8000 

  0x00007a7c00074dc4: ;   {optimized virtual_call}
  0x00007a7c00074dc4: 0000 00e8 

  0x00007a7c00074dc8: ; ImmutableOopMap {[176]=Oop [208]=Oop [216]=Oop [224]=Oop [232]=Oop [256]=Oop [280]=Oop [288]=Oop }
                      ;*invokevirtual initClassName {reexecute=0 rethrow=0 return_oop=0}
                      ; - java.lang.Class::getName@14 (line 950)
                      ; - kotlin.jvm.internal.Intrinsics::sanitizeStackTrace@3 (line 253)
                      ; - kotlin.jvm.internal.Intrinsics::throwParameterIsNullNPE@11 (line 140)
                      ; - kotlin.jvm.internal.Intrinsics::checkNotNullParameter@5 (line 131)
                      ; - kotlin.Result$Failure::<init>@3
                      ; - kotlin.ResultKt::createFailure@11 (line 122)
                      ; - kotlinx.coroutines.DispatchedTask::run@286 (line 98)
  0x00007a7c00074dc8: b405 5107 

  0x00007a7c00074dcc: ;   {other}
  0x00007a7c00074dcc: 0f1f 8400 | 3c19 0010 | 488b f848 | 8b84 2418 | 0100 00e9 | bb0f 0000 

  0x00007a7c00074de4: ;   {metadata(method data for {method} {0x00007a7b97839ea8} '<init>' '(Ljava/lang/Throwable;)V' in 'kotlin/Result$Failure')}
  0x00007a7c00074de4: 488b d048 | be70 d14b | 997b 7a00 | 0048 8386 | 4801 0000 

  0x00007a7c00074df8: ;   {metadata(method data for {method} {0x00007a7b9b474bd0} '<init>' '()V' in 'java/lang/Object')}
  0x00007a7c00074df8: 0148 ba00 | a600 977b | 7a00 008b | b2f4 0000 | 0083 c602 | 89b2 f400 | 0000 81e6 | feff 1f00 
  0x00007a7c00074e18: 85f6 0f84 | c719 0000 | 410f be57 | 4085 d20f | 85db 1900 | 004c 8bd3 | 49c1 ea03 | 4489 500c 
  0x00007a7c00074e38: 488b d048 | 33d3 48c1 | ea15 4883 | fa00 0f85 | db19 0000 

  0x00007a7c00074e4c: ;   {metadata(method data for {method} {0x00007a7b9787e988} 'run' '()V' in 'kotlinx/coroutines/DispatchedTask')}
  0x00007a7c00074e4c: 48ba 08e4 | 4899 7b7a | 0000 4883 | 8278 0700 

  0x00007a7c00074e5c: ;   {metadata(method data for {method} {0x00007a7b978838d0} 'constructor-impl' '(Ljava/lang/Object;)Ljava/lang/Object;' in 'kotlin/Result')}
  0x00007a7c00074e5c: 0001 48ba | 58fd 1e99 | 7b7a 0000 | 8bb2 f400 | 0000 83c6 | 0289 b2f4 | 0000 0081 | e6fe ff1f 
  0x00007a7c00074e7c: 0085 f60f | 84ba 1900 | 0048 8bbc | 24d0 0000 

  0x00007a7c00074e8c: ;   {metadata(method data for {method} {0x00007a7b9787e988} 'run' '()V' in 'kotlinx/coroutines/DispatchedTask')}
  0x00007a7c00074e8c: 0048 ba08 | e448 997b | 7a00 008b | 7f08 49ba | 0000 009b | 7b7a 0000 | 4903 fa48 | 3bba 9807 
  0x00007a7c00074eac: 0000 750d | 4883 82a0 | 0700 0001 | e960 0000 | 0048 3bba | a807 0000 | 750d 4883 | 82b0 0700 
  0x00007a7c00074ecc: 0001 e94a | 0000 0048 | 83ba 9807 | 0000 0075 | 1748 89ba | 9807 0000 | 48c7 82a0 | 0700 0001 
  0x00007a7c00074eec: 0000 00e9 | 2900 0000 | 4883 baa8 | 0700 0000 | 7517 4889 | baa8 0700 | 0048 c782 | b007 0000 
  0x00007a7c00074f0c: 0100 0000 | e908 0000 | 0048 8382 | 8807 0000 | 0148 8bd0 | 488b b424 | d000 0000 | 0f1f 4400 
  0x00007a7c00074f2c: 0048 b870 | b676 d17a 

  0x00007a7c00074f34: ;   {virtual_call}
  0x00007a7c00074f34: 7a00 00e8 

  0x00007a7c00074f38: ; ImmutableOopMap {[176]=Oop [216]=Oop [224]=Oop [232]=Oop }
                      ;*invokeinterface resumeWith {reexecute=0 rethrow=0 return_oop=0}
                      ; - kotlinx.coroutines.DispatchedTask::run@292 (line 98)
  0x00007a7c00074f38: d4c8 5e07 

  0x00007a7c00074f3c: ;   {other}
  0x00007a7c00074f3c: 0f1f 8400 | ac1a 0011 

  0x00007a7c00074f44: ;   {metadata(method data for {method} {0x00007a7b9787e988} 'run' '()V' in 'kotlinx/coroutines/DispatchedTask')}
  0x00007a7c00074f44: 48ba 08e4 | 4899 7b7a | 0000 ff82 | c007 0000 | e90b 0b00 | 0048 8bb4 | 24b0 0000 

  0x00007a7c00074f60: ;   {metadata(method data for {method} {0x00007a7b9787e988} 'run' '()V' in 'kotlinx/coroutines/DispatchedTask')}
  0x00007a7c00074f60: 0048 ba08 | e448 997b | 7a00 008b | 7608 49ba | 0000 009b | 7b7a 0000 | 4903 f248 | 3bb2 e807 
  0x00007a7c00074f80: 0000 750d | 4883 82f0 | 0700 0001 | e960 0000 | 0048 3bb2 | f807 0000 | 750d 4883 | 8200 0800 
  0x00007a7c00074fa0: 0001 e94a | 0000 0048 | 83ba e807 | 0000 0075 | 1748 89b2 | e807 0000 | 48c7 82f0 | 0700 0001 
  0x00007a7c00074fc0: 0000 00e9 | 2900 0000 | 4883 baf8 | 0700 0000 | 7517 4889 | b2f8 0700 | 0048 c782 | 0008 0000 
  0x00007a7c00074fe0: 0100 0000 | e908 0000 | 0048 8382 | d807 0000 | 0148 8b94 | 24f8 0000 | 0048 8bb4 | 24b0 0000 
  0x00007a7c00075000: 000f 1f40 | 0048 b8ff | ffff ffff 

  0x00007a7c0007500c: ;   {virtual_call}
  0x00007a7c0007500c: ffff ffe8 

  0x00007a7c00075010: ; ImmutableOopMap {[176]=Oop [208]=Oop [216]=Oop [224]=Oop [232]=Oop }
                      ;*invokevirtual getSuccessfulResult$kotlinx_coroutines_core {reexecute=0 rethrow=0 return_oop=0}
                      ; - kotlinx.coroutines.DispatchedTask::run@308 (line 100)
  0x00007a7c00075010: 6cc5 5e07 

  0x00007a7c00075014: ;   {other}
  0x00007a7c00075014: 0f1f 8400 | 841b 0012 

  0x00007a7c0007501c: ;   {metadata(method data for {method} {0x00007a7b9787e988} 'run' '()V' in 'kotlinx/coroutines/DispatchedTask')}
  0x00007a7c0007501c: 48ba 08e4 | 4899 7b7a | 0000 4883 | 8210 0800 

  0x00007a7c0007502c: ;   {metadata(method data for {method} {0x00007a7b978838d0} 'constructor-impl' '(Ljava/lang/Object;)Ljava/lang/Object;' in 'kotlin/Result')}
  0x00007a7c0007502c: 0001 48ba | 58fd 1e99 | 7b7a 0000 | 8bb2 f400 | 0000 83c6 | 0289 b2f4 | 0000 0081 | e6fe ff1f 
  0x00007a7c0007504c: 0085 f60f | 840b 1800 | 0048 8bbc | 24d0 0000 

  0x00007a7c0007505c: ;   {metadata(method data for {method} {0x00007a7b9787e988} 'run' '()V' in 'kotlinx/coroutines/DispatchedTask')}
  0x00007a7c0007505c: 0048 ba08 | e448 997b | 7a00 008b | 7f08 49ba | 0000 009b | 7b7a 0000 | 4903 fa48 | 3bba 3008 
  0x00007a7c0007507c: 0000 750d | 4883 8238 | 0800 0001 | e960 0000 | 0048 3bba | 4008 0000 | 750d 4883 | 8248 0800 
  0x00007a7c0007509c: 0001 e94a | 0000 0048 | 83ba 3008 | 0000 0075 | 1748 89ba | 3008 0000 | 48c7 8238 | 0800 0001 
  0x00007a7c000750bc: 0000 00e9 | 2900 0000 | 4883 ba40 | 0800 0000 | 7517 4889 | ba40 0800 | 0048 c782 | 4808 0000 
  0x00007a7c000750dc: 0100 0000 | e908 0000 | 0048 8382 | 2008 0000 | 0148 8bd0 | 488b b424 | d000 0000 | 0f1f 4400 
  0x00007a7c000750fc: 0048 b810 | 1800 fc7a 

  0x00007a7c00075104: ;   {virtual_call}
  0x00007a7c00075104: 7a00 00e8 

  0x00007a7c00075108: ; ImmutableOopMap {[176]=Oop [216]=Oop [224]=Oop [232]=Oop }
                      ;*invokeinterface resumeWith {reexecute=0 rethrow=0 return_oop=0}
                      ; - kotlinx.coroutines.DispatchedTask::run@314 (line 100)
  0x00007a7c00075108: 04c7 5e07 

  0x00007a7c0007510c: ;   {other}
  0x00007a7c0007510c: 0f1f 8400 | 7c1c 0013 | e94b 0900 | 0048 8bbc | 2408 0100 | 0048 85ff | 0f84 2900 

  0x00007a7c00075128: ;   {metadata('kotlinx/coroutines/JobSupport')}
  0x00007a7c00075128: 0000 48b9 | d823 089c | 7b7a 0000 | 8b57 0849 | ba00 0000 | 9b7b 7a00 | 0049 03d2 | 483b 4a38 
  0x00007a7c00075148: 0f85 3317 | 0000 e900 | 0000 0048 | 8bf7 488b 

  0x00007a7c00075158: ;   {metadata(method data for {method} {0x00007a7b9787e988} 'run' '()V' in 'kotlinx/coroutines/DispatchedTask')}
  0x00007a7c00075158: f748 bb08 | e448 997b | 7a00 008b | 7608 49ba | 0000 009b | 7b7a 0000 | 4903 f248 | 3bb3 2005 
  0x00007a7c00075178: 0000 750d | 4883 8328 | 0500 0001 | e960 0000 | 0048 3bb3 | 3005 0000 | 750d 4883 | 8338 0500 
  0x00007a7c00075198: 0001 e94a | 0000 0048 | 83bb 2005 | 0000 0075 | 1748 89b3 | 2005 0000 | 48c7 8328 | 0500 0001 
  0x00007a7c000751b8: 0000 00e9 | 2900 0000 | 4883 bb30 | 0500 0000 | 7517 4889 | b330 0500 | 0048 c783 | 3805 0000 
  0x00007a7c000751d8: 0100 0000 | e908 0000 | 0048 8383 | 1005 0000 | 0148 8bf7 

  0x00007a7c000751ec: ;   {optimized virtual_call}
  0x00007a7c000751ec: 6666 90e8 

  0x00007a7c000751f0: ; ImmutableOopMap {[176]=Oop [208]=Oop [216]=Oop [224]=Oop [232]=Oop [248]=Oop }
                      ;*invokeinterface getCancellationException {reexecute=0 rethrow=0 return_oop=0}
                      ; - kotlinx.coroutines.DispatchedTask::run@182 (line 93)
  0x00007a7c000751f0: 411a 0000 

  0x00007a7c000751f4: ;   {other}
  0x00007a7c000751f4: 0f1f 8400 | 641d 0014 | 4889 8424 | 2801 0000 | 488b b424 | b000 0000 

  0x00007a7c0007520c: ;   {metadata(method data for {method} {0x00007a7b9787e988} 'run' '()V' in 'kotlinx/coroutines/DispatchedTask')}
  0x00007a7c0007520c: 48ba 08e4 | 4899 7b7a | 0000 8b76 | 0849 ba00 | 0000 9b7b | 7a00 0049 | 03f2 483b | b290 0500 
  0x00007a7c0007522c: 0075 0d48 | 8382 9805 | 0000 01e9 | 6000 0000 | 483b b2a0 | 0500 0075 | 0d48 8382 | a805 0000 
  0x00007a7c0007524c: 01e9 4a00 | 0000 4883 | ba90 0500 | 0000 7517 | 4889 b290 | 0500 0048 | c782 9805 | 0000 0100 
  0x00007a7c0007526c: 0000 e929 | 0000 0048 | 83ba a005 | 0000 0075 | 1748 89b2 | a005 0000 | 48c7 82a8 | 0500 0001 
  0x00007a7c0007528c: 0000 00e9 | 0800 0000 | 4883 8280 | 0500 0001 | 488b 9424 | f800 0000 | 488b c848 | 8bb4 24b0 
  0x00007a7c000752ac: 0000 0066 | 0f1f 4400 | 0048 b810 | c074 d17a 

  0x00007a7c000752bc: ;   {virtual_call}
  0x00007a7c000752bc: 7a00 00e8 

  0x00007a7c000752c0: ; ImmutableOopMap {[176]=Oop [208]=Oop [216]=Oop [224]=Oop [232]=Oop [296]=Oop }
                      ;*invokevirtual cancelCompletedResult$kotlinx_coroutines_core {reexecute=0 rethrow=0 return_oop=0}
                      ; - kotlinx.coroutines.DispatchedTask::run@197 (line 94)
  0x00007a7c000752c0: 75c3 5007 

  0x00007a7c000752c4: ;   {other}
  0x00007a7c000752c4: 0f1f 8400 | 341e 0015 

  0x00007a7c000752cc: ;   {metadata(method data for {method} {0x00007a7b9787e988} 'run' '()V' in 'kotlinx/coroutines/DispatchedTask')}
  0x00007a7c000752cc: 48ba 08e4 | 4899 7b7a | 0000 4883 | 82f0 0500 

  0x00007a7c000752dc: ;   {metadata(method data for {method} {0x00007a7b976d6560} 'getRECOVER_STACK_TRACES' '()Z' in 'kotlinx/coroutines/DebugKt')}
  0x00007a7c000752dc: 0001 48ba | 48fa 4899 | 7b7a 0000 | 8bb2 f400 | 0000 83c6 | 0289 b2f4 | 0000 0081 | e6fe ff1f 
  0x00007a7c000752fc: 0085 f60f | 8481 1500 

  0x00007a7c00075304: ;   {metadata(method data for {method} {0x00007a7b9787e988} 'run' '()V' in 'kotlinx/coroutines/DispatchedTask')}
  0x00007a7c00075304: 0048 ba08 | e448 997b | 7a00 00ff | 8200 0600 

  0x00007a7c00075314: ;   {metadata(method data for {method} {0x00007a7b9787e988} 'run' '()V' in 'kotlinx/coroutines/DispatchedTask')}
  0x00007a7c00075314: 0048 ba08 | e448 997b | 7a00 00ff | 8278 0600 | 0048 8b84 | 2428 0100 

  0x00007a7c0007532c: ;   {metadata(method data for {method} {0x00007a7b9787e988} 'run' '()V' in 'kotlinx/coroutines/DispatchedTask')}
  0x00007a7c0007532c: 0048 ba08 | e448 997b | 7a00 0048 | 8382 d806 

  0x00007a7c0007533c: ;   {metadata(method data for {method} {0x00007a7b978389b8} 'createFailure' '(Ljava/lang/Throwable;)Ljava/lang/Object;' in 'kotlin/ResultKt')}
  0x00007a7c0007533c: 0000 0148 | bac0 cc4b | 997b 7a00 | 008b b2f4 | 0000 0083 | c602 89b2 | f400 0000 | 81e6 feff 
  0x00007a7c0007535c: 1f00 85f6 | 0f84 4115 

  0x00007a7c00075364: ;   {metadata(method data for {method} {0x00007a7b978389b8} 'createFailure' '(Ljava/lang/Throwable;)Ljava/lang/Object;' in 'kotlin/ResultKt')}
  0x00007a7c00075364: 0000 48ba | c0cc 4b99 | 7b7a 0000 | 4883 8238 | 0100 0001 

  0x00007a7c00075378: ;   {metadata(method data for {method} {0x00007a7b9740bf98} 'checkNotNullParameter' '(Ljava/lang/Object;Ljava/lang/String;)V' in 'kotlin/jvm/internal/Intrinsics')}
  0x00007a7c00075378: 48ba 005e | 5c97 7b7a | 0000 8bb2 | f400 0000 | 83c6 0289 | b2f4 0000 | 0081 e6fe | ff1f 0085 
  0x00007a7c00075398: f60f 8429 | 1500 0048 

  0x00007a7c000753a0: ;   {metadata(method data for {method} {0x00007a7b9740bf98} 'checkNotNullParameter' '(Ljava/lang/Object;Ljava/lang/String;)V' in 'kotlin/jvm/internal/Intrinsics')}
  0x00007a7c000753a0: 85c0 48ba | 005e 5c97 | 7b7a 0000 | 48c7 c638 | 0100 0075 | 0748 c7c6 | 4801 0000 | 488b 3c32 
  0x00007a7c000753c0: 488d 7f01 | 4889 3c32 | 0f85 1602 

  0x00007a7c000753cc: ;   {metadata(method data for {method} {0x00007a7b9740bf98} 'checkNotNullParameter' '(Ljava/lang/Object;Ljava/lang/String;)V' in 'kotlin/jvm/internal/Intrinsics')}
  0x00007a7c000753cc: 0000 48ba | 005e 5c97 | 7b7a 0000 | 4883 8258 | 0100 0001 

  0x00007a7c000753e0: ;   {metadata(method data for {method} {0x00007a7b9740e118} 'throwParameterIsNullNPE' '(Ljava/lang/String;)V' in 'kotlin/jvm/internal/Intrinsics')}
  0x00007a7c000753e0: 48ba 60cc | 5c97 7b7a | 0000 8bb2 | f400 0000 | 83c6 0289 | b2f4 0000 | 0081 e6fe | ff1f 0085 
  0x00007a7c00075400: f60f 84e2 | 1400 0090 

  0x00007a7c00075408: ;   {no_reloc}
  0x00007a7c00075408: e90c 1500 | 0000 0000 | 0000 498b | 87b8 0100 | 0048 8d78 | 3049 3bbf | c801 0000 | 0f87 f914 
  0x00007a7c00075428: 0000 4989 | bfb8 0100 | 0048 c700 | 0100 0000 | 488b ca49 | ba00 0000 | 9b7b 7a00 | 0049 2bca 
  0x00007a7c00075448: 8948 0848 | 33c9 8948 | 0c48 33c9 | 4889 4810 | 4889 4818 | 4889 4820 | 4889 4828 

  0x00007a7c00075464: ;   {metadata(method data for {method} {0x00007a7b9740e118} 'throwParameterIsNullNPE' '(Ljava/lang/String;)V' in 'kotlin/jvm/internal/Intrinsics')}
  0x00007a7c00075464: 48be 60cc | 5c97 7b7a | 0000 4883 | 8638 0100 

  0x00007a7c00075474: ;   {oop("exception"{0x000000070f2f6aa8})}
  0x00007a7c00075474: 0001 48be | a86a 2f0f | 0700 0000 | 4889 8424 | 3001 0000 | 0f1f 8000 

  0x00007a7c0007548c: ;   {static_call}
  0x00007a7c0007548c: 0000 00e8 

  0x00007a7c00075490: ; ImmutableOopMap {[176]=Oop [208]=Oop [216]=Oop [224]=Oop [232]=Oop [296]=Oop [304]=Oop }
                      ;*invokestatic createParameterIsNullExceptionMessage {reexecute=0 rethrow=0 return_oop=0}
                      ; - kotlin.jvm.internal.Intrinsics::throwParameterIsNullNPE@5 (line 140)
                      ; - kotlin.jvm.internal.Intrinsics::checkNotNullParameter@5 (line 131)
                      ; - kotlin.ResultKt::createFailure@3
                      ; - kotlinx.coroutines.DispatchedTask::run@259 (line 232)
  0x00007a7c00075490: ec04 5107 

  0x00007a7c00075494: ;   {other}
  0x00007a7c00075494: 0f1f 8400 | 0420 0016 | 488b 9424 | 3001 0000 

  0x00007a7c000754a4: ;   {metadata(method data for {method} {0x00007a7b9740e118} 'throwParameterIsNullNPE' '(Ljava/lang/String;)V' in 'kotlin/jvm/internal/Intrinsics')}
  0x00007a7c000754a4: 48be 60cc | 5c97 7b7a | 0000 4883 | 8648 0100 | 0001 488b | d048 8bb4 | 2430 0100 | 0066 0f1f 
  0x00007a7c000754c4: ;   {optimized virtual_call}
  0x00007a7c000754c4: 4400 00e8 

  0x00007a7c000754c8: ; ImmutableOopMap {[176]=Oop [208]=Oop [216]=Oop [224]=Oop [232]=Oop [296]=Oop [304]=Oop }
                      ;*invokespecial <init> {reexecute=0 rethrow=0 return_oop=0}
                      ; - kotlin.jvm.internal.Intrinsics::throwParameterIsNullNPE@8 (line 140)
                      ; - kotlin.jvm.internal.Intrinsics::checkNotNullParameter@5 (line 131)
                      ; - kotlin.ResultKt::createFailure@3
                      ; - kotlinx.coroutines.DispatchedTask::run@259 (line 232)
  0x00007a7c000754c8: b4fe 5007 

  0x00007a7c000754cc: ;   {other}
  0x00007a7c000754cc: 0f1f 8400 | 3c20 0017 

  0x00007a7c000754d4: ;   {metadata(method data for {method} {0x00007a7b9740e118} 'throwParameterIsNullNPE' '(Ljava/lang/String;)V' in 'kotlin/jvm/internal/Intrinsics')}
  0x00007a7c000754d4: 48be 60cc | 5c97 7b7a | 0000 4883 | 8658 0100 

  0x00007a7c000754e4: ;   {metadata(method data for {method} {0x00007a7b9740f190} 'sanitizeStackTrace' '(Ljava/lang/Throwable;)Ljava/lang/Throwable;' in 'kotlin/jvm/internal/Intrinsics')}
  0x00007a7c000754e4: 0001 48be | 80da 5c97 | 7b7a 0000 | 8bbe f400 | 0000 83c7 | 0289 bef4 | 0000 0081 | e7fe ff1f 
  0x00007a7c00075504: 0085 ff0f | 8423 1400 

  0x00007a7c0007550c: ;   {oop(a 'java/lang/Class'{0x000000070f9dfbb8} = 'kotlin/jvm/internal/Intrinsics')}
  0x00007a7c0007550c: 0048 beb8 | fb9d 0f07 | 0000 0048 

  0x00007a7c00075518: ;   {metadata(method data for {method} {0x00007a7b9740f190} 'sanitizeStackTrace' '(Ljava/lang/Throwable;)Ljava/lang/Throwable;' in 'kotlin/jvm/internal/Intrinsics')}
  0x00007a7c00075518: 8bfe 48bb | 80da 5c97 | 7b7a 0000 | 4883 8338 | 0100 0001 

  0x00007a7c0007552c: ;   {metadata(method data for {method} {0x00007a7b9b4698e8} 'getName' '()Ljava/lang/String;' in 'java/lang/Class')}
  0x00007a7c0007552c: 48bf c0a9 | 0397 7b7a | 0000 8b9f | f400 0000 | 83c3 0289 | 9ff4 0000 | 0081 e3fe | ff1f 0085 
  0x00007a7c0007554c: db0f 84fe | 1300 008b | 762c 48c1 | e603 4885 

  0x00007a7c0007555c: ;   {metadata(method data for {method} {0x00007a7b9b4698e8} 'getName' '()Ljava/lang/String;' in 'java/lang/Class')}
  0x00007a7c0007555c: f648 bfc0 | a903 977b | 7a00 0048 | c7c3 3801 | 0000 7407 | 48c7 c348 | 0100 0048 | 8b04 1f48 
  0x00007a7c0007557c: 8d40 0148 | 8904 1f0f | 8418 0000 

  0x00007a7c00075588: ;   {metadata(method data for {method} {0x00007a7b9b4698e8} 'getName' '()Ljava/lang/String;' in 'java/lang/Class')}
  0x00007a7c00075588: 0048 bfc0 | a903 977b | 7a00 00ff | 8758 0100 | 0048 8bfe | e936 0000 

  0x00007a7c000755a0: ;   {oop(a 'java/lang/Class'{0x000000070f9dfbb8} = 'kotlin/jvm/internal/Intrinsics')}
  0x00007a7c000755a0: 0048 beb8 | fb9d 0f07 | 0000 0048 

  0x00007a7c000755ac: ;   {metadata(method data for {method} {0x00007a7b9b4698e8} 'getName' '()Ljava/lang/String;' in 'java/lang/Class')}
  0x00007a7c000755ac: 8bfe 48bb | c0a9 0397 | 7b7a 0000 | 4883 8370 | 0100 0001 | 0f1f 8000 

  0x00007a7c000755c4: ;   {optimized virtual_call}
  0x00007a7c000755c4: 0000 00e8 

  0x00007a7c000755c8: ; ImmutableOopMap {[176]=Oop [208]=Oop [216]=Oop [224]=Oop [232]=Oop [296]=Oop [304]=Oop }
                      ;*invokevirtual initClassName {reexecute=0 rethrow=0 return_oop=0}
                      ; - java.lang.Class::getName@14 (line 950)
                      ; - kotlin.jvm.internal.Intrinsics::sanitizeStackTrace@3 (line 253)
                      ; - kotlin.jvm.internal.Intrinsics::throwParameterIsNullNPE@11 (line 140)
                      ; - kotlin.jvm.internal.Intrinsics::checkNotNullParameter@5 (line 131)
                      ; - kotlin.ResultKt::createFailure@3
                      ; - kotlinx.coroutines.DispatchedTask::run@259 (line 232)
  0x00007a7c000755c8: b4fd 5007 

  0x00007a7c000755cc: ;   {other}
  0x00007a7c000755cc: 0f1f 8400 | 3c21 0018 | 488b f848 | 8b84 2430 | 0100 00e9 | 9306 0000 

  0x00007a7c000755e4: ;   {metadata('kotlin/Result$Failure')}
  0x00007a7c000755e4: 48ba d896 | 109c 7b7a | 0000 488b | d849 8b87 | b801 0000 | 488d 7810 | 493b bfc8 | 0100 000f 
  0x00007a7c00075604: 876e 1300 | 0049 89bf | b801 0000 | 48c7 0001 | 0000 0048 | 8bca 49ba | 0000 009b | 7b7a 0000 
  0x00007a7c00075624: 492b ca89 | 4808 4833 | c989 480c | 4833 c948 | 8984 2440 | 0100 0048 

  0x00007a7c0007563c: ;   {metadata(method data for {method} {0x00007a7b978389b8} 'createFailure' '(Ljava/lang/Throwable;)Ljava/lang/Object;' in 'kotlin/ResultKt')}
  0x00007a7c0007563c: 8bd0 48be | c0cc 4b99 | 7b7a 0000 | 4883 8648 | 0100 0001 

  0x00007a7c00075650: ;   {metadata(method data for {method} {0x00007a7b97839ea8} '<init>' '(Ljava/lang/Throwable;)V' in 'kotlin/Result$Failure')}
  0x00007a7c00075650: 48ba 70d1 | 4b99 7b7a | 0000 8bb2 | f400 0000 | 83c6 0289 | b2f4 0000 | 0081 e6fe | ff1f 0085 
  0x00007a7c00075670: f60f 840d 

  0x00007a7c00075674: ;   {metadata(method data for {method} {0x00007a7b97839ea8} '<init>' '(Ljava/lang/Throwable;)V' in 'kotlin/Result$Failure')}
  0x00007a7c00075674: 1300 0048 | ba70 d14b | 997b 7a00 | 0048 8382 | 3801 0000 

  0x00007a7c00075688: ;   {metadata(method data for {method} {0x00007a7b9740bf98} 'checkNotNullParameter' '(Ljava/lang/Object;Ljava/lang/String;)V' in 'kotlin/jvm/internal/Intrinsics')}
  0x00007a7c00075688: 0148 ba00 | 5e5c 977b | 7a00 008b | b2f4 0000 | 0083 c602 | 89b2 f400 | 0000 81e6 | feff 1f00 
  0x00007a7c000756a8: 85f6 0f84 | f512 0000 

  0x00007a7c000756b0: ;   {metadata(method data for {method} {0x00007a7b9740bf98} 'checkNotNullParameter' '(Ljava/lang/Object;Ljava/lang/String;)V' in 'kotlin/jvm/internal/Intrinsics')}
  0x00007a7c000756b0: 4885 db48 | ba00 5e5c | 977b 7a00 | 0048 c7c6 | 3801 0000 | 7507 48c7 | c648 0100 | 0048 8b3c 
  0x00007a7c000756d0: 3248 8d7f | 0148 893c | 320f 8515 

  0x00007a7c000756dc: ;   {metadata(method data for {method} {0x00007a7b9740bf98} 'checkNotNullParameter' '(Ljava/lang/Object;Ljava/lang/String;)V' in 'kotlin/jvm/internal/Intrinsics')}
  0x00007a7c000756dc: 0200 0048 | ba00 5e5c | 977b 7a00 | 0048 8382 | 5801 0000 

  0x00007a7c000756f0: ;   {metadata(method data for {method} {0x00007a7b9740e118} 'throwParameterIsNullNPE' '(Ljava/lang/String;)V' in 'kotlin/jvm/internal/Intrinsics')}
  0x00007a7c000756f0: 0148 ba60 | cc5c 977b | 7a00 008b | b2f4 0000 | 0083 c602 | 89b2 f400 | 0000 81e6 | feff 1f00 
  0x00007a7c00075710: 85f6 0f84 | ae12 0000 

  0x00007a7c00075718: ;   {no_reloc}
  0x00007a7c00075718: e9d9 1200 | 0000 0000 | 0000 498b | 87b8 0100 | 0048 8d78 | 3049 3bbf | c801 0000 | 0f87 c612 
  0x00007a7c00075738: 0000 4989 | bfb8 0100 | 0048 c700 | 0100 0000 | 488b ca49 | ba00 0000 | 9b7b 7a00 | 0049 2bca 
  0x00007a7c00075758: 8948 0848 | 33c9 8948 | 0c48 33c9 | 4889 4810 | 4889 4818 | 4889 4820 | 4889 4828 

  0x00007a7c00075774: ;   {metadata(method data for {method} {0x00007a7b9740e118} 'throwParameterIsNullNPE' '(Ljava/lang/String;)V' in 'kotlin/jvm/internal/Intrinsics')}
  0x00007a7c00075774: 48be 60cc | 5c97 7b7a | 0000 4883 | 8638 0100 

  0x00007a7c00075784: ;   {oop("exception"{0x000000070f2f6aa8})}
  0x00007a7c00075784: 0001 48be | a86a 2f0f | 0700 0000 | 4889 8424 | 3801 0000 | 0f1f 8000 

  0x00007a7c0007579c: ;   {static_call}
  0x00007a7c0007579c: 0000 00e8 

  0x00007a7c000757a0: ; ImmutableOopMap {[176]=Oop [208]=Oop [216]=Oop [224]=Oop [232]=Oop [296]=Oop [312]=Oop [320]=Oop }
                      ;*invokestatic createParameterIsNullExceptionMessage {reexecute=0 rethrow=0 return_oop=0}
                      ; - kotlin.jvm.internal.Intrinsics::throwParameterIsNullNPE@5 (line 140)
                      ; - kotlin.jvm.internal.Intrinsics::checkNotNullParameter@5 (line 131)
                      ; - kotlin.Result$Failure::<init>@3
                      ; - kotlin.ResultKt::createFailure@11 (line 122)
                      ; - kotlinx.coroutines.DispatchedTask::run@259 (line 232)
  0x00007a7c000757a0: dc01 5107 

  0x00007a7c000757a4: ;   {other}
  0x00007a7c000757a4: 0f1f 8400 | 1423 0019 | 488b 9424 | 3801 0000 

  0x00007a7c000757b4: ;   {metadata(method data for {method} {0x00007a7b9740e118} 'throwParameterIsNullNPE' '(Ljava/lang/String;)V' in 'kotlin/jvm/internal/Intrinsics')}
  0x00007a7c000757b4: 48be 60cc | 5c97 7b7a | 0000 4883 | 8648 0100 | 0001 488b | d048 8bb4 | 2438 0100 | 0066 0f1f 
  0x00007a7c000757d4: ;   {optimized virtual_call}
  0x00007a7c000757d4: 4400 00e8 

  0x00007a7c000757d8: ; ImmutableOopMap {[176]=Oop [208]=Oop [216]=Oop [224]=Oop [232]=Oop [296]=Oop [312]=Oop [320]=Oop }
                      ;*invokespecial <init> {reexecute=0 rethrow=0 return_oop=0}
                      ; - kotlin.jvm.internal.Intrinsics::throwParameterIsNullNPE@8 (line 140)
                      ; - kotlin.jvm.internal.Intrinsics::checkNotNullParameter@5 (line 131)
                      ; - kotlin.Result$Failure::<init>@3
                      ; - kotlin.ResultKt::createFailure@11 (line 122)
                      ; - kotlinx.coroutines.DispatchedTask::run@259 (line 232)
  0x00007a7c000757d8: a4fb 5007 

  0x00007a7c000757dc: ;   {other}
  0x00007a7c000757dc: 0f1f 8400 | 4c23 001a 

  0x00007a7c000757e4: ;   {metadata(method data for {method} {0x00007a7b9740e118} 'throwParameterIsNullNPE' '(Ljava/lang/String;)V' in 'kotlin/jvm/internal/Intrinsics')}
  0x00007a7c000757e4: 48be 60cc | 5c97 7b7a | 0000 4883 | 8658 0100 

  0x00007a7c000757f4: ;   {metadata(method data for {method} {0x00007a7b9740f190} 'sanitizeStackTrace' '(Ljava/lang/Throwable;)Ljava/lang/Throwable;' in 'kotlin/jvm/internal/Intrinsics')}
  0x00007a7c000757f4: 0001 48be | 80da 5c97 | 7b7a 0000 | 8bbe f400 | 0000 83c7 | 0289 bef4 | 0000 0081 | e7fe ff1f 
  0x00007a7c00075814: 0085 ff0f | 84f0 1100 

  0x00007a7c0007581c: ;   {oop(a 'java/lang/Class'{0x000000070f9dfbb8} = 'kotlin/jvm/internal/Intrinsics')}
  0x00007a7c0007581c: 0048 beb8 | fb9d 0f07 | 0000 0048 

  0x00007a7c00075828: ;   {metadata(method data for {method} {0x00007a7b9740f190} 'sanitizeStackTrace' '(Ljava/lang/Throwable;)Ljava/lang/Throwable;' in 'kotlin/jvm/internal/Intrinsics')}
  0x00007a7c00075828: 8bfe 48bb | 80da 5c97 | 7b7a 0000 | 4883 8338 | 0100 0001 

  0x00007a7c0007583c: ;   {metadata(method data for {method} {0x00007a7b9b4698e8} 'getName' '()Ljava/lang/String;' in 'java/lang/Class')}
  0x00007a7c0007583c: 48bf c0a9 | 0397 7b7a | 0000 8b9f | f400 0000 | 83c3 0289 | 9ff4 0000 | 0081 e3fe | ff1f 0085 
  0x00007a7c0007585c: db0f 84cb | 1100 008b | 762c 48c1 | e603 4885 

  0x00007a7c0007586c: ;   {metadata(method data for {method} {0x00007a7b9b4698e8} 'getName' '()Ljava/lang/String;' in 'java/lang/Class')}
  0x00007a7c0007586c: f648 bfc0 | a903 977b | 7a00 0048 | c7c3 3801 | 0000 7407 | 48c7 c348 | 0100 0048 | 8b04 1f48 
  0x00007a7c0007588c: 8d40 0148 | 8904 1f0f | 8418 0000 

  0x00007a7c00075898: ;   {metadata(method data for {method} {0x00007a7b9b4698e8} 'getName' '()Ljava/lang/String;' in 'java/lang/Class')}
  0x00007a7c00075898: 0048 bfc0 | a903 977b | 7a00 00ff | 8758 0100 | 0048 8bfe | e936 0000 

  0x00007a7c000758b0: ;   {oop(a 'java/lang/Class'{0x000000070f9dfbb8} = 'kotlin/jvm/internal/Intrinsics')}
  0x00007a7c000758b0: 0048 beb8 | fb9d 0f07 | 0000 0048 

  0x00007a7c000758bc: ;   {metadata(method data for {method} {0x00007a7b9b4698e8} 'getName' '()Ljava/lang/String;' in 'java/lang/Class')}
  0x00007a7c000758bc: 8bfe 48bb | c0a9 0397 | 7b7a 0000 | 4883 8370 | 0100 0001 | 0f1f 8000 

  0x00007a7c000758d4: ;   {optimized virtual_call}
  0x00007a7c000758d4: 0000 00e8 

  0x00007a7c000758d8: ; ImmutableOopMap {[176]=Oop [208]=Oop [216]=Oop [224]=Oop [232]=Oop [296]=Oop [312]=Oop [320]=Oop }
                      ;*invokevirtual initClassName {reexecute=0 rethrow=0 return_oop=0}
                      ; - java.lang.Class::getName@14 (line 950)
                      ; - kotlin.jvm.internal.Intrinsics::sanitizeStackTrace@3 (line 253)
                      ; - kotlin.jvm.internal.Intrinsics::throwParameterIsNullNPE@11 (line 140)
                      ; - kotlin.jvm.internal.Intrinsics::checkNotNullParameter@5 (line 131)
                      ; - kotlin.Result$Failure::<init>@3
                      ; - kotlin.ResultKt::createFailure@11 (line 122)
                      ; - kotlinx.coroutines.DispatchedTask::run@259 (line 232)
  0x00007a7c000758d8: a4fa 5007 

  0x00007a7c000758dc: ;   {other}
  0x00007a7c000758dc: 0f1f 8400 | 4c24 001b | 488b f848 | 8b84 2438 | 0100 00e9 | 5602 0000 

  0x00007a7c000758f4: ;   {metadata(method data for {method} {0x00007a7b97839ea8} '<init>' '(Ljava/lang/Throwable;)V' in 'kotlin/Result$Failure')}
  0x00007a7c000758f4: 488b d048 | be70 d14b | 997b 7a00 | 0048 8386 | 4801 0000 

  0x00007a7c00075908: ;   {metadata(method data for {method} {0x00007a7b9b474bd0} '<init>' '()V' in 'java/lang/Object')}
  0x00007a7c00075908: 0148 ba00 | a600 977b | 7a00 008b | b2f4 0000 | 0083 c602 | 89b2 f400 | 0000 81e6 | feff 1f00 
  0x00007a7c00075928: 85f6 0f84 | 2411 0000 | 410f be57 | 4085 d20f | 8538 1100 | 004c 8bd3 | 49c1 ea03 | 4489 500c 
  0x00007a7c00075948: 488b d048 | 33d3 48c1 | ea15 4883 | fa00 0f85 | 3811 0000 

  0x00007a7c0007595c: ;   {metadata(method data for {method} {0x00007a7b9787e988} 'run' '()V' in 'kotlinx/coroutines/DispatchedTask')}
  0x00007a7c0007595c: 48ba 08e4 | 4899 7b7a | 0000 4883 | 82e8 0600 

  0x00007a7c0007596c: ;   {metadata(method data for {method} {0x00007a7b978838d0} 'constructor-impl' '(Ljava/lang/Object;)Ljava/lang/Object;' in 'kotlin/Result')}
  0x00007a7c0007596c: 0001 48ba | 58fd 1e99 | 7b7a 0000 | 8bb2 f400 | 0000 83c6 | 0289 b2f4 | 0000 0081 | e6fe ff1f 
  0x00007a7c0007598c: 0085 f60f | 8417 1100 | 0048 8bbc | 24d0 0000 

  0x00007a7c0007599c: ;   {metadata(method data for {method} {0x00007a7b9787e988} 'run' '()V' in 'kotlinx/coroutines/DispatchedTask')}
  0x00007a7c0007599c: 0048 ba08 | e448 997b | 7a00 008b | 7f08 49ba | 0000 009b | 7b7a 0000 | 4903 fa48 | 3bba 0807 
  0x00007a7c000759bc: 0000 750d | 4883 8210 | 0700 0001 | e960 0000 | 0048 3bba | 1807 0000 | 750d 4883 | 8220 0700 
  0x00007a7c000759dc: 0001 e94a | 0000 0048 | 83ba 0807 | 0000 0075 | 1748 89ba | 0807 0000 | 48c7 8210 | 0700 0001 
  0x00007a7c000759fc: 0000 00e9 | 2900 0000 | 4883 ba18 | 0700 0000 | 7517 4889 | ba18 0700 | 0048 c782 | 2007 0000 
  0x00007a7c00075a1c: 0100 0000 | e908 0000 | 0048 8382 | f806 0000 | 0148 8bd0 | 488b b424 | d000 0000 | 0f1f 4400 
  0x00007a7c00075a3c: 0048 b808 | 9332 9c7b 

  0x00007a7c00075a44: ;   {virtual_call}
  0x00007a7c00075a44: 7a00 00e8 

  0x00007a7c00075a48: ; ImmutableOopMap {[176]=Oop [216]=Oop [224]=Oop [232]=Oop }
                      ;*invokeinterface resumeWith {reexecute=0 rethrow=0 return_oop=0}
                      ; - kotlinx.coroutines.DispatchedTask::run@265 (line 232)
  0x00007a7c00075a48: d438 0200 

  0x00007a7c00075a4c: ;   {other}
  0x00007a7c00075a4c: 0f1f 8400 | bc25 001c 

  0x00007a7c00075a54: ;   {metadata(method data for {method} {0x00007a7b9787e988} 'run' '()V' in 'kotlinx/coroutines/DispatchedTask')}
  0x00007a7c00075a54: 48be 08e4 | 4899 7b7a | 0000 ff86 | 3007 0000 | 488b 8424 | e800 0000 

  0x00007a7c00075a6c: ;   {metadata(method data for {method} {0x00007a7b9787e988} 'run' '()V' in 'kotlinx/coroutines/DispatchedTask')}
  0x00007a7c00075a6c: 4885 c048 | be08 e448 | 997b 7a00 | 0048 c7c7 | 5808 0000 | 7407 48c7 | c768 0800 | 0048 8b1c 
  0x00007a7c00075a8c: 3e48 8d5b | 0148 891c | 3e0f 8457 | 0000 0048 | 3b00 488b 

  0x00007a7c00075aa0: ;   {metadata(method data for {method} {0x00007a7b9787e988} 'run' '()V' in 'kotlinx/coroutines/DispatchedTask')}
  0x00007a7c00075aa0: f048 bf08 | e448 997b | 7a00 0048 | 8387 7808 | 0000 0148 

  0x00007a7c00075ab4: ;   {optimized virtual_call}
  0x00007a7c00075ab4: 8bf0 90e8 

  0x00007a7c00075ab8: ; ImmutableOopMap {[176]=Oop [216]=Oop [224]=Oop }
                      ;*invokevirtual clearThreadContext {reexecute=0 rethrow=0 return_oop=0}
                      ; - kotlinx.coroutines.DispatchedTask::run@332 (line 236)
  0x00007a7c00075ab8: c4f8 5007 

  0x00007a7c00075abc: ;   {other}
  0x00007a7c00075abc: 0f1f 8400 | 2c26 001d 

  0x00007a7c00075ac4: ;   {metadata(method data for {method} {0x00007a7b9787e988} 'run' '()V' in 'kotlinx/coroutines/DispatchedTask')}
  0x00007a7c00075ac4: 85c0 48be | 08e4 4899 | 7b7a 0000 | 48c7 c2b0 | 0800 0074 | 0748 c7c2 | c008 0000 | 488b 3c16 
  0x00007a7c00075ae4: 488d 7f01 | 4889 3c16 | 0f84 3200 

  0x00007a7c00075af0: ;   {metadata(method data for {method} {0x00007a7b9787e988} 'run' '()V' in 'kotlinx/coroutines/DispatchedTask')}
  0x00007a7c00075af0: 0000 48be | 08e4 4899 | 7b7a 0000 | 4883 86d0 | 0800 0001 | 488b b424 | d800 0000 | 488b 9424 
  0x00007a7c00075b10: e000 0000 

  0x00007a7c00075b14: ;   {static_call}
  0x00007a7c00075b14: 6666 90e8 

  0x00007a7c00075b18: ; ImmutableOopMap {[176]=Oop }
                      ;*invokestatic restoreThreadContext {reexecute=0 rethrow=0 return_oop=0}
                      ; - kotlinx.coroutines.DispatchedTask::run@342 (line 237)
  0x00007a7c00075b18: 6471 1200 

  0x00007a7c00075b1c: ;   {other}
  0x00007a7c00075b1c: 0f1f 8400 | 8c26 001e 

  0x00007a7c00075b24: ;   {metadata(method data for {method} {0x00007a7b9787e988} 'run' '()V' in 'kotlinx/coroutines/DispatchedTask')}
  0x00007a7c00075b24: 48be 08e4 | 4899 7b7a | 0000 ff86 | e008 0000 | 4881 c470 | 0100 005d 

  0x00007a7c00075b3c: ;   {poll_return}
  0x00007a7c00075b3c: 493b a750 | 0400 000f | 8789 0f00 

  0x00007a7c00075b48: ;   {metadata(method data for {method} {0x00007a7b9740f190} 'sanitizeStackTrace' '(Ljava/lang/Throwable;)Ljava/lang/Throwable;' in 'kotlin/jvm/internal/Intrinsics')}
  0x00007a7c00075b48: 00c3 48be | 80da 5c97 | 7b7a 0000 | 4883 8670 | 0100 0001 | 488b f048 | 8bd7 0f1f 

  0x00007a7c00075b64: ;   {static_call}
  0x00007a7c00075b64: 4400 00e8 

  0x00007a7c00075b68: ; ImmutableOopMap {[176]=Oop [208]=Oop [216]=Oop [224]=Oop [232]=Oop [296]=Oop [320]=Oop }
                      ;*invokestatic sanitizeStackTrace {reexecute=0 rethrow=0 return_oop=0}
                      ; - kotlin.jvm.internal.Intrinsics::sanitizeStackTrace@6 (line 253)
                      ; - kotlin.jvm.internal.Intrinsics::throwParameterIsNullNPE@11 (line 140)
                      ; - kotlin.jvm.internal.Intrinsics::checkNotNullParameter@5 (line 131)
                      ; - kotlin.Result$Failure::<init>@3
                      ; - kotlin.ResultKt::createFailure@11 (line 122)
                      ; - kotlinx.coroutines.DispatchedTask::run@259 (line 232)
  0x00007a7c00075b68: 14fe 5007 

  0x00007a7c00075b6c: ;   {other}
  0x00007a7c00075b6c: 0f1f 8400 | dc26 001f | 488b b424 | 4001 0000 | 4885 c075 

  0x00007a7c00075b80: ;   {metadata(method data for {method} {0x00007a7b9740e118} 'throwParameterIsNullNPE' '(Ljava/lang/String;)V' in 'kotlin/jvm/internal/Intrinsics')}
  0x00007a7c00075b80: 1648 bf60 | cc5c 977b | 7a00 0080 | 8f61 0100 | 0001 e9cd 

  0x00007a7c00075b94: ;   {metadata('java/lang/NullPointerException')}
  0x00007a7c00075b94: 0000 0048 | bb80 c106 | 9b7b 7a00 | 008b 7808 | 49ba 0000 | 009b 7b7a | 0000 4903 | fa48 3b5f 
  0x00007a7c00075bb4: 500f 858d 

  0x00007a7c00075bb8: ;   {metadata(method data for {method} {0x00007a7b9740e118} 'throwParameterIsNullNPE' '(Ljava/lang/String;)V' in 'kotlin/jvm/internal/Intrinsics')}
  0x00007a7c00075bb8: 0000 0048 | bf60 cc5c | 977b 7a00 | 008b 5808 | 49ba 0000 | 009b 7b7a | 0000 4903 | da48 3b9f 
  0x00007a7c00075bd8: 7801 0000 | 750d 4883 | 8780 0100 | 0001 e979 | 0000 0048 | 3b9f 8801 | 0000 750d | 4883 8790 
  0x00007a7c00075bf8: 0100 0001 | e963 0000 | 0048 83bf | 7801 0000 | 0075 1748 | 899f 7801 | 0000 48c7 | 8780 0100 
  0x00007a7c00075c18: 0001 0000 | 00e9 4200 | 0000 4883 | bf88 0100 | 0000 7517 | 4889 9f88 | 0100 0048 | c787 9001 
  0x00007a7c00075c38: 0000 0100 | 0000 e921 | 0000 00e9 | 1c00 0000 

  0x00007a7c00075c48: ;   {metadata(method data for {method} {0x00007a7b9740e118} 'throwParameterIsNullNPE' '(Ljava/lang/String;)V' in 'kotlin/jvm/internal/Intrinsics')}
  0x00007a7c00075c48: 48bf 60cc | 5c97 7b7a | 0000 4883 | af68 0100 | 0001 e989 | 0e00 00e9 | 0000 0000 

  0x00007a7c00075c64: ; implicit exception: dispatches to 0x00007a7c00076af1
                      ; ImmutableOopMap {rsi=Oop rax=Oop [176]=Oop [208]=Oop [216]=Oop [224]=Oop [232]=Oop [296]=Oop [320]=Oop }
                      ;*athrow {reexecute=1 rethrow=0 return_oop=0}
                      ; - (reexecute) kotlin.jvm.internal.Intrinsics::throwParameterIsNullNPE@17 (line 140)
                      ; - kotlin.jvm.internal.Intrinsics::checkNotNullParameter@5 (line 131)
                      ; - kotlin.Result$Failure::<init>@3
                      ; - kotlin.ResultKt::createFailure@11 (line 122)
                      ; - kotlinx.coroutines.DispatchedTask::run@259 (line 232)
                      ;   {section_word}
  0x00007a7c00075c64: 483b 0048 | ba67 5c07 | 007c 7a00 

  0x00007a7c00075c70: ;   {runtime_call handle_exception_nofpu Runtime1 stub}
  0x00007a7c00075c70: 00e8 8a2e 

  0x00007a7c00075c74: ;   {metadata(method data for {method} {0x00007a7b9740f190} 'sanitizeStackTrace' '(Ljava/lang/Throwable;)Ljava/lang/Throwable;' in 'kotlin/jvm/internal/Intrinsics')}
  0x00007a7c00075c74: 5d07 9048 | be80 da5c | 977b 7a00 | 0048 8386 | 7001 0000 | 0148 8bf0 

  0x00007a7c00075c8c: ;   {static_call}
  0x00007a7c00075c8c: 488b d7e8 

  0x00007a7c00075c90: ; ImmutableOopMap {[176]=Oop [208]=Oop [216]=Oop [224]=Oop [232]=Oop [296]=Oop }
                      ;*invokestatic sanitizeStackTrace {reexecute=0 rethrow=0 return_oop=0}
                      ; - kotlin.jvm.internal.Intrinsics::sanitizeStackTrace@6 (line 253)
                      ; - kotlin.jvm.internal.Intrinsics::throwParameterIsNullNPE@11 (line 140)
                      ; - kotlin.jvm.internal.Intrinsics::checkNotNullParameter@5 (line 131)
                      ; - kotlin.ResultKt::createFailure@3
                      ; - kotlinx.coroutines.DispatchedTask::run@259 (line 232)
  0x00007a7c00075c90: ecfc 5007 

  0x00007a7c00075c94: ;   {other}
  0x00007a7c00075c94: 0f1f 8400 | 0428 0021 | 488b b424 | 2801 0000 | 4885 c075 

  0x00007a7c00075ca8: ;   {metadata(method data for {method} {0x00007a7b9740e118} 'throwParameterIsNullNPE' '(Ljava/lang/String;)V' in 'kotlin/jvm/internal/Intrinsics')}
  0x00007a7c00075ca8: 1648 bf60 | cc5c 977b | 7a00 0080 | 8f61 0100 | 0001 e9cd 

  0x00007a7c00075cbc: ;   {metadata('java/lang/NullPointerException')}
  0x00007a7c00075cbc: 0000 0048 | bb80 c106 | 9b7b 7a00 | 008b 7808 | 49ba 0000 | 009b 7b7a | 0000 4903 | fa48 3b5f 
  0x00007a7c00075cdc: 500f 858d 

  0x00007a7c00075ce0: ;   {metadata(method data for {method} {0x00007a7b9740e118} 'throwParameterIsNullNPE' '(Ljava/lang/String;)V' in 'kotlin/jvm/internal/Intrinsics')}
  0x00007a7c00075ce0: 0000 0048 | bf60 cc5c | 977b 7a00 | 008b 5808 | 49ba 0000 | 009b 7b7a | 0000 4903 | da48 3b9f 
  0x00007a7c00075d00: 7801 0000 | 750d 4883 | 8780 0100 | 0001 e979 | 0000 0048 | 3b9f 8801 | 0000 750d | 4883 8790 
  0x00007a7c00075d20: 0100 0001 | e963 0000 | 0048 83bf | 7801 0000 | 0075 1748 | 899f 7801 | 0000 48c7 | 8780 0100 
  0x00007a7c00075d40: 0001 0000 | 00e9 4200 | 0000 4883 | bf88 0100 | 0000 7517 | 4889 9f88 | 0100 0048 | c787 9001 
  0x00007a7c00075d60: 0000 0100 | 0000 e921 | 0000 00e9 | 1c00 0000 

  0x00007a7c00075d70: ;   {metadata(method data for {method} {0x00007a7b9740e118} 'throwParameterIsNullNPE' '(Ljava/lang/String;)V' in 'kotlin/jvm/internal/Intrinsics')}
  0x00007a7c00075d70: 48bf 60cc | 5c97 7b7a | 0000 4883 | af68 0100 | 0001 e96f | 0d00 00e9 | 0000 0000 

  0x00007a7c00075d8c: ; implicit exception: dispatches to 0x00007a7c00076aff
                      ; ImmutableOopMap {rsi=Oop rax=Oop [176]=Oop [208]=Oop [216]=Oop [224]=Oop [232]=Oop [296]=Oop }
                      ;*athrow {reexecute=1 rethrow=0 return_oop=0}
                      ; - (reexecute) kotlin.jvm.internal.Intrinsics::throwParameterIsNullNPE@17 (line 140)
                      ; - kotlin.jvm.internal.Intrinsics::checkNotNullParameter@5 (line 131)
                      ; - kotlin.ResultKt::createFailure@3
                      ; - kotlinx.coroutines.DispatchedTask::run@259 (line 232)
                      ;   {section_word}
  0x00007a7c00075d8c: 483b 0048 | ba8f 5d07 | 007c 7a00 

  0x00007a7c00075d98: ;   {runtime_call handle_exception_nofpu Runtime1 stub}
  0x00007a7c00075d98: 00e8 622d 

  0x00007a7c00075d9c: ;   {metadata(method data for {method} {0x00007a7b9740f190} 'sanitizeStackTrace' '(Ljava/lang/Throwable;)Ljava/lang/Throwable;' in 'kotlin/jvm/internal/Intrinsics')}
  0x00007a7c00075d9c: 5d07 9048 | be80 da5c | 977b 7a00 | 0048 8386 | 7001 0000 | 0148 8bf0 

  0x00007a7c00075db4: ;   {static_call}
  0x00007a7c00075db4: 488b d7e8 

  0x00007a7c00075db8: ; ImmutableOopMap {[176]=Oop [208]=Oop [216]=Oop [224]=Oop [232]=Oop [256]=Oop [288]=Oop }
                      ;*invokestatic sanitizeStackTrace {reexecute=0 rethrow=0 return_oop=0}
                      ; - kotlin.jvm.internal.Intrinsics::sanitizeStackTrace@6 (line 253)
                      ; - kotlin.jvm.internal.Intrinsics::throwParameterIsNullNPE@11 (line 140)
                      ; - kotlin.jvm.internal.Intrinsics::checkNotNullParameter@5 (line 131)
                      ; - kotlin.Result$Failure::<init>@3
                      ; - kotlin.ResultKt::createFailure@11 (line 122)
                      ; - kotlinx.coroutines.DispatchedTask::run@286 (line 98)
  0x00007a7c00075db8: c4fb 5007 

  0x00007a7c00075dbc: ;   {other}
  0x00007a7c00075dbc: 0f1f 8400 | 2c29 0023 | 488b b424 | 2001 0000 | 4885 c075 

  0x00007a7c00075dd0: ;   {metadata(method data for {method} {0x00007a7b9740e118} 'throwParameterIsNullNPE' '(Ljava/lang/String;)V' in 'kotlin/jvm/internal/Intrinsics')}
  0x00007a7c00075dd0: 1648 bf60 | cc5c 977b | 7a00 0080 | 8f61 0100 | 0001 e9cd 

  0x00007a7c00075de4: ;   {metadata('java/lang/NullPointerException')}
  0x00007a7c00075de4: 0000 0048 | bb80 c106 | 9b7b 7a00 | 008b 7808 | 49ba 0000 | 009b 7b7a | 0000 4903 | fa48 3b5f 
  0x00007a7c00075e04: 500f 858d 

  0x00007a7c00075e08: ;   {metadata(method data for {method} {0x00007a7b9740e118} 'throwParameterIsNullNPE' '(Ljava/lang/String;)V' in 'kotlin/jvm/internal/Intrinsics')}
  0x00007a7c00075e08: 0000 0048 | bf60 cc5c | 977b 7a00 | 008b 5808 | 49ba 0000 | 009b 7b7a | 0000 4903 | da48 3b9f 
  0x00007a7c00075e28: 7801 0000 | 750d 4883 | 8780 0100 | 0001 e979 | 0000 0048 | 3b9f 8801 | 0000 750d | 4883 8790 
  0x00007a7c00075e48: 0100 0001 | e963 0000 | 0048 83bf | 7801 0000 | 0075 1748 | 899f 7801 | 0000 48c7 | 8780 0100 
  0x00007a7c00075e68: 0001 0000 | 00e9 4200 | 0000 4883 | bf88 0100 | 0000 7517 | 4889 9f88 | 0100 0048 | c787 9001 
  0x00007a7c00075e88: 0000 0100 | 0000 e921 | 0000 00e9 | 1c00 0000 

  0x00007a7c00075e98: ;   {metadata(method data for {method} {0x00007a7b9740e118} 'throwParameterIsNullNPE' '(Ljava/lang/String;)V' in 'kotlin/jvm/internal/Intrinsics')}
  0x00007a7c00075e98: 48bf 60cc | 5c97 7b7a | 0000 4883 | af68 0100 | 0001 e955 | 0c00 00e9 | 0000 0000 

  0x00007a7c00075eb4: ; implicit exception: dispatches to 0x00007a7c00076b0d
                      ; ImmutableOopMap {rsi=Oop rax=Oop [176]=Oop [208]=Oop [216]=Oop [224]=Oop [232]=Oop [256]=Oop [288]=Oop }
                      ;*athrow {reexecute=1 rethrow=0 return_oop=0}
                      ; - (reexecute) kotlin.jvm.internal.Intrinsics::throwParameterIsNullNPE@17 (line 140)
                      ; - kotlin.jvm.internal.Intrinsics::checkNotNullParameter@5 (line 131)
                      ; - kotlin.Result$Failure::<init>@3
                      ; - kotlin.ResultKt::createFailure@11 (line 122)
                      ; - kotlinx.coroutines.DispatchedTask::run@286 (line 98)
                      ;   {section_word}
  0x00007a7c00075eb4: 483b 0048 | bab7 5e07 | 007c 7a00 

  0x00007a7c00075ec0: ;   {runtime_call handle_exception_nofpu Runtime1 stub}
  0x00007a7c00075ec0: 00e8 3a2c 

  0x00007a7c00075ec4: ;   {metadata(method data for {method} {0x00007a7b9740f190} 'sanitizeStackTrace' '(Ljava/lang/Throwable;)Ljava/lang/Throwable;' in 'kotlin/jvm/internal/Intrinsics')}
  0x00007a7c00075ec4: 5d07 9048 | be80 da5c | 977b 7a00 | 0048 8386 | 7001 0000 | 0148 8bf0 

  0x00007a7c00075edc: ;   {static_call}
  0x00007a7c00075edc: 488b d7e8 

  0x00007a7c00075ee0: ; ImmutableOopMap {[176]=Oop [208]=Oop [216]=Oop [224]=Oop [232]=Oop [256]=Oop }
                      ;*invokestatic sanitizeStackTrace {reexecute=0 rethrow=0 return_oop=0}
                      ; - kotlin.jvm.internal.Intrinsics::sanitizeStackTrace@6 (line 253)
                      ; - kotlin.jvm.internal.Intrinsics::throwParameterIsNullNPE@11 (line 140)
                      ; - kotlin.jvm.internal.Intrinsics::checkNotNullParameter@5 (line 131)
                      ; - kotlin.ResultKt::createFailure@3
                      ; - kotlinx.coroutines.DispatchedTask::run@286 (line 98)
  0x00007a7c00075ee0: 9cfa 5007 

  0x00007a7c00075ee4: ;   {other}
  0x00007a7c00075ee4: 0f1f 8400 | 542a 0025 | 488b b424 | 0001 0000 | 488b bc24 | d000 0000 | 4885 c075 

  0x00007a7c00075f00: ;   {metadata(method data for {method} {0x00007a7b9740e118} 'throwParameterIsNullNPE' '(Ljava/lang/String;)V' in 'kotlin/jvm/internal/Intrinsics')}
  0x00007a7c00075f00: 1648 bb60 | cc5c 977b | 7a00 0080 | 8b61 0100 | 0001 e9cd 

  0x00007a7c00075f14: ;   {metadata('java/lang/NullPointerException')}
  0x00007a7c00075f14: 0000 0048 | b980 c106 | 9b7b 7a00 | 008b 5808 | 49ba 0000 | 009b 7b7a | 0000 4903 | da48 3b4b 
  0x00007a7c00075f34: 500f 858d 

  0x00007a7c00075f38: ;   {metadata(method data for {method} {0x00007a7b9740e118} 'throwParameterIsNullNPE' '(Ljava/lang/String;)V' in 'kotlin/jvm/internal/Intrinsics')}
  0x00007a7c00075f38: 0000 0048 | bb60 cc5c | 977b 7a00 | 008b 4808 | 49ba 0000 | 009b 7b7a | 0000 4903 | ca48 3b8b 
  0x00007a7c00075f58: 7801 0000 | 750d 4883 | 8380 0100 | 0001 e979 | 0000 0048 | 3b8b 8801 | 0000 750d | 4883 8390 
  0x00007a7c00075f78: 0100 0001 | e963 0000 | 0048 83bb | 7801 0000 | 0075 1748 | 898b 7801 | 0000 48c7 | 8380 0100 
  0x00007a7c00075f98: 0001 0000 | 00e9 4200 | 0000 4883 | bb88 0100 | 0000 7517 | 4889 8b88 | 0100 0048 | c783 9001 
  0x00007a7c00075fb8: 0000 0100 | 0000 e921 | 0000 00e9 | 1c00 0000 

  0x00007a7c00075fc8: ;   {metadata(method data for {method} {0x00007a7b9740e118} 'throwParameterIsNullNPE' '(Ljava/lang/String;)V' in 'kotlin/jvm/internal/Intrinsics')}
  0x00007a7c00075fc8: 48bb 60cc | 5c97 7b7a | 0000 4883 | ab68 0100 | 0001 e933 | 0b00 00e9 | 0000 0000 

  0x00007a7c00075fe4: ; implicit exception: dispatches to 0x00007a7c00076b1b
                      ; ImmutableOopMap {rsi=Oop rdi=Oop rax=Oop [176]=Oop [216]=Oop [224]=Oop [232]=Oop [256]=Oop }
                      ;*athrow {reexecute=1 rethrow=0 return_oop=0}
                      ; - (reexecute) kotlin.jvm.internal.Intrinsics::throwParameterIsNullNPE@17 (line 140)
                      ; - kotlin.jvm.internal.Intrinsics::checkNotNullParameter@5 (line 131)
                      ; - kotlin.ResultKt::createFailure@3
                      ; - kotlinx.coroutines.DispatchedTask::run@286 (line 98)
                      ;   {section_word}
  0x00007a7c00075fe4: 483b 0048 | bae7 5f07 | 007c 7a00 

  0x00007a7c00075ff0: ;   {runtime_call handle_exception_nofpu Runtime1 stub}
  0x00007a7c00075ff0: 00e8 0a2b | 5d07 9049 | 8b87 0005 | 0000 4d33 | d24d 8997 | 0005 0000 | 4d33 d24d | 8997 0805 
  0x00007a7c00076010: 0000 488b | b424 e800 | 0000 4885 

  0x00007a7c0007601c: ;   {metadata(method data for {method} {0x00007a7b9787e988} 'run' '()V' in 'kotlinx/coroutines/DispatchedTask')}
  0x00007a7c0007601c: f648 bf08 | e448 997b | 7a00 0048 | c7c3 f808 | 0000 7407 | 48c7 c308 | 0900 0048 | 8b14 1f48 
  0x00007a7c0007603c: 8d52 0148 | 8914 1f48 | 8984 2448 | 0100 000f | 8459 0000 | 0048 3b06 

  0x00007a7c00076054: ;   {metadata(method data for {method} {0x00007a7b9787e988} 'run' '()V' in 'kotlinx/coroutines/DispatchedTask')}
  0x00007a7c00076054: 488b fe48 | bb08 e448 | 997b 7a00 | 0048 8383 | 1809 0000 | 0166 0f1f 

  0x00007a7c0007606c: ;   {optimized virtual_call}
  0x00007a7c0007606c: 4400 00e8 

  0x00007a7c00076070: ; ImmutableOopMap {[176]=Oop [216]=Oop [224]=Oop [328]=Oop }
                      ;*invokevirtual clearThreadContext {reexecute=0 rethrow=0 return_oop=0}
                      ; - kotlinx.coroutines.DispatchedTask::run@357 (line 236)
  0x00007a7c00076070: 0cf3 5007 

  0x00007a7c00076074: ;   {other}
  0x00007a7c00076074: 0f1f 8400 | e42b 0027 

  0x00007a7c0007607c: ;   {metadata(method data for {method} {0x00007a7b9787e988} 'run' '()V' in 'kotlinx/coroutines/DispatchedTask')}
  0x00007a7c0007607c: 85c0 48be | 08e4 4899 | 7b7a 0000 | 48c7 c250 | 0900 0074 | 0748 c7c2 | 6009 0000 | 488b 3c16 
  0x00007a7c0007609c: 488d 7f01 | 4889 3c16 | 0f84 3200 | 0000 488b | 9424 e000 | 0000 488b | 8424 d800 

  0x00007a7c000760b8: ;   {metadata(method data for {method} {0x00007a7b9787e988} 'run' '()V' in 'kotlinx/coroutines/DispatchedTask')}
  0x00007a7c000760b8: 0000 48be | 08e4 4899 | 7b7a 0000 | 4883 8670 | 0900 0001 

  0x00007a7c000760cc: ;   {static_call}
  0x00007a7c000760cc: 488b f0e8 

  0x00007a7c000760d0: ; ImmutableOopMap {[176]=Oop [328]=Oop }
                      ;*invokestatic restoreThreadContext {reexecute=0 rethrow=0 return_oop=0}
                      ; - kotlinx.coroutines.DispatchedTask::run@367 (line 237)
  0x00007a7c000760d0: acf8 5007 

  0x00007a7c000760d4: ;   {other}
  0x00007a7c000760d4: 0f1f 8400 | 442c 0028 | 488b 8424 

  0x00007a7c000760e0: ; ImmutableOopMap {rax=Oop [176]=Oop }
                      ;*athrow {reexecute=1 rethrow=0 return_oop=0}
                      ; - (reexecute) kotlinx.coroutines.DispatchedTask::run@372 (line 237)
  0x00007a7c000760e0: 4801 0000 

  0x00007a7c000760e4: ;   {section_word}
  0x00007a7c000760e4: 48ba e460 | 0700 7c7a 

  0x00007a7c000760ec: ;   {runtime_call handle_exception_nofpu Runtime1 stub}
  0x00007a7c000760ec: 0000 e80d | 2a5d 0790 

  0x00007a7c000760f4: ;   {metadata(method data for {method} {0x00007a7b9740f190} 'sanitizeStackTrace' '(Ljava/lang/Throwable;)Ljava/lang/Throwable;' in 'kotlin/jvm/internal/Intrinsics')}
  0x00007a7c000760f4: 48be 80da | 5c97 7b7a | 0000 4883 | 8670 0100 | 0001 488b | f048 8bd7 

  0x00007a7c0007610c: ;   {static_call}
  0x00007a7c0007610c: 6666 90e8 

  0x00007a7c00076110: ; ImmutableOopMap {[176]=Oop [184]=Oop }
                      ;*invokestatic sanitizeStackTrace {reexecute=0 rethrow=0 return_oop=0}
                      ; - kotlin.jvm.internal.Intrinsics::sanitizeStackTrace@6 (line 253)
                      ; - kotlin.jvm.internal.Intrinsics::throwJavaNpe@8 (line 50)
                      ; - kotlin.jvm.internal.Intrinsics::checkNotNull@5 (line 31)
                      ; - kotlinx.coroutines.DispatchedTask::run@40 (line 80)
  0x00007a7c00076110: 6cf8 5007 

  0x00007a7c00076114: ;   {other}
  0x00007a7c00076114: 0f1f 8400 | 842c 002a | 488b b424 | b800 0000 | 4885 c075 

  0x00007a7c00076128: ;   {metadata(method data for {method} {0x00007a7b9740b2f0} 'throwJavaNpe' '(Ljava/lang/String;)V' in 'kotlin/jvm/internal/Intrinsics')}
  0x00007a7c00076128: 1648 bfe8 | 6964 977b | 7a00 0080 | 8f51 0100 | 0001 e9cd 

  0x00007a7c0007613c: ;   {metadata('java/lang/NullPointerException')}
  0x00007a7c0007613c: 0000 0048 | bb80 c106 | 9b7b 7a00 | 008b 7808 | 49ba 0000 | 009b 7b7a | 0000 4903 | fa48 3b5f 
  0x00007a7c0007615c: 500f 858d 

  0x00007a7c00076160: ;   {metadata(method data for {method} {0x00007a7b9740b2f0} 'throwJavaNpe' '(Ljava/lang/String;)V' in 'kotlin/jvm/internal/Intrinsics')}
  0x00007a7c00076160: 0000 0048 | bfe8 6964 | 977b 7a00 | 008b 5808 | 49ba 0000 | 009b 7b7a | 0000 4903 | da48 3b9f 
  0x00007a7c00076180: 6801 0000 | 750d 4883 | 8770 0100 | 0001 e979 | 0000 0048 | 3b9f 7801 | 0000 750d | 4883 8780 
  0x00007a7c000761a0: 0100 0001 | e963 0000 | 0048 83bf | 6801 0000 | 0075 1748 | 899f 6801 | 0000 48c7 | 8770 0100 
  0x00007a7c000761c0: 0001 0000 | 00e9 4200 | 0000 4883 | bf78 0100 | 0000 7517 | 4889 9f78 | 0100 0048 | c787 8001 
  0x00007a7c000761e0: 0000 0100 | 0000 e921 | 0000 00e9 | 1c00 0000 

  0x00007a7c000761f0: ;   {metadata(method data for {method} {0x00007a7b9740b2f0} 'throwJavaNpe' '(Ljava/lang/String;)V' in 'kotlin/jvm/internal/Intrinsics')}
  0x00007a7c000761f0: 48bf e869 | 6497 7b7a | 0000 4883 | af58 0100 | 0001 e91e | 0900 00e9 | 0000 0000 

  0x00007a7c0007620c: ; implicit exception: dispatches to 0x00007a7c00076b2e
                      ; ImmutableOopMap {rsi=Oop rax=Oop [176]=Oop [184]=Oop }
                      ;*athrow {reexecute=1 rethrow=0 return_oop=0}
                      ; - (reexecute) kotlin.jvm.internal.Intrinsics::throwJavaNpe@14 (line 50)
                      ; - kotlin.jvm.internal.Intrinsics::checkNotNull@5 (line 31)
                      ; - kotlinx.coroutines.DispatchedTask::run@40 (line 80)
                      ;   {section_word}
  0x00007a7c0007620c: 483b 0048 | ba0f 6207 | 007c 7a00 

  0x00007a7c00076218: ;   {runtime_call handle_exception_nofpu Runtime1 stub}
  0x00007a7c00076218: 00e8 e228 | 5d07 9049 | 8b87 0005 | 0000 4d33 | d24d 8997 | 0005 0000 | 4d33 d24d | 8997 0805 
  0x00007a7c00076238: 0000 488b | b424 b000 

  0x00007a7c00076240: ;   {metadata(method data for {method} {0x00007a7b9787e988} 'run' '()V' in 'kotlinx/coroutines/DispatchedTask')}
  0x00007a7c00076240: 0000 48ba | 08e4 4899 | 7b7a 0000 | 4883 8250 | 0a00 0001 | 488b d048 | 8bb4 24b0 

  0x00007a7c0007625c: ;   {optimized virtual_call}
  0x00007a7c0007625c: 0000 00e8 

  0x00007a7c00076260: ; ImmutableOopMap {}
                      ;*invokevirtual handleFatalException$kotlinx_coroutines_core {reexecute=0 rethrow=0 return_oop=0}
                      ; - kotlinx.coroutines.DispatchedTask::run@396 (line 107)
  0x00007a7c00076260: 1cf1 5007 

  0x00007a7c00076264: ;   {other}
  0x00007a7c00076264: 0f1f 8400 | d42d 002c | 4881 c470 | 0100 005d 

  0x00007a7c00076274: ;   {poll_return}
  0x00007a7c00076274: 493b a750 | 0400 000f | 87b2 0800 | 00c3 488b | b424 b000 | 0000 498b | 8700 0500 | 004d 33d2 
  0x00007a7c00076294: 4d89 9700 | 0500 004d | 33d2 4d89 | 9708 0500 | 0048 8bfe 

  0x00007a7c000762a8: ;   {metadata(method data for {method} {0x00007a7b9787e988} 'run' '()V' in 'kotlinx/coroutines/DispatchedTask')}
  0x00007a7c000762a8: 48bb 08e4 | 4899 7b7a | 0000 8b7f | 0849 ba00 | 0000 9b7b | 7a00 0049 | 03fa 483b | bb90 0900 
  0x00007a7c000762c8: 0075 0d48 | 8383 9809 | 0000 01e9 | 6000 0000 | 483b bba0 | 0900 0075 | 0d48 8383 | a809 0000 
  0x00007a7c000762e8: 01e9 4a00 | 0000 4883 | bb90 0900 | 0000 7517 | 4889 bb90 | 0900 0048 | c783 9809 | 0000 0100 
  0x00007a7c00076308: 0000 e929 | 0000 0048 | 83bb a009 | 0000 0075 | 1748 89bb | a009 0000 | 48c7 83a8 | 0900 0001 
  0x00007a7c00076328: 0000 00e9 | 0800 0000 | 4883 8380 | 0900 0001 | 4889 8424 | 5001 0000 | 0f1f 4400 | 0048 b8ff 
  0x00007a7c00076348: ffff ffff 

  0x00007a7c0007634c: ;   {virtual_call}
  0x00007a7c0007634c: ffff ffe8 

  0x00007a7c00076350: ; ImmutableOopMap {[336]=Oop }
                      ;*invokevirtual getDelegate$kotlinx_coroutines_core {reexecute=0 rethrow=0 return_oop=0}
                      ; - kotlinx.coroutines.DispatchedTask::run@375 (line 105)
  0x00007a7c00076350: 2cf3 5007 

  0x00007a7c00076354: ;   {other}
  0x00007a7c00076354: 0f1f 8400 | c42e 002d 

  0x00007a7c0007635c: ; implicit exception: dispatches to 0x00007a7c00076b49
  0x00007a7c0007635c: 483b 0048 

  0x00007a7c00076360: ;   {metadata(method data for {method} {0x00007a7b9787e988} 'run' '()V' in 'kotlinx/coroutines/DispatchedTask')}
  0x00007a7c00076360: 8bf0 48bf | 08e4 4899 | 7b7a 0000 | 8b76 0849 | ba00 0000 | 9b7b 7a00 | 0049 03f2 | 483b b7c8 
  0x00007a7c00076380: 0900 0075 | 0d48 8387 | d009 0000 | 01e9 6000 | 0000 483b | b7d8 0900 | 0075 0d48 | 8387 e009 
  0x00007a7c000763a0: 0000 01e9 | 4a00 0000 | 4883 bfc8 | 0900 0000 | 7517 4889 | b7c8 0900 | 0048 c787 | d009 0000 
  0x00007a7c000763c0: 0100 0000 | e929 0000 | 0048 83bf | d809 0000 | 0075 1748 | 89b7 d809 | 0000 48c7 | 87e0 0900 
  0x00007a7c000763e0: 0001 0000 | 00e9 0800 | 0000 4883 | 87b8 0900 | 0001 488b | f048 b8ff | ffff ffff 

  0x00007a7c000763fc: ;   {virtual_call}
  0x00007a7c000763fc: ffff ffe8 

  0x00007a7c00076400: ; ImmutableOopMap {[336]=Oop }
                      ;*invokeinterface getContext {reexecute=0 rethrow=0 return_oop=0}
                      ; - kotlinx.coroutines.DispatchedTask::run@378 (line 105)
  0x00007a7c00076400: 7cf2 5007 

  0x00007a7c00076404: ;   {other}
  0x00007a7c00076404: 0f1f 8400 | 742f 002e | 488b b424 | 5001 0000 

  0x00007a7c00076414: ;   {metadata(method data for {method} {0x00007a7b9787e988} 'run' '()V' in 'kotlinx/coroutines/DispatchedTask')}
  0x00007a7c00076414: 48bf 08e4 | 4899 7b7a | 0000 8b76 | 0849 ba00 | 0000 9b7b | 7a00 0049 | 03f2 483b | b700 0a00 
  0x00007a7c00076434: 0075 0d48 | 8387 080a | 0000 01e9 | 6000 0000 | 483b b710 | 0a00 0075 | 0d48 8387 | 180a 0000 
  0x00007a7c00076454: 01e9 4a00 | 0000 4883 | bf00 0a00 | 0000 7517 | 4889 b700 | 0a00 0048 | c787 080a | 0000 0100 
  0x00007a7c00076474: 0000 e929 | 0000 0048 | 83bf 100a | 0000 0075 | 1748 89b7 | 100a 0000 | 48c7 8718 | 0a00 0001 
  0x00007a7c00076494: 0000 00e9 | 0800 0000 | 4883 87f0 | 0900 0001 | 488b b424 | 5001 0000 | 4889 8424 | 5801 0000 
  0x00007a7c000764b4: ;   {optimized virtual_call}
  0x00007a7c000764b4: 6666 90e8 

  0x00007a7c000764b8: ; ImmutableOopMap {[344]=Oop }
                      ;*invokevirtual getCause {reexecute=0 rethrow=0 return_oop=0}
                      ; - kotlinx.coroutines.DispatchedTask::run@384 (line 105)
  0x00007a7c000764b8: c4ee 5007 

  0x00007a7c000764bc: ;   {other}
  0x00007a7c000764bc: 0f1f 8400 | 2c30 002f | 488b b424 | 5801 0000 

  0x00007a7c000764cc: ;   {static_call}
  0x00007a7c000764cc: 488b d0e8 

  0x00007a7c000764d0: ; ImmutableOopMap {}
                      ;*invokestatic handleCoroutineException {reexecute=0 rethrow=0 return_oop=0}
                      ; - kotlinx.coroutines.DispatchedTask::run@387 (line 105)
  0x00007a7c000764d0: acf4 5007 

  0x00007a7c000764d4: ;   {other}
  0x00007a7c000764d4: 0f1f 8400 | 4430 0030 

  0x00007a7c000764dc: ;   {metadata(method data for {method} {0x00007a7b9787e988} 'run' '()V' in 'kotlinx/coroutines/DispatchedTask')}
  0x00007a7c000764dc: 48be 08e4 | 4899 7b7a | 0000 ff86 | 380a 0000 | 4881 c470 | 0100 005d 

  0x00007a7c000764f4: ;   {poll_return}
  0x00007a7c000764f4: 493b a750 | 0400 000f | 874d 0600 

  0x00007a7c00076500: ;   {metadata({method} {0x00007a7b9787e988} 'run' '()V' in 'kotlinx/coroutines/DispatchedTask')}
  0x00007a7c00076500: 00c3 49ba | 88e9 8797 | 7b7a 0000 | 4c89 5424 | 0848 c704 | 24ff ffff 

  0x00007a7c00076518: ;   {runtime_call counter_overflow Runtime1 stub}
  0x00007a7c00076518: ffe8 e266 

  0x00007a7c0007651c: ; ImmutableOopMap {rsi=Oop [176]=Oop }
                      ;*synchronization entry
                      ; - kotlinx.coroutines.DispatchedTask::run@-1 (line 78)
  0x00007a7c0007651c: 5d07 e96b 

  0x00007a7c00076520: ;   {metadata({method} {0x00007a7b976d6430} 'getASSERTIONS_ENABLED' '()Z' in 'kotlinx/coroutines/DebugKt')}
  0x00007a7c00076520: d6ff ff49 | ba30 646d | 977b 7a00 | 004c 8954 | 2408 48c7 | 0424 ffff 

  0x00007a7c00076538: ;   {runtime_call counter_overflow Runtime1 stub}
  0x00007a7c00076538: ffff e8c1 

  0x00007a7c0007653c: ; ImmutableOopMap {rsi=Oop [176]=Oop }
                      ;*synchronization entry
                      ; - kotlinx.coroutines.DebugKt::getASSERTIONS_ENABLED@-1 (line 63)
                      ; - kotlinx.coroutines.DispatchedTask::run@0 (line 78)
  0x00007a7c0007653c: 665d 07e9 | 83d6 ffff 

  0x00007a7c00076544: ;   {metadata({method} {0x00007a7b9740b020} 'checkNotNull' '(Ljava/lang/Object;Ljava/lang/String;)V' in 'kotlin/jvm/internal/Intrinsics')}
  0x00007a7c00076544: 49ba 20b0 | 4097 7b7a | 0000 4c89 | 5424 0848 | c704 24ff 

  0x00007a7c00076558: ;   {runtime_call counter_overflow Runtime1 stub}
  0x00007a7c00076558: ffff ffe8 

  0x00007a7c0007655c: ; ImmutableOopMap {rax=Oop [176]=Oop [184]=Oop }
                      ;*synchronization entry
                      ; - kotlin.jvm.internal.Intrinsics::checkNotNull@-1 (line 30)
                      ; - kotlinx.coroutines.DispatchedTask::run@40 (line 80)
  0x00007a7c0007655c: a066 5d07 | e968 d7ff 

  0x00007a7c00076564: ;   {metadata({method} {0x00007a7b9740b2f0} 'throwJavaNpe' '(Ljava/lang/String;)V' in 'kotlin/jvm/internal/Intrinsics')}
  0x00007a7c00076564: ff49 baf0 | b240 977b | 7a00 004c | 8954 2408 | 48c7 0424 | ffff ffff 

  0x00007a7c0007657c: ;   {runtime_call counter_overflow Runtime1 stub}
  0x00007a7c0007657c: e87f 665d 

  0x00007a7c00076580: ; ImmutableOopMap {[176]=Oop [184]=Oop }
                      ;*synchronization entry
                      ; - kotlin.jvm.internal.Intrinsics::throwJavaNpe@-1 (line 50)
                      ; - kotlin.jvm.internal.Intrinsics::checkNotNull@5 (line 31)
                      ; - kotlinx.coroutines.DispatchedTask::run@40 (line 80)
  0x00007a7c00076580: 07e9 afd7 

  0x00007a7c00076584: ;   {metadata(nullptr)}
  0x00007a7c00076584: ffff 48ba | 0000 0000 | 0000 0000 | b800 0f05 

  0x00007a7c00076594: ;   {runtime_call load_klass_patching Runtime1 stub}
  0x00007a7c00076594: 0ae8 6657 

  0x00007a7c00076598: ; ImmutableOopMap {[176]=Oop [184]=Oop }
                      ;*new {reexecute=1 rethrow=0 return_oop=0}
                      ; - (reexecute) kotlin.jvm.internal.Intrinsics::throwJavaNpe@0 (line 50)
                      ; - kotlin.jvm.internal.Intrinsics::checkNotNull@5 (line 31)
                      ; - kotlinx.coroutines.DispatchedTask::run@40 (line 80)
  0x00007a7c00076598: 5d07 e999 | d7ff ff48 

  0x00007a7c000765a0: ;   {runtime_call fast_new_instance Runtime1 stub}
  0x00007a7c000765a0: 8bd2 e859 

  0x00007a7c000765a4: ; ImmutableOopMap {[176]=Oop [184]=Oop }
                      ;*new {reexecute=0 rethrow=0 return_oop=0}
                      ; - kotlin.jvm.internal.Intrinsics::throwJavaNpe@0 (line 50)
                      ; - kotlin.jvm.internal.Intrinsics::checkNotNull@5 (line 31)
                      ; - kotlinx.coroutines.DispatchedTask::run@40 (line 80)
  0x00007a7c000765a4: 165d 07e9 | e8d7 ffff 

  0x00007a7c000765ac: ;   {metadata({method} {0x00007a7b9740f190} 'sanitizeStackTrace' '(Ljava/lang/Throwable;)Ljava/lang/Throwable;' in 'kotlin/jvm/internal/Intrinsics')}
  0x00007a7c000765ac: 49ba 90f1 | 4097 7b7a | 0000 4c89 | 5424 0848 | c704 24ff 

  0x00007a7c000765c0: ;   {runtime_call counter_overflow Runtime1 stub}
  0x00007a7c000765c0: ffff ffe8 

  0x00007a7c000765c4: ; ImmutableOopMap {[176]=Oop [184]=Oop [192]=Oop }
                      ;*synchronization entry
                      ; - kotlin.jvm.internal.Intrinsics::sanitizeStackTrace@-1 (line 253)
                      ; - kotlin.jvm.internal.Intrinsics::throwJavaNpe@8 (line 50)
                      ; - kotlin.jvm.internal.Intrinsics::checkNotNull@5 (line 31)
                      ; - kotlinx.coroutines.DispatchedTask::run@40 (line 80)
  0x00007a7c000765c4: 3866 5d07 | e938 d8ff 

  0x00007a7c000765cc: ;   {metadata({method} {0x00007a7b9b4698e8} 'getName' '()Ljava/lang/String;' in 'java/lang/Class')}
  0x00007a7c000765cc: ff49 bae8 | 9846 9b7b | 7a00 004c | 8954 2408 | 48c7 0424 | ffff ffff 

  0x00007a7c000765e4: ;   {runtime_call counter_overflow Runtime1 stub}
  0x00007a7c000765e4: e817 665d 

  0x00007a7c000765e8: ; ImmutableOopMap {rsi=Oop [176]=Oop [184]=Oop [192]=Oop }
                      ;*synchronization entry
                      ; - java.lang.Class::getName@-1 (line 949)
                      ; - kotlin.jvm.internal.Intrinsics::sanitizeStackTrace@3 (line 253)
                      ; - kotlin.jvm.internal.Intrinsics::throwJavaNpe@8 (line 50)
                      ; - kotlin.jvm.internal.Intrinsics::checkNotNull@5 (line 31)
                      ; - kotlinx.coroutines.DispatchedTask::run@40 (line 80)
  0x00007a7c000765e8: 07e9 5dd8 

  0x00007a7c000765ec: ;   {runtime_call throw_null_pointer_exception Runtime1 stub}
  0x00007a7c000765ec: ffff e88d 

  0x00007a7c000765f0: ; ImmutableOopMap {[176]=Oop [184]=Oop [192]=Oop }
                      ;*getfield name {reexecute=1 rethrow=0 return_oop=0}
                      ; - (reexecute) java.lang.Class::getName@1 (line 949)
                      ; - kotlin.jvm.internal.Intrinsics::sanitizeStackTrace@3 (line 253)
                      ; - kotlin.jvm.internal.Intrinsics::throwJavaNpe@8 (line 50)
                      ; - kotlin.jvm.internal.Intrinsics::checkNotNull@5 (line 31)
                      ; - kotlinx.coroutines.DispatchedTask::run@40 (line 80)
  0x00007a7c000765f0: 085d 0748 

  0x00007a7c000765f4: ;   {runtime_call throw_class_cast_exception Runtime1 stub}
  0x00007a7c000765f4: 8904 24e8 

  0x00007a7c000765f8: ; ImmutableOopMap {[176]=Oop }
                      ;*checkcast {reexecute=0 rethrow=0 return_oop=0}
                      ; - kotlinx.coroutines.DispatchedTask::run@43 (line 80)
  0x00007a7c000765f8: 043b 5d07 

  0x00007a7c000765fc: ;   {runtime_call throw_null_pointer_exception Runtime1 stub}
  0x00007a7c000765fc: e87f 085d 

  0x00007a7c00076600: ; ImmutableOopMap {rsi=Oop [176]=Oop }
                      ;*getfield continuation {reexecute=1 rethrow=0 return_oop=0}
                      ; - (reexecute) kotlinx.coroutines.DispatchedTask::run@48 (line 81)
                      ;   {runtime_call throw_null_pointer_exception Runtime1 stub}
  0x00007a7c00076600: 07e8 7a08 

  0x00007a7c00076604: ; ImmutableOopMap {rdi=Oop rbx=Oop [176]=Oop }
                      ;*invokeinterface getContext {reexecute=0 rethrow=0 return_oop=0}
                      ; - kotlinx.coroutines.DispatchedTask::run@64 (line 222)
                      ;   {metadata({method} {0x00007a7b97896338} 'isCancellableMode' '(I)Z' in 'kotlinx/coroutines/DispatchedTaskKt')}
  0x00007a7c00076604: 5d07 49ba | 3863 8997 | 7b7a 0000 | 4c89 5424 | 0848 c704 | 24ff ffff 

  0x00007a7c0007661c: ;   {runtime_call counter_overflow Runtime1 stub}
  0x00007a7c0007661c: ffe8 de65 

  0x00007a7c00076620: ; ImmutableOopMap {rax=Oop rsi=Oop [176]=Oop [208]=Oop [216]=Oop [224]=Oop [232]=Oop [240]=Oop [248]=Oop [256]=Oop }
                      ;*synchronization entry
                      ; - kotlinx.coroutines.DispatchedTaskKt::isCancellableMode@-1 (line 43)
                      ; - kotlinx.coroutines.DispatchedTask::run@137 (line 91)
  0x00007a7c00076620: 5d07 e908 

  0x00007a7c00076624: ;   {runtime_call throw_null_pointer_exception Runtime1 stub}
  0x00007a7c00076624: deff ffe8 

  0x00007a7c00076628: ; ImmutableOopMap {rax=Oop [176]=Oop [208]=Oop [216]=Oop [224]=Oop [232]=Oop [248]=Oop [256]=Oop }
                      ;*invokeinterface get {reexecute=0 rethrow=0 return_oop=0}
                      ; - kotlinx.coroutines.DispatchedTask::run@151 (line 91)
  0x00007a7c00076628: 5408 5d07 | 4889 0424 

  0x00007a7c00076630: ;   {runtime_call throw_class_cast_exception Runtime1 stub}
  0x00007a7c00076630: e8cb 3a5d 

  0x00007a7c00076634: ; ImmutableOopMap {[176]=Oop [208]=Oop [216]=Oop [224]=Oop [232]=Oop [248]=Oop [256]=Oop }
                      ;*checkcast {reexecute=0 rethrow=0 return_oop=0}
                      ; - kotlinx.coroutines.DispatchedTask::run@156 (line 91)
                      ;   {runtime_call throw_null_pointer_exception Runtime1 stub}
  0x00007a7c00076634: 07e8 4608 

  0x00007a7c00076638: ; ImmutableOopMap {rdi=Oop [176]=Oop [208]=Oop [216]=Oop [224]=Oop [232]=Oop [248]=Oop [256]=Oop }
                      ;*invokeinterface isActive {reexecute=0 rethrow=0 return_oop=0}
                      ; - kotlinx.coroutines.DispatchedTask::run@172 (line 92)
                      ;   {metadata({method} {0x00007a7b978389b8} 'createFailure' '(Ljava/lang/Throwable;)Ljava/lang/Object;' in 'kotlin/ResultKt')}
  0x00007a7c00076638: 5d07 49ba | b889 8397 | 7b7a 0000 | 4c89 5424 | 0848 c704 | 24ff ffff 

  0x00007a7c00076650: ;   {runtime_call counter_overflow Runtime1 stub}
  0x00007a7c00076650: ffe8 aa65 

  0x00007a7c00076654: ; ImmutableOopMap {rax=Oop [176]=Oop [208]=Oop [216]=Oop [224]=Oop [232]=Oop [256]=Oop }
                      ;*synchronization entry
                      ; - kotlin.ResultKt::createFailure@-1
                      ; - kotlinx.coroutines.DispatchedTask::run@286 (line 98)
  0x00007a7c00076654: 5d07 e9f7 

  0x00007a7c00076658: ;   {metadata({method} {0x00007a7b9740bf98} 'checkNotNullParameter' '(Ljava/lang/Object;Ljava/lang/String;)V' in 'kotlin/jvm/internal/Intrinsics')}
  0x00007a7c00076658: e1ff ff49 | ba98 bf40 | 977b 7a00 | 004c 8954 | 2408 48c7 | 0424 ffff 

  0x00007a7c00076670: ;   {runtime_call counter_overflow Runtime1 stub}
  0x00007a7c00076670: ffff e889 

  0x00007a7c00076674: ; ImmutableOopMap {rax=Oop [176]=Oop [208]=Oop [216]=Oop [224]=Oop [232]=Oop [256]=Oop }
                      ;*synchronization entry
                      ; - kotlin.jvm.internal.Intrinsics::checkNotNullParameter@-1 (line 130)
                      ; - kotlin.ResultKt::createFailure@3
                      ; - kotlinx.coroutines.DispatchedTask::run@286 (line 98)
  0x00007a7c00076674: 655d 07e9 | 0fe2 ffff 

  0x00007a7c0007667c: ;   {metadata({method} {0x00007a7b9740e118} 'throwParameterIsNullNPE' '(Ljava/lang/String;)V' in 'kotlin/jvm/internal/Intrinsics')}
  0x00007a7c0007667c: 49ba 18e1 | 4097 7b7a | 0000 4c89 | 5424 0848 | c704 24ff 

  0x00007a7c00076690: ;   {runtime_call counter_overflow Runtime1 stub}
  0x00007a7c00076690: ffff ffe8 

  0x00007a7c00076694: ; ImmutableOopMap {[176]=Oop [208]=Oop [216]=Oop [224]=Oop [232]=Oop [256]=Oop }
                      ;*synchronization entry
                      ; - kotlin.jvm.internal.Intrinsics::throwParameterIsNullNPE@-1 (line 140)
                      ; - kotlin.jvm.internal.Intrinsics::checkNotNullParameter@5 (line 131)
                      ; - kotlin.ResultKt::createFailure@3
                      ; - kotlinx.coroutines.DispatchedTask::run@286 (line 98)
  0x00007a7c00076694: 6865 5d07 | e956 e2ff 

  0x00007a7c0007669c: ;   {metadata(nullptr)}
  0x00007a7c0007669c: ff48 ba00 | 0000 0000 | 0000 00b8 | 000f 050a 

  0x00007a7c000766ac: ;   {runtime_call load_klass_patching Runtime1 stub}
  0x00007a7c000766ac: e84f 565d 

  0x00007a7c000766b0: ; ImmutableOopMap {[176]=Oop [208]=Oop [216]=Oop [224]=Oop [232]=Oop [256]=Oop }
                      ;*new {reexecute=1 rethrow=0 return_oop=0}
                      ; - (reexecute) kotlin.jvm.internal.Intrinsics::throwParameterIsNullNPE@0 (line 140)
                      ; - kotlin.jvm.internal.Intrinsics::checkNotNullParameter@5 (line 131)
                      ; - kotlin.ResultKt::createFailure@3
                      ; - kotlinx.coroutines.DispatchedTask::run@286 (line 98)
  0x00007a7c000766b0: 07e9 42e2 | ffff 488b 

  0x00007a7c000766b8: ;   {runtime_call fast_new_instance Runtime1 stub}
  0x00007a7c000766b8: d2e8 4215 

  0x00007a7c000766bc: ; ImmutableOopMap {[176]=Oop [208]=Oop [216]=Oop [224]=Oop [232]=Oop [256]=Oop }
                      ;*new {reexecute=0 rethrow=0 return_oop=0}
                      ; - kotlin.jvm.internal.Intrinsics::throwParameterIsNullNPE@0 (line 140)
                      ; - kotlin.jvm.internal.Intrinsics::checkNotNullParameter@5 (line 131)
                      ; - kotlin.ResultKt::createFailure@3
                      ; - kotlinx.coroutines.DispatchedTask::run@286 (line 98)
  0x00007a7c000766bc: 5d07 e991 

  0x00007a7c000766c0: ;   {metadata({method} {0x00007a7b9740f190} 'sanitizeStackTrace' '(Ljava/lang/Throwable;)Ljava/lang/Throwable;' in 'kotlin/jvm/internal/Intrinsics')}
  0x00007a7c000766c0: e2ff ff49 | ba90 f140 | 977b 7a00 | 004c 8954 | 2408 48c7 | 0424 ffff 

  0x00007a7c000766d8: ;   {runtime_call counter_overflow Runtime1 stub}
  0x00007a7c000766d8: ffff e821 

  0x00007a7c000766dc: ; ImmutableOopMap {[176]=Oop [208]=Oop [216]=Oop [224]=Oop [232]=Oop [256]=Oop [272]=Oop }
                      ;*synchronization entry
                      ; - kotlin.jvm.internal.Intrinsics::sanitizeStackTrace@-1 (line 253)
                      ; - kotlin.jvm.internal.Intrinsics::throwParameterIsNullNPE@11 (line 140)
                      ; - kotlin.jvm.internal.Intrinsics::checkNotNullParameter@5 (line 131)
                      ; - kotlin.ResultKt::createFailure@3
                      ; - kotlinx.coroutines.DispatchedTask::run@286 (line 98)
  0x00007a7c000766dc: 655d 07e9 | 19e3 ffff 

  0x00007a7c000766e4: ;   {metadata({method} {0x00007a7b9b4698e8} 'getName' '()Ljava/lang/String;' in 'java/lang/Class')}
  0x00007a7c000766e4: 49ba e898 | 469b 7b7a | 0000 4c89 | 5424 0848 | c704 24ff 

  0x00007a7c000766f8: ;   {runtime_call counter_overflow Runtime1 stub}
  0x00007a7c000766f8: ffff ffe8 

  0x00007a7c000766fc: ; ImmutableOopMap {rsi=Oop [176]=Oop [208]=Oop [216]=Oop [224]=Oop [232]=Oop [256]=Oop [272]=Oop }
                      ;*synchronization entry
                      ; - java.lang.Class::getName@-1 (line 949)
                      ; - kotlin.jvm.internal.Intrinsics::sanitizeStackTrace@3 (line 253)
                      ; - kotlin.jvm.internal.Intrinsics::throwParameterIsNullNPE@11 (line 140)
                      ; - kotlin.jvm.internal.Intrinsics::checkNotNullParameter@5 (line 131)
                      ; - kotlin.ResultKt::createFailure@3
                      ; - kotlinx.coroutines.DispatchedTask::run@286 (line 98)
  0x00007a7c000766fc: 0065 5d07 | e93e e3ff 

  0x00007a7c00076704: ;   {runtime_call throw_null_pointer_exception Runtime1 stub}
  0x00007a7c00076704: ffe8 7607 

  0x00007a7c00076708: ; ImmutableOopMap {[176]=Oop [208]=Oop [216]=Oop [224]=Oop [232]=Oop [256]=Oop [272]=Oop }
                      ;*getfield name {reexecute=1 rethrow=0 return_oop=0}
                      ; - (reexecute) java.lang.Class::getName@1 (line 949)
                      ; - kotlin.jvm.internal.Intrinsics::sanitizeStackTrace@3 (line 253)
                      ; - kotlin.jvm.internal.Intrinsics::throwParameterIsNullNPE@11 (line 140)
                      ; - kotlin.jvm.internal.Intrinsics::checkNotNullParameter@5 (line 131)
                      ; - kotlin.ResultKt::createFailure@3
                      ; - kotlinx.coroutines.DispatchedTask::run@286 (line 98)
  0x00007a7c00076708: 5d07 488b 

  0x00007a7c0007670c: ;   {runtime_call fast_new_instance Runtime1 stub}
  0x00007a7c0007670c: d2e8 ee14 

  0x00007a7c00076710: ; ImmutableOopMap {rbx=Oop [176]=Oop [208]=Oop [216]=Oop [224]=Oop [232]=Oop [256]=Oop }
                      ;*new {reexecute=0 rethrow=0 return_oop=0}
                      ; - kotlin.ResultKt::createFailure@6 (line 122)
                      ; - kotlinx.coroutines.DispatchedTask::run@286 (line 98)
  0x00007a7c00076710: 5d07 e90c 

  0x00007a7c00076714: ;   {metadata({method} {0x00007a7b97839ea8} '<init>' '(Ljava/lang/Throwable;)V' in 'kotlin/Result$Failure')}
  0x00007a7c00076714: e4ff ff49 | baa8 9e83 | 977b 7a00 | 004c 8954 | 2408 48c7 | 0424 ffff 

  0x00007a7c0007672c: ;   {runtime_call counter_overflow Runtime1 stub}
  0x00007a7c0007672c: ffff e8cd 

  0x00007a7c00076730: ; ImmutableOopMap {rbx=Oop rax=Oop [176]=Oop [208]=Oop [216]=Oop [224]=Oop [232]=Oop [256]=Oop [288]=Oop }
                      ;*synchronization entry
                      ; - kotlin.Result$Failure::<init>@-1
                      ; - kotlin.ResultKt::createFailure@11 (line 122)
                      ; - kotlinx.coroutines.DispatchedTask::run@286 (line 98)
  0x00007a7c00076730: 645d 07e9 | 2fe4 ffff 

  0x00007a7c00076738: ;   {metadata({method} {0x00007a7b9740bf98} 'checkNotNullParameter' '(Ljava/lang/Object;Ljava/lang/String;)V' in 'kotlin/jvm/internal/Intrinsics')}
  0x00007a7c00076738: 49ba 98bf | 4097 7b7a | 0000 4c89 | 5424 0848 | c704 24ff 

  0x00007a7c0007674c: ;   {runtime_call counter_overflow Runtime1 stub}
  0x00007a7c0007674c: ffff ffe8 

  0x00007a7c00076750: ; ImmutableOopMap {rbx=Oop rax=Oop [176]=Oop [208]=Oop [216]=Oop [224]=Oop [232]=Oop [256]=Oop [288]=Oop }
                      ;*synchronization entry
                      ; - kotlin.jvm.internal.Intrinsics::checkNotNullParameter@-1 (line 130)
                      ; - kotlin.Result$Failure::<init>@3
                      ; - kotlin.ResultKt::createFailure@11 (line 122)
                      ; - kotlinx.coroutines.DispatchedTask::run@286 (line 98)
  0x00007a7c00076750: ac64 5d07 | e947 e4ff 

  0x00007a7c00076758: ;   {metadata({method} {0x00007a7b9740e118} 'throwParameterIsNullNPE' '(Ljava/lang/String;)V' in 'kotlin/jvm/internal/Intrinsics')}
  0x00007a7c00076758: ff49 ba18 | e140 977b | 7a00 004c | 8954 2408 | 48c7 0424 | ffff ffff 

  0x00007a7c00076770: ;   {runtime_call counter_overflow Runtime1 stub}
  0x00007a7c00076770: e88b 645d 

  0x00007a7c00076774: ; ImmutableOopMap {[176]=Oop [208]=Oop [216]=Oop [224]=Oop [232]=Oop [256]=Oop [288]=Oop }
                      ;*synchronization entry
                      ; - kotlin.jvm.internal.Intrinsics::throwParameterIsNullNPE@-1 (line 140)
                      ; - kotlin.jvm.internal.Intrinsics::checkNotNullParameter@5 (line 131)
                      ; - kotlin.Result$Failure::<init>@3
                      ; - kotlin.ResultKt::createFailure@11 (line 122)
                      ; - kotlinx.coroutines.DispatchedTask::run@286 (line 98)
  0x00007a7c00076774: 07e9 8ee4 

  0x00007a7c00076778: ;   {metadata(nullptr)}
  0x00007a7c00076778: ffff 48ba | 0000 0000 | 0000 0000 | b800 0f05 

  0x00007a7c00076788: ;   {runtime_call load_klass_patching Runtime1 stub}
  0x00007a7c00076788: 0ae8 7255 

  0x00007a7c0007678c: ; ImmutableOopMap {[176]=Oop [208]=Oop [216]=Oop [224]=Oop [232]=Oop [256]=Oop [288]=Oop }
                      ;*new {reexecute=1 rethrow=0 return_oop=0}
                      ; - (reexecute) kotlin.jvm.internal.Intrinsics::throwParameterIsNullNPE@0 (line 140)
                      ; - kotlin.jvm.internal.Intrinsics::checkNotNullParameter@5 (line 131)
                      ; - kotlin.Result$Failure::<init>@3
                      ; - kotlin.ResultKt::createFailure@11 (line 122)
                      ; - kotlinx.coroutines.DispatchedTask::run@286 (line 98)
  0x00007a7c0007678c: 5d07 e975 | e4ff ff48 

  0x00007a7c00076794: ;   {runtime_call fast_new_instance Runtime1 stub}
  0x00007a7c00076794: 8bd2 e865 

  0x00007a7c00076798: ; ImmutableOopMap {[176]=Oop [208]=Oop [216]=Oop [224]=Oop [232]=Oop [256]=Oop [288]=Oop }
                      ;*new {reexecute=0 rethrow=0 return_oop=0}
                      ; - kotlin.jvm.internal.Intrinsics::throwParameterIsNullNPE@0 (line 140)
                      ; - kotlin.jvm.internal.Intrinsics::checkNotNullParameter@5 (line 131)
                      ; - kotlin.Result$Failure::<init>@3
                      ; - kotlin.ResultKt::createFailure@11 (line 122)
                      ; - kotlinx.coroutines.DispatchedTask::run@286 (line 98)
  0x00007a7c00076798: 145d 07e9 | c4e4 ffff 

  0x00007a7c000767a0: ;   {metadata({method} {0x00007a7b9740f190} 'sanitizeStackTrace' '(Ljava/lang/Throwable;)Ljava/lang/Throwable;' in 'kotlin/jvm/internal/Intrinsics')}
  0x00007a7c000767a0: 49ba 90f1 | 4097 7b7a | 0000 4c89 | 5424 0848 | c704 24ff 

  0x00007a7c000767b4: ;   {runtime_call counter_overflow Runtime1 stub}
  0x00007a7c000767b4: ffff ffe8 

  0x00007a7c000767b8: ; ImmutableOopMap {[176]=Oop [208]=Oop [216]=Oop [224]=Oop [232]=Oop [256]=Oop [280]=Oop [288]=Oop }
                      ;*synchronization entry
                      ; - kotlin.jvm.internal.Intrinsics::sanitizeStackTrace@-1 (line 253)
                      ; - kotlin.jvm.internal.Intrinsics::throwParameterIsNullNPE@11 (line 140)
                      ; - kotlin.jvm.internal.Intrinsics::checkNotNullParameter@5 (line 131)
                      ; - kotlin.Result$Failure::<init>@3
                      ; - kotlin.ResultKt::createFailure@11 (line 122)
                      ; - kotlinx.coroutines.DispatchedTask::run@286 (line 98)
  0x00007a7c000767b8: 4464 5d07 | e94c e5ff 

  0x00007a7c000767c0: ;   {metadata({method} {0x00007a7b9b4698e8} 'getName' '()Ljava/lang/String;' in 'java/lang/Class')}
  0x00007a7c000767c0: ff49 bae8 | 9846 9b7b | 7a00 004c | 8954 2408 | 48c7 0424 | ffff ffff 

  0x00007a7c000767d8: ;   {runtime_call counter_overflow Runtime1 stub}
  0x00007a7c000767d8: e823 645d 

  0x00007a7c000767dc: ; ImmutableOopMap {rsi=Oop [176]=Oop [208]=Oop [216]=Oop [224]=Oop [232]=Oop [256]=Oop [280]=Oop [288]=Oop }
                      ;*synchronization entry
                      ; - java.lang.Class::getName@-1 (line 949)
                      ; - kotlin.jvm.internal.Intrinsics::sanitizeStackTrace@3 (line 253)
                      ; - kotlin.jvm.internal.Intrinsics::throwParameterIsNullNPE@11 (line 140)
                      ; - kotlin.jvm.internal.Intrinsics::checkNotNullParameter@5 (line 131)
                      ; - kotlin.Result$Failure::<init>@3
                      ; - kotlin.ResultKt::createFailure@11 (line 122)
                      ; - kotlinx.coroutines.DispatchedTask::run@286 (line 98)
  0x00007a7c000767dc: 07e9 71e5 

  0x00007a7c000767e0: ;   {runtime_call throw_null_pointer_exception Runtime1 stub}
  0x00007a7c000767e0: ffff e899 

  0x00007a7c000767e4: ; ImmutableOopMap {[176]=Oop [208]=Oop [216]=Oop [224]=Oop [232]=Oop [256]=Oop [280]=Oop [288]=Oop }
                      ;*getfield name {reexecute=1 rethrow=0 return_oop=0}
                      ; - (reexecute) java.lang.Class::getName@1 (line 949)
                      ; - kotlin.jvm.internal.Intrinsics::sanitizeStackTrace@3 (line 253)
                      ; - kotlin.jvm.internal.Intrinsics::throwParameterIsNullNPE@11 (line 140)
                      ; - kotlin.jvm.internal.Intrinsics::checkNotNullParameter@5 (line 131)
                      ; - kotlin.Result$Failure::<init>@3
                      ; - kotlin.ResultKt::createFailure@11 (line 122)
                      ; - kotlinx.coroutines.DispatchedTask::run@286 (line 98)
                      ;   {metadata({method} {0x00007a7b9b474bd0} '<init>' '()V' in 'java/lang/Object')}
  0x00007a7c000767e4: 065d 0749 | bad0 4b47 | 9b7b 7a00 | 004c 8954 | 2408 48c7 | 0424 ffff 

  0x00007a7c000767fc: ;   {runtime_call counter_overflow Runtime1 stub}
  0x00007a7c000767fc: ffff e8fd 

  0x00007a7c00076800: ; ImmutableOopMap {rbx=Oop rax=Oop [176]=Oop [208]=Oop [216]=Oop [224]=Oop [232]=Oop [256]=Oop [288]=Oop }
                      ;*synchronization entry
                      ; - java.lang.Object::<init>@-1 (line 45)
                      ; - kotlin.Result$Failure::<init>@7 (line 105)
                      ; - kotlin.ResultKt::createFailure@11 (line 122)
                      ; - kotlinx.coroutines.DispatchedTask::run@286 (line 98)
  0x00007a7c00076800: 635d 07e9 | 18e6 ffff | 8b50 0c48 | c1e2 0348 | 83fa 000f | 8414 e6ff | ff48 8914 

  0x00007a7c0007681c: ;   {runtime_call g1_pre_barrier_slow}
  0x00007a7c0007681c: 24e8 de69 | 5d07 e906 | e6ff ff48 | 83fb 000f | 841b e6ff | ff48 8904 

  0x00007a7c00076834: ;   {runtime_call g1_post_barrier_slow}
  0x00007a7c00076834: 24e8 c66c | 5d07 e90d 

  0x00007a7c0007683c: ;   {metadata({method} {0x00007a7b978838d0} 'constructor-impl' '(Ljava/lang/Object;)Ljava/lang/Object;' in 'kotlin/Result')}
  0x00007a7c0007683c: e6ff ff49 | bad0 3888 | 977b 7a00 | 004c 8954 | 2408 48c7 | 0424 ffff 

  0x00007a7c00076854: ;   {runtime_call counter_overflow Runtime1 stub}
  0x00007a7c00076854: ffff e8a5 

  0x00007a7c00076858: ; ImmutableOopMap {rax=Oop [176]=Oop [208]=Oop [216]=Oop [224]=Oop [232]=Oop [288]=Oop }
                      ;*synchronization entry
                      ; - kotlin.Result::constructor-impl@-1
                      ; - kotlinx.coroutines.DispatchedTask::run@289 (line 98)
  0x00007a7c00076858: 635d 07e9 | 25e6 ffff 

  0x00007a7c00076860: ;   {metadata({method} {0x00007a7b978838d0} 'constructor-impl' '(Ljava/lang/Object;)Ljava/lang/Object;' in 'kotlin/Result')}
  0x00007a7c00076860: 49ba d038 | 8897 7b7a | 0000 4c89 | 5424 0848 | c704 24ff 

  0x00007a7c00076874: ;   {runtime_call counter_overflow Runtime1 stub}
  0x00007a7c00076874: ffff ffe8 

  0x00007a7c00076878: ; ImmutableOopMap {rax=Oop [176]=Oop [208]=Oop [216]=Oop [224]=Oop [232]=Oop }
                      ;*synchronization entry
                      ; - kotlin.Result::constructor-impl@-1
                      ; - kotlinx.coroutines.DispatchedTask::run@311 (line 100)
  0x00007a7c00076878: 8463 5d07 | e9d4 e7ff 

  0x00007a7c00076880: ;   {runtime_call throw_incompatible_class_change_error Runtime1 stub}
  0x00007a7c00076880: ffe8 7a3b 

  0x00007a7c00076884: ; ImmutableOopMap {rdi=Oop [176]=Oop [208]=Oop [216]=Oop [224]=Oop [232]=Oop [248]=Oop }
                      ;*invokeinterface getCancellationException {reexecute=0 rethrow=0 return_oop=0}
                      ; - kotlinx.coroutines.DispatchedTask::run@182 (line 93)
                      ;   {metadata({method} {0x00007a7b976d6560} 'getRECOVER_STACK_TRACES' '()Z' in 'kotlinx/coroutines/DebugKt')}
  0x00007a7c00076884: 5d07 49ba | 6065 6d97 | 7b7a 0000 | 4c89 5424 | 0848 c704 | 24ff ffff 

  0x00007a7c0007689c: ;   {runtime_call counter_overflow Runtime1 stub}
  0x00007a7c0007689c: ffe8 5e63 

  0x00007a7c000768a0: ; ImmutableOopMap {[176]=Oop [208]=Oop [216]=Oop [224]=Oop [232]=Oop [296]=Oop }
                      ;*synchronization entry
                      ; - kotlinx.coroutines.DebugKt::getRECOVER_STACK_TRACES@-1 (line 78)
                      ; - kotlinx.coroutines.DispatchedTask::run@230 (line 233)
  0x00007a7c000768a0: 5d07 e95e 

  0x00007a7c000768a4: ;   {metadata({method} {0x00007a7b978389b8} 'createFailure' '(Ljava/lang/Throwable;)Ljava/lang/Object;' in 'kotlin/ResultKt')}
  0x00007a7c000768a4: eaff ff49 | bab8 8983 | 977b 7a00 | 004c 8954 | 2408 48c7 | 0424 ffff 

  0x00007a7c000768bc: ;   {runtime_call counter_overflow Runtime1 stub}
  0x00007a7c000768bc: ffff e83d 

  0x00007a7c000768c0: ; ImmutableOopMap {rax=Oop [176]=Oop [208]=Oop [216]=Oop [224]=Oop [232]=Oop [296]=Oop }
                      ;*synchronization entry
                      ; - kotlin.ResultKt::createFailure@-1
                      ; - kotlinx.coroutines.DispatchedTask::run@259 (line 232)
  0x00007a7c000768c0: 635d 07e9 | 9eea ffff 

  0x00007a7c000768c8: ;   {metadata({method} {0x00007a7b9740bf98} 'checkNotNullParameter' '(Ljava/lang/Object;Ljava/lang/String;)V' in 'kotlin/jvm/internal/Intrinsics')}
  0x00007a7c000768c8: 49ba 98bf | 4097 7b7a | 0000 4c89 | 5424 0848 | c704 24ff 

  0x00007a7c000768dc: ;   {runtime_call counter_overflow Runtime1 stub}
  0x00007a7c000768dc: ffff ffe8 

  0x00007a7c000768e0: ; ImmutableOopMap {rax=Oop [176]=Oop [208]=Oop [216]=Oop [224]=Oop [232]=Oop [296]=Oop }
                      ;*synchronization entry
                      ; - kotlin.jvm.internal.Intrinsics::checkNotNullParameter@-1 (line 130)
                      ; - kotlin.ResultKt::createFailure@3
                      ; - kotlinx.coroutines.DispatchedTask::run@259 (line 232)
  0x00007a7c000768e0: 1c63 5d07 | e9b6 eaff 

  0x00007a7c000768e8: ;   {metadata({method} {0x00007a7b9740e118} 'throwParameterIsNullNPE' '(Ljava/lang/String;)V' in 'kotlin/jvm/internal/Intrinsics')}
  0x00007a7c000768e8: ff49 ba18 | e140 977b | 7a00 004c | 8954 2408 | 48c7 0424 | ffff ffff 

  0x00007a7c00076900: ;   {runtime_call counter_overflow Runtime1 stub}
  0x00007a7c00076900: e8fb 625d 

  0x00007a7c00076904: ; ImmutableOopMap {[176]=Oop [208]=Oop [216]=Oop [224]=Oop [232]=Oop [296]=Oop }
                      ;*synchronization entry
                      ; - kotlin.jvm.internal.Intrinsics::throwParameterIsNullNPE@-1 (line 140)
                      ; - kotlin.jvm.internal.Intrinsics::checkNotNullParameter@5 (line 131)
                      ; - kotlin.ResultKt::createFailure@3
                      ; - kotlinx.coroutines.DispatchedTask::run@259 (line 232)
  0x00007a7c00076904: 07e9 fdea 

  0x00007a7c00076908: ;   {metadata(nullptr)}
  0x00007a7c00076908: ffff 48ba | 0000 0000 | 0000 0000 | b800 0f05 

  0x00007a7c00076918: ;   {runtime_call load_klass_patching Runtime1 stub}
  0x00007a7c00076918: 0ae8 e253 

  0x00007a7c0007691c: ; ImmutableOopMap {[176]=Oop [208]=Oop [216]=Oop [224]=Oop [232]=Oop [296]=Oop }
                      ;*new {reexecute=1 rethrow=0 return_oop=0}
                      ; - (reexecute) kotlin.jvm.internal.Intrinsics::throwParameterIsNullNPE@0 (line 140)
                      ; - kotlin.jvm.internal.Intrinsics::checkNotNullParameter@5 (line 131)
                      ; - kotlin.ResultKt::createFailure@3
                      ; - kotlinx.coroutines.DispatchedTask::run@259 (line 232)
  0x00007a7c0007691c: 5d07 e9e5 | eaff ff48 

  0x00007a7c00076924: ;   {runtime_call fast_new_instance Runtime1 stub}
  0x00007a7c00076924: 8bd2 e8d5 

  0x00007a7c00076928: ; ImmutableOopMap {[176]=Oop [208]=Oop [216]=Oop [224]=Oop [232]=Oop [296]=Oop }
                      ;*new {reexecute=0 rethrow=0 return_oop=0}
                      ; - kotlin.jvm.internal.Intrinsics::throwParameterIsNullNPE@0 (line 140)
                      ; - kotlin.jvm.internal.Intrinsics::checkNotNullParameter@5 (line 131)
                      ; - kotlin.ResultKt::createFailure@3
                      ; - kotlinx.coroutines.DispatchedTask::run@259 (line 232)
  0x00007a7c00076928: 125d 07e9 | 34eb ffff 

  0x00007a7c00076930: ;   {metadata({method} {0x00007a7b9740f190} 'sanitizeStackTrace' '(Ljava/lang/Throwable;)Ljava/lang/Throwable;' in 'kotlin/jvm/internal/Intrinsics')}
  0x00007a7c00076930: 49ba 90f1 | 4097 7b7a | 0000 4c89 | 5424 0848 | c704 24ff 

  0x00007a7c00076944: ;   {runtime_call counter_overflow Runtime1 stub}
  0x00007a7c00076944: ffff ffe8 

  0x00007a7c00076948: ; ImmutableOopMap {[176]=Oop [208]=Oop [216]=Oop [224]=Oop [232]=Oop [296]=Oop [304]=Oop }
                      ;*synchronization entry
                      ; - kotlin.jvm.internal.Intrinsics::sanitizeStackTrace@-1 (line 253)
                      ; - kotlin.jvm.internal.Intrinsics::throwParameterIsNullNPE@11 (line 140)
                      ; - kotlin.jvm.internal.Intrinsics::checkNotNullParameter@5 (line 131)
                      ; - kotlin.ResultKt::createFailure@3
                      ; - kotlinx.coroutines.DispatchedTask::run@259 (line 232)
  0x00007a7c00076948: b462 5d07 | e9bc ebff 

  0x00007a7c00076950: ;   {metadata({method} {0x00007a7b9b4698e8} 'getName' '()Ljava/lang/String;' in 'java/lang/Class')}
  0x00007a7c00076950: ff49 bae8 | 9846 9b7b | 7a00 004c | 8954 2408 | 48c7 0424 | ffff ffff 

  0x00007a7c00076968: ;   {runtime_call counter_overflow Runtime1 stub}
  0x00007a7c00076968: e893 625d 

  0x00007a7c0007696c: ; ImmutableOopMap {rsi=Oop [176]=Oop [208]=Oop [216]=Oop [224]=Oop [232]=Oop [296]=Oop [304]=Oop }
                      ;*synchronization entry
                      ; - java.lang.Class::getName@-1 (line 949)
                      ; - kotlin.jvm.internal.Intrinsics::sanitizeStackTrace@3 (line 253)
                      ; - kotlin.jvm.internal.Intrinsics::throwParameterIsNullNPE@11 (line 140)
                      ; - kotlin.jvm.internal.Intrinsics::checkNotNullParameter@5 (line 131)
                      ; - kotlin.ResultKt::createFailure@3
                      ; - kotlinx.coroutines.DispatchedTask::run@259 (line 232)
  0x00007a7c0007696c: 07e9 e1eb 

  0x00007a7c00076970: ;   {runtime_call throw_null_pointer_exception Runtime1 stub}
  0x00007a7c00076970: ffff e809 

  0x00007a7c00076974: ; ImmutableOopMap {[176]=Oop [208]=Oop [216]=Oop [224]=Oop [232]=Oop [296]=Oop [304]=Oop }
                      ;*getfield name {reexecute=1 rethrow=0 return_oop=0}
                      ; - (reexecute) java.lang.Class::getName@1 (line 949)
                      ; - kotlin.jvm.internal.Intrinsics::sanitizeStackTrace@3 (line 253)
                      ; - kotlin.jvm.internal.Intrinsics::throwParameterIsNullNPE@11 (line 140)
                      ; - kotlin.jvm.internal.Intrinsics::checkNotNullParameter@5 (line 131)
                      ; - kotlin.ResultKt::createFailure@3
                      ; - kotlinx.coroutines.DispatchedTask::run@259 (line 232)
  0x00007a7c00076974: 055d 0748 

  0x00007a7c00076978: ;   {runtime_call fast_new_instance Runtime1 stub}
  0x00007a7c00076978: 8bd2 e881 

  0x00007a7c0007697c: ; ImmutableOopMap {rbx=Oop [176]=Oop [208]=Oop [216]=Oop [224]=Oop [232]=Oop [296]=Oop }
                      ;*new {reexecute=0 rethrow=0 return_oop=0}
                      ; - kotlin.ResultKt::createFailure@6 (line 122)
                      ; - kotlinx.coroutines.DispatchedTask::run@259 (line 232)
  0x00007a7c0007697c: 125d 07e9 | afec ffff 

  0x00007a7c00076984: ;   {metadata({method} {0x00007a7b97839ea8} '<init>' '(Ljava/lang/Throwable;)V' in 'kotlin/Result$Failure')}
  0x00007a7c00076984: 49ba a89e | 8397 7b7a | 0000 4c89 | 5424 0848 | c704 24ff 

  0x00007a7c00076998: ;   {runtime_call counter_overflow Runtime1 stub}
  0x00007a7c00076998: ffff ffe8 

  0x00007a7c0007699c: ; ImmutableOopMap {rbx=Oop rax=Oop [176]=Oop [208]=Oop [216]=Oop [224]=Oop [232]=Oop [296]=Oop [320]=Oop }
                      ;*synchronization entry
                      ; - kotlin.Result$Failure::<init>@-1
                      ; - kotlin.ResultKt::createFailure@11 (line 122)
                      ; - kotlinx.coroutines.DispatchedTask::run@259 (line 232)
  0x00007a7c0007699c: 6062 5d07 | e9d2 ecff 

  0x00007a7c000769a4: ;   {metadata({method} {0x00007a7b9740bf98} 'checkNotNullParameter' '(Ljava/lang/Object;Ljava/lang/String;)V' in 'kotlin/jvm/internal/Intrinsics')}
  0x00007a7c000769a4: ff49 ba98 | bf40 977b | 7a00 004c | 8954 2408 | 48c7 0424 | ffff ffff 

  0x00007a7c000769bc: ;   {runtime_call counter_overflow Runtime1 stub}
  0x00007a7c000769bc: e83f 625d 

  0x00007a7c000769c0: ; ImmutableOopMap {rbx=Oop rax=Oop [176]=Oop [208]=Oop [216]=Oop [224]=Oop [232]=Oop [296]=Oop [320]=Oop }
                      ;*synchronization entry
                      ; - kotlin.jvm.internal.Intrinsics::checkNotNullParameter@-1 (line 130)
                      ; - kotlin.Result$Failure::<init>@3
                      ; - kotlin.ResultKt::createFailure@11 (line 122)
                      ; - kotlinx.coroutines.DispatchedTask::run@259 (line 232)
  0x00007a7c000769c0: 07e9 eaec 

  0x00007a7c000769c4: ;   {metadata({method} {0x00007a7b9740e118} 'throwParameterIsNullNPE' '(Ljava/lang/String;)V' in 'kotlin/jvm/internal/Intrinsics')}
  0x00007a7c000769c4: ffff 49ba | 18e1 4097 | 7b7a 0000 | 4c89 5424 | 0848 c704 | 24ff ffff 

  0x00007a7c000769dc: ;   {runtime_call counter_overflow Runtime1 stub}
  0x00007a7c000769dc: ffe8 1e62 

  0x00007a7c000769e0: ; ImmutableOopMap {[176]=Oop [208]=Oop [216]=Oop [224]=Oop [232]=Oop [296]=Oop [320]=Oop }
                      ;*synchronization entry
                      ; - kotlin.jvm.internal.Intrinsics::throwParameterIsNullNPE@-1 (line 140)
                      ; - kotlin.jvm.internal.Intrinsics::checkNotNullParameter@5 (line 131)
                      ; - kotlin.Result$Failure::<init>@3
                      ; - kotlin.ResultKt::createFailure@11 (line 122)
                      ; - kotlinx.coroutines.DispatchedTask::run@259 (line 232)
  0x00007a7c000769e0: 5d07 e931 

  0x00007a7c000769e4: ;   {metadata(nullptr)}
  0x00007a7c000769e4: edff ff48 | ba00 0000 | 0000 0000 | 00b8 000f 

  0x00007a7c000769f4: ;   {runtime_call load_klass_patching Runtime1 stub}
  0x00007a7c000769f4: 050a e805 

  0x00007a7c000769f8: ; ImmutableOopMap {[176]=Oop [208]=Oop [216]=Oop [224]=Oop [232]=Oop [296]=Oop [320]=Oop }
                      ;*new {reexecute=1 rethrow=0 return_oop=0}
                      ; - (reexecute) kotlin.jvm.internal.Intrinsics::throwParameterIsNullNPE@0 (line 140)
                      ; - kotlin.jvm.internal.Intrinsics::checkNotNullParameter@5 (line 131)
                      ; - kotlin.Result$Failure::<init>@3
                      ; - kotlin.ResultKt::createFailure@11 (line 122)
                      ; - kotlinx.coroutines.DispatchedTask::run@259 (line 232)
  0x00007a7c000769f8: 535d 07e9 | 18ed ffff 

  0x00007a7c00076a00: ;   {runtime_call fast_new_instance Runtime1 stub}
  0x00007a7c00076a00: 488b d2e8 

  0x00007a7c00076a04: ; ImmutableOopMap {[176]=Oop [208]=Oop [216]=Oop [224]=Oop [232]=Oop [296]=Oop [320]=Oop }
                      ;*new {reexecute=0 rethrow=0 return_oop=0}
                      ; - kotlin.jvm.internal.Intrinsics::throwParameterIsNullNPE@0 (line 140)
                      ; - kotlin.jvm.internal.Intrinsics::checkNotNullParameter@5 (line 131)
                      ; - kotlin.Result$Failure::<init>@3
                      ; - kotlin.ResultKt::createFailure@11 (line 122)
                      ; - kotlinx.coroutines.DispatchedTask::run@259 (line 232)
  0x00007a7c00076a04: f811 5d07 | e967 edff 

  0x00007a7c00076a0c: ;   {metadata({method} {0x00007a7b9740f190} 'sanitizeStackTrace' '(Ljava/lang/Throwable;)Ljava/lang/Throwable;' in 'kotlin/jvm/internal/Intrinsics')}
  0x00007a7c00076a0c: ff49 ba90 | f140 977b | 7a00 004c | 8954 2408 | 48c7 0424 | ffff ffff 

  0x00007a7c00076a24: ;   {runtime_call counter_overflow Runtime1 stub}
  0x00007a7c00076a24: e8d7 615d 

  0x00007a7c00076a28: ; ImmutableOopMap {[176]=Oop [208]=Oop [216]=Oop [224]=Oop [232]=Oop [296]=Oop [312]=Oop [320]=Oop }
                      ;*synchronization entry
                      ; - kotlin.jvm.internal.Intrinsics::sanitizeStackTrace@-1 (line 253)
                      ; - kotlin.jvm.internal.Intrinsics::throwParameterIsNullNPE@11 (line 140)
                      ; - kotlin.jvm.internal.Intrinsics::checkNotNullParameter@5 (line 131)
                      ; - kotlin.Result$Failure::<init>@3
                      ; - kotlin.ResultKt::createFailure@11 (line 122)
                      ; - kotlinx.coroutines.DispatchedTask::run@259 (line 232)
  0x00007a7c00076a28: 07e9 efed 

  0x00007a7c00076a2c: ;   {metadata({method} {0x00007a7b9b4698e8} 'getName' '()Ljava/lang/String;' in 'java/lang/Class')}
  0x00007a7c00076a2c: ffff 49ba | e898 469b | 7b7a 0000 | 4c89 5424 | 0848 c704 | 24ff ffff 

  0x00007a7c00076a44: ;   {runtime_call counter_overflow Runtime1 stub}
  0x00007a7c00076a44: ffe8 b661 

  0x00007a7c00076a48: ; ImmutableOopMap {rsi=Oop [176]=Oop [208]=Oop [216]=Oop [224]=Oop [232]=Oop [296]=Oop [312]=Oop [320]=Oop }
                      ;*synchronization entry
                      ; - java.lang.Class::getName@-1 (line 949)
                      ; - kotlin.jvm.internal.Intrinsics::sanitizeStackTrace@3 (line 253)
                      ; - kotlin.jvm.internal.Intrinsics::throwParameterIsNullNPE@11 (line 140)
                      ; - kotlin.jvm.internal.Intrinsics::checkNotNullParameter@5 (line 131)
                      ; - kotlin.Result$Failure::<init>@3
                      ; - kotlin.ResultKt::createFailure@11 (line 122)
                      ; - kotlinx.coroutines.DispatchedTask::run@259 (line 232)
  0x00007a7c00076a48: 5d07 e914 

  0x00007a7c00076a4c: ;   {runtime_call throw_null_pointer_exception Runtime1 stub}
  0x00007a7c00076a4c: eeff ffe8 

  0x00007a7c00076a50: ; ImmutableOopMap {[176]=Oop [208]=Oop [216]=Oop [224]=Oop [232]=Oop [296]=Oop [312]=Oop [320]=Oop }
                      ;*getfield name {reexecute=1 rethrow=0 return_oop=0}
                      ; - (reexecute) java.lang.Class::getName@1 (line 949)
                      ; - kotlin.jvm.internal.Intrinsics::sanitizeStackTrace@3 (line 253)
                      ; - kotlin.jvm.internal.Intrinsics::throwParameterIsNullNPE@11 (line 140)
                      ; - kotlin.jvm.internal.Intrinsics::checkNotNullParameter@5 (line 131)
                      ; - kotlin.Result$Failure::<init>@3
                      ; - kotlin.ResultKt::createFailure@11 (line 122)
                      ; - kotlinx.coroutines.DispatchedTask::run@259 (line 232)
  0x00007a7c00076a50: 2c04 5d07 

  0x00007a7c00076a54: ;   {metadata({method} {0x00007a7b9b474bd0} '<init>' '()V' in 'java/lang/Object')}
  0x00007a7c00076a54: 49ba d04b | 479b 7b7a | 0000 4c89 | 5424 0848 | c704 24ff 

  0x00007a7c00076a68: ;   {runtime_call counter_overflow Runtime1 stub}
  0x00007a7c00076a68: ffff ffe8 

  0x00007a7c00076a6c: ; ImmutableOopMap {rbx=Oop rax=Oop [176]=Oop [208]=Oop [216]=Oop [224]=Oop [232]=Oop [296]=Oop [320]=Oop }
                      ;*synchronization entry
                      ; - java.lang.Object::<init>@-1 (line 45)
                      ; - kotlin.Result$Failure::<init>@7 (line 105)
                      ; - kotlin.ResultKt::createFailure@11 (line 122)
                      ; - kotlinx.coroutines.DispatchedTask::run@259 (line 232)
  0x00007a7c00076a6c: 9061 5d07 | e9bb eeff | ff8b 500c | 48c1 e203 | 4883 fa00 | 0f84 b7ee | ffff 4889 

  0x00007a7c00076a88: ;   {runtime_call g1_pre_barrier_slow}
  0x00007a7c00076a88: 1424 e871 | 675d 07e9 | a9ee ffff | 4883 fb00 | 0f84 beee | ffff 4889 

  0x00007a7c00076aa0: ;   {runtime_call g1_post_barrier_slow}
  0x00007a7c00076aa0: 0424 e859 | 6a5d 07e9 | b0ee ffff 

  0x00007a7c00076aac: ;   {metadata({method} {0x00007a7b978838d0} 'constructor-impl' '(Ljava/lang/Object;)Ljava/lang/Object;' in 'kotlin/Result')}
  0x00007a7c00076aac: 49ba d038 | 8897 7b7a | 0000 4c89 | 5424 0848 | c704 24ff 

  0x00007a7c00076ac0: ;   {runtime_call counter_overflow Runtime1 stub}
  0x00007a7c00076ac0: ffff ffe8 

  0x00007a7c00076ac4: ; ImmutableOopMap {rax=Oop [176]=Oop [208]=Oop [216]=Oop [224]=Oop [232]=Oop [320]=Oop }
                      ;*synchronization entry
                      ; - kotlin.Result::constructor-impl@-1
                      ; - kotlinx.coroutines.DispatchedTask::run@262 (line 232)
  0x00007a7c00076ac4: 3861 5d07 | e9c8 eeff 

  0x00007a7c00076acc: ;   {runtime_call throw_null_pointer_exception Runtime1 stub}
  0x00007a7c00076acc: ffe8 ae03 

  0x00007a7c00076ad0: ; ImmutableOopMap {rax=Oop [176]=Oop [216]=Oop [224]=Oop }
                      ;*invokevirtual clearThreadContext {reexecute=0 rethrow=0 return_oop=0}
                      ; - kotlinx.coroutines.DispatchedTask::run@332 (line 236)
                      ;   {internal_word}
  0x00007a7c00076ad0: 5d07 49ba | 3c5b 0700 | 7c7a 0000 | 4d89 9768 

  0x00007a7c00076ae0: ;   {runtime_call SafepointBlob}
  0x00007a7c00076ae0: 0400 00e9 | 1855 5107 | 4889 0424 

  0x00007a7c00076aec: ;   {runtime_call throw_class_cast_exception Runtime1 stub}
  0x00007a7c00076aec: e80f 365d 

  0x00007a7c00076af0: ; ImmutableOopMap {rsi=Oop [176]=Oop [208]=Oop [216]=Oop [224]=Oop [232]=Oop [296]=Oop [320]=Oop }
                      ;*checkcast {reexecute=0 rethrow=0 return_oop=0}
                      ; - kotlin.jvm.internal.Intrinsics::throwParameterIsNullNPE@14 (line 140)
                      ; - kotlin.jvm.internal.Intrinsics::checkNotNullParameter@5 (line 131)
                      ; - kotlin.Result$Failure::<init>@3
                      ; - kotlin.ResultKt::createFailure@11 (line 122)
                      ; - kotlinx.coroutines.DispatchedTask::run@259 (line 232)
                      ;   {runtime_call throw_null_pointer_exception Runtime1 stub}
  0x00007a7c00076af0: 07e8 8a03 

  0x00007a7c00076af4: ; ImmutableOopMap {rsi=Oop rax=Oop [176]=Oop [208]=Oop [216]=Oop [224]=Oop [232]=Oop [296]=Oop [320]=Oop }
                      ;*athrow {reexecute=1 rethrow=0 return_oop=0}
                      ; - (reexecute) kotlin.jvm.internal.Intrinsics::throwParameterIsNullNPE@17 (line 140)
                      ; - kotlin.jvm.internal.Intrinsics::checkNotNullParameter@5 (line 131)
                      ; - kotlin.Result$Failure::<init>@3
                      ; - kotlin.ResultKt::createFailure@11 (line 122)
                      ; - kotlinx.coroutines.DispatchedTask::run@259 (line 232)
  0x00007a7c00076af4: 5d07 4889 

  0x00007a7c00076af8: ;   {runtime_call throw_class_cast_exception Runtime1 stub}
  0x00007a7c00076af8: 0424 e801 

  0x00007a7c00076afc: ; ImmutableOopMap {rsi=Oop [176]=Oop [208]=Oop [216]=Oop [224]=Oop [232]=Oop [296]=Oop }
                      ;*checkcast {reexecute=0 rethrow=0 return_oop=0}
                      ; - kotlin.jvm.internal.Intrinsics::throwParameterIsNullNPE@14 (line 140)
                      ; - kotlin.jvm.internal.Intrinsics::checkNotNullParameter@5 (line 131)
                      ; - kotlin.ResultKt::createFailure@3
                      ; - kotlinx.coroutines.DispatchedTask::run@259 (line 232)
                      ;   {runtime_call throw_null_pointer_exception Runtime1 stub}
  0x00007a7c00076afc: 365d 07e8 

  0x00007a7c00076b00: ; ImmutableOopMap {rsi=Oop rax=Oop [176]=Oop [208]=Oop [216]=Oop [224]=Oop [232]=Oop [296]=Oop }
                      ;*athrow {reexecute=1 rethrow=0 return_oop=0}
                      ; - (reexecute) kotlin.jvm.internal.Intrinsics::throwParameterIsNullNPE@17 (line 140)
                      ; - kotlin.jvm.internal.Intrinsics::checkNotNullParameter@5 (line 131)
                      ; - kotlin.ResultKt::createFailure@3
                      ; - kotlinx.coroutines.DispatchedTask::run@259 (line 232)
  0x00007a7c00076b00: 7c03 5d07 | 4889 0424 

  0x00007a7c00076b08: ;   {runtime_call throw_class_cast_exception Runtime1 stub}
  0x00007a7c00076b08: e8f3 355d 

  0x00007a7c00076b0c: ; ImmutableOopMap {rsi=Oop [176]=Oop [208]=Oop [216]=Oop [224]=Oop [232]=Oop [256]=Oop [288]=Oop }
                      ;*checkcast {reexecute=0 rethrow=0 return_oop=0}
                      ; - kotlin.jvm.internal.Intrinsics::throwParameterIsNullNPE@14 (line 140)
                      ; - kotlin.jvm.internal.Intrinsics::checkNotNullParameter@5 (line 131)
                      ; - kotlin.Result$Failure::<init>@3
                      ; - kotlin.ResultKt::createFailure@11 (line 122)
                      ; - kotlinx.coroutines.DispatchedTask::run@286 (line 98)
                      ;   {runtime_call throw_null_pointer_exception Runtime1 stub}
  0x00007a7c00076b0c: 07e8 6e03 

  0x00007a7c00076b10: ; ImmutableOopMap {rsi=Oop rax=Oop [176]=Oop [208]=Oop [216]=Oop [224]=Oop [232]=Oop [256]=Oop [288]=Oop }
                      ;*athrow {reexecute=1 rethrow=0 return_oop=0}
                      ; - (reexecute) kotlin.jvm.internal.Intrinsics::throwParameterIsNullNPE@17 (line 140)
                      ; - kotlin.jvm.internal.Intrinsics::checkNotNullParameter@5 (line 131)
                      ; - kotlin.Result$Failure::<init>@3
                      ; - kotlin.ResultKt::createFailure@11 (line 122)
                      ; - kotlinx.coroutines.DispatchedTask::run@286 (line 98)
  0x00007a7c00076b10: 5d07 4889 

  0x00007a7c00076b14: ;   {runtime_call throw_class_cast_exception Runtime1 stub}
  0x00007a7c00076b14: 0424 e8e5 

  0x00007a7c00076b18: ; ImmutableOopMap {rsi=Oop rdi=Oop [176]=Oop [216]=Oop [224]=Oop [232]=Oop [256]=Oop }
                      ;*checkcast {reexecute=0 rethrow=0 return_oop=0}
                      ; - kotlin.jvm.internal.Intrinsics::throwParameterIsNullNPE@14 (line 140)
                      ; - kotlin.jvm.internal.Intrinsics::checkNotNullParameter@5 (line 131)
                      ; - kotlin.ResultKt::createFailure@3
                      ; - kotlinx.coroutines.DispatchedTask::run@286 (line 98)
                      ;   {runtime_call throw_null_pointer_exception Runtime1 stub}
  0x00007a7c00076b18: 355d 07e8 

  0x00007a7c00076b1c: ; ImmutableOopMap {rsi=Oop rdi=Oop rax=Oop [176]=Oop [216]=Oop [224]=Oop [232]=Oop [256]=Oop }
                      ;*athrow {reexecute=1 rethrow=0 return_oop=0}
                      ; - (reexecute) kotlin.jvm.internal.Intrinsics::throwParameterIsNullNPE@17 (line 140)
                      ; - kotlin.jvm.internal.Intrinsics::checkNotNullParameter@5 (line 131)
                      ; - kotlin.ResultKt::createFailure@3
                      ; - kotlinx.coroutines.DispatchedTask::run@286 (line 98)
  0x00007a7c00076b1c: 6003 5d07 

  0x00007a7c00076b20: ;   {runtime_call throw_null_pointer_exception Runtime1 stub}
  0x00007a7c00076b20: e85b 035d 

  0x00007a7c00076b24: ; ImmutableOopMap {rsi=Oop [176]=Oop [216]=Oop [224]=Oop [328]=Oop }
                      ;*invokevirtual clearThreadContext {reexecute=0 rethrow=0 return_oop=0}
                      ; - kotlinx.coroutines.DispatchedTask::run@357 (line 236)
  0x00007a7c00076b24: 0748 8904 

  0x00007a7c00076b28: ;   {runtime_call throw_class_cast_exception Runtime1 stub}
  0x00007a7c00076b28: 24e8 d235 

  0x00007a7c00076b2c: ; ImmutableOopMap {rsi=Oop [176]=Oop [184]=Oop }
                      ;*checkcast {reexecute=0 rethrow=0 return_oop=0}
                      ; - kotlin.jvm.internal.Intrinsics::throwJavaNpe@11 (line 50)
                      ; - kotlin.jvm.internal.Intrinsics::checkNotNull@5 (line 31)
                      ; - kotlinx.coroutines.DispatchedTask::run@40 (line 80)
                      ;   {runtime_call throw_null_pointer_exception Runtime1 stub}
  0x00007a7c00076b2c: 5d07 e84d 

  0x00007a7c00076b30: ; ImmutableOopMap {rsi=Oop rax=Oop [176]=Oop [184]=Oop }
                      ;*athrow {reexecute=1 rethrow=0 return_oop=0}
                      ; - (reexecute) kotlin.jvm.internal.Intrinsics::throwJavaNpe@14 (line 50)
                      ; - kotlin.jvm.internal.Intrinsics::checkNotNull@5 (line 31)
                      ; - kotlinx.coroutines.DispatchedTask::run@40 (line 80)
                      ;   {internal_word}
  0x00007a7c00076b30: 035d 0749 | ba74 6207 | 007c 7a00 | 004d 8997 | 6804 0000 

  0x00007a7c00076b44: ;   {runtime_call SafepointBlob}
  0x00007a7c00076b44: e9b7 5451 

  0x00007a7c00076b48: ;   {runtime_call throw_null_pointer_exception Runtime1 stub}
  0x00007a7c00076b48: 07e8 3203 

  0x00007a7c00076b4c: ; ImmutableOopMap {rax=Oop [336]=Oop }
                      ;*invokeinterface getContext {reexecute=0 rethrow=0 return_oop=0}
                      ; - kotlinx.coroutines.DispatchedTask::run@378 (line 105)
                      ;   {internal_word}
  0x00007a7c00076b4c: 5d07 49ba | f464 0700 | 7c7a 0000 | 4d89 9768 

  0x00007a7c00076b5c: ;   {runtime_call SafepointBlob}
  0x00007a7c00076b5c: 0400 00e9 | 9c54 5107 | 498b 8700 | 0500 0049 | c787 0005 | 0000 0000 | 0000 49c7 | 8708 0500 
  0x00007a7c00076b7c: 0000 0000 | 0048 81c4 | 7001 0000 

  0x00007a7c00076b88: ;   {runtime_call unwind_exception Runtime1 stub}
  0x00007a7c00076b88: 5de9 f2f3 | 5c07 f4f4 
[Stub Code]
  0x00007a7c00076b90: ;   {no_reloc}
  0x00007a7c00076b90: 0f1f 4400 

  0x00007a7c00076b94: ;   {static_stub}
  0x00007a7c00076b94: 0048 bb00 | 0000 0000 

  0x00007a7c00076b9c: ;   {runtime_call nmethod}
  0x00007a7c00076b9c: 0000 00e9 | fbff ffff 

  0x00007a7c00076ba4: ;   {static_stub}
  0x00007a7c00076ba4: 9048 bb00 | 0000 0000 

  0x00007a7c00076bac: ;   {runtime_call nmethod}
  0x00007a7c00076bac: 0000 00e9 | fbff ffff 

  0x00007a7c00076bb4: ;   {static_stub}
  0x00007a7c00076bb4: 9048 bb00 | 0000 0000 

  0x00007a7c00076bbc: ;   {runtime_call nmethod}
  0x00007a7c00076bbc: 0000 00e9 | fbff ffff 

  0x00007a7c00076bc4: ;   {static_stub}
  0x00007a7c00076bc4: 9048 bb00 | 0000 0000 

  0x00007a7c00076bcc: ;   {runtime_call nmethod}
  0x00007a7c00076bcc: 0000 00e9 | fbff ffff 

  0x00007a7c00076bd4: ;   {static_stub}
  0x00007a7c00076bd4: 9048 bb00 | 0000 0000 

  0x00007a7c00076bdc: ;   {runtime_call nmethod}
  0x00007a7c00076bdc: 0000 00e9 | fbff ffff 

  0x00007a7c00076be4: ;   {static_stub}
  0x00007a7c00076be4: 9048 bb00 | 0000 0000 

  0x00007a7c00076bec: ;   {runtime_call nmethod}
  0x00007a7c00076bec: 0000 00e9 | fbff ffff 

  0x00007a7c00076bf4: ;   {static_stub}
  0x00007a7c00076bf4: 9048 bb00 | 0000 0000 

  0x00007a7c00076bfc: ;   {runtime_call nmethod}
  0x00007a7c00076bfc: 0000 00e9 | fbff ffff 

  0x00007a7c00076c04: ;   {static_stub}
  0x00007a7c00076c04: 9048 bb00 | 0000 0000 

  0x00007a7c00076c0c: ;   {runtime_call nmethod}
  0x00007a7c00076c0c: 0000 00e9 | fbff ffff 

  0x00007a7c00076c14: ;   {static_stub}
  0x00007a7c00076c14: 9048 bb00 | 0000 0000 

  0x00007a7c00076c1c: ;   {runtime_call nmethod}
  0x00007a7c00076c1c: 0000 00e9 | fbff ffff 

  0x00007a7c00076c24: ;   {static_stub}
  0x00007a7c00076c24: 9048 bb00 | 0000 0000 

  0x00007a7c00076c2c: ;   {runtime_call nmethod}
  0x00007a7c00076c2c: 0000 00e9 | fbff ffff 

  0x00007a7c00076c34: ;   {static_stub}
  0x00007a7c00076c34: 9048 bbb8 | b86c 977b 

  0x00007a7c00076c3c: ;   {runtime_call I2C/C2I adapters}
  0x00007a7c00076c3c: 7a00 00e9 | 1f31 5107 

  0x00007a7c00076c44: ;   {static_stub}
  0x00007a7c00076c44: 9048 bb00 | 0000 0000 

  0x00007a7c00076c4c: ;   {runtime_call nmethod}
  0x00007a7c00076c4c: 0000 00e9 | fbff ffff 

  0x00007a7c00076c54: ;   {static_stub}
  0x00007a7c00076c54: 9048 bb00 | 0000 0000 

  0x00007a7c00076c5c: ;   {runtime_call nmethod}
  0x00007a7c00076c5c: 0000 00e9 | fbff ffff 

  0x00007a7c00076c64: ;   {static_stub}
  0x00007a7c00076c64: 9048 bb00 | 0000 0000 

  0x00007a7c00076c6c: ;   {runtime_call nmethod}
  0x00007a7c00076c6c: 0000 00e9 | fbff ffff 

  0x00007a7c00076c74: ;   {static_stub}
  0x00007a7c00076c74: 9048 bb00 | 0000 0000 

  0x00007a7c00076c7c: ;   {runtime_call nmethod}
  0x00007a7c00076c7c: 0000 00e9 | fbff ffff 

  0x00007a7c00076c84: ;   {static_stub}
  0x00007a7c00076c84: 9048 bb00 | 0000 0000 

  0x00007a7c00076c8c: ;   {runtime_call nmethod}
  0x00007a7c00076c8c: 0000 00e9 | fbff ffff 

  0x00007a7c00076c94: ;   {static_stub}
  0x00007a7c00076c94: 9048 bb00 | 0000 0000 

  0x00007a7c00076c9c: ;   {runtime_call nmethod}
  0x00007a7c00076c9c: 0000 00e9 | fbff ffff 

  0x00007a7c00076ca4: ;   {static_stub}
  0x00007a7c00076ca4: 48bb 0000 | 0000 0000 

  0x00007a7c00076cac: ;   {runtime_call nmethod}
  0x00007a7c00076cac: 0000 e9fb 

  0x00007a7c00076cb0: ;   {static_stub}
  0x00007a7c00076cb0: ffff ff48 | bb00 0000 | 0000 0000 

  0x00007a7c00076cbc: ;   {runtime_call nmethod}
  0x00007a7c00076cbc: 00e9 fbff 

  0x00007a7c00076cc0: ;   {static_stub}
  0x00007a7c00076cc0: ffff 48bb | 0000 0000 | 0000 0000 

  0x00007a7c00076ccc: ;   {runtime_call nmethod}
  0x00007a7c00076ccc: e9fb ffff 

  0x00007a7c00076cd0: ;   {static_stub}
  0x00007a7c00076cd0: ff48 bb00 | 0000 0000 

  0x00007a7c00076cd8: ;   {runtime_call nmethod}
  0x00007a7c00076cd8: 0000 00e9 | fbff ffff 

  0x00007a7c00076ce0: ;   {static_stub}
  0x00007a7c00076ce0: 48bb 0000 | 0000 0000 

  0x00007a7c00076ce8: ;   {runtime_call nmethod}
  0x00007a7c00076ce8: 0000 e9fb 

  0x00007a7c00076cec: ;   {static_stub}
  0x00007a7c00076cec: ffff ff48 | bb00 0000 | 0000 0000 

  0x00007a7c00076cf8: ;   {runtime_call nmethod}
  0x00007a7c00076cf8: 00e9 fbff 

  0x00007a7c00076cfc: ;   {static_stub}
  0x00007a7c00076cfc: ffff 48bb | 0000 0000 | 0000 0000 

  0x00007a7c00076d08: ;   {runtime_call nmethod}
  0x00007a7c00076d08: e9fb ffff 

  0x00007a7c00076d0c: ;   {static_stub}
  0x00007a7c00076d0c: ff48 bb00 | 0000 0000 

  0x00007a7c00076d14: ;   {runtime_call nmethod}
  0x00007a7c00076d14: 0000 00e9 | fbff ffff 

  0x00007a7c00076d1c: ;   {static_stub}
  0x00007a7c00076d1c: 48bb 0000 | 0000 0000 

  0x00007a7c00076d24: ;   {runtime_call nmethod}
  0x00007a7c00076d24: 0000 e9fb 

  0x00007a7c00076d28: ;   {runtime_call handle_exception_from_callee Runtime1 stub}
  0x00007a7c00076d28: ffff ffe8 | d028 5d07 

  0x00007a7c00076d30: ;   {external_word}
  0x00007a7c00076d30: 48bf 59a5 | 551d 7c7a | 0000 4883 

  0x00007a7c00076d3c: ;   {runtime_call MacroAssembler::debug64(char*, long, long*)}
  0x00007a7c00076d3c: e4f0 e88d | 85f6 1cf4 
[Deopt Handler Code]
  0x00007a7c00076d44: ;   {section_word}
  0x00007a7c00076d44: 49ba 446d | 0700 7c7a | 0000 4152 

  0x00007a7c00076d50: ;   {runtime_call DeoptimizationBlob}
  0x00007a7c00076d50: e94b 4551 | 07f4 f4f4 
[/MachCode]


Compiled method (c1) 9385 3343       3       java.awt.EventQueue::dispatchEvent (80 bytes)
 total in heap  [0x00007a7c00517d90,0x00007a7c005198f0] = 7008
 relocation     [0x00007a7c00517ee8,0x00007a7c005180d8] = 496
 main code      [0x00007a7c005180e0,0x00007a7c00519188] = 4264
 stub code      [0x00007a7c00519188,0x00007a7c00519240] = 184
 oops           [0x00007a7c00519240,0x00007a7c00519248] = 8
 metadata       [0x00007a7c00519248,0x00007a7c005192d8] = 144
 scopes data    [0x00007a7c005192d8,0x00007a7c00519628] = 848
 scopes pcs     [0x00007a7c00519628,0x00007a7c005198c8] = 672
 dependencies   [0x00007a7c005198c8,0x00007a7c005198d8] = 16
 nul chk table  [0x00007a7c005198d8,0x00007a7c005198f0] = 24

[Constant Pool (empty)]

[MachCode]
[Entry Point]
  # {method} {0x00007a7b97b18228} 'dispatchEvent' '(Ljava/awt/AWTEvent;)V' in 'java/awt/EventQueue'
  # this:     rsi:rsi   = 'java/awt/EventQueue'
  # parm0:    rdx:rdx   = 'java/awt/AWTEvent'
  #           [sp+0x190]  (sp of caller)
  0x00007a7c005180e0: 448b 5608 | 49bb 0000 | 009b 7b7a | 0000 4d03 | d34c 3bd0 

  0x00007a7c005180f4: ;   {runtime_call ic_miss_stub}
  0x00007a7c005180f4: 0f85 86cf | 0607 660f | 1f44 0000 
[Verified Entry Point]
  0x00007a7c00518100: 8984 2400 | c0fe ff55 | 4881 ec80 | 0100 0090 | 4181 7f20 | 0500 0000 

  0x00007a7c00518118: ;   {runtime_call StubRoutines (final stubs)}
  0x00007a7c00518118: 7405 e881 | 3305 0748 | 89b4 2400 

  0x00007a7c00518124: ;   {metadata(method data for {method} {0x00007a7b97b18228} 'dispatchEvent' '(Ljava/awt/AWTEvent;)V' in 'java/awt/EventQueue')}
  0x00007a7c00518124: 0100 0048 | bf90 0a8f | 997b 7a00 | 008b 87f4 | 0000 0083 | c002 8987 | f400 0000 | 25fe 0700 
  0x00007a7c00518144: 0085 c00f | 84f4 0b00 | 0048 3b02 

  0x00007a7c00518150: ;   {metadata(method data for {method} {0x00007a7b97b18228} 'dispatchEvent' '(Ljava/awt/AWTEvent;)V' in 'java/awt/EventQueue')}
  0x00007a7c00518150: 488b fa48 | b890 0a8f | 997b 7a00 | 008b 7f08 | 49ba 0000 | 009b 7b7a | 0000 4903 | fa48 3bb8 
  0x00007a7c00518170: 4801 0000 | 750d 4883 | 8050 0100 | 0001 e960 | 0000 0048 | 3bb8 5801 | 0000 750d | 4883 8060 
  0x00007a7c00518190: 0100 0001 | e94a 0000 | 0048 83b8 | 4801 0000 | 0075 1748 | 89b8 4801 | 0000 48c7 | 8050 0100 
  0x00007a7c005181b0: 0001 0000 | 00e9 2900 | 0000 4883 | b858 0100 | 0000 7517 | 4889 b858 | 0100 0048 | c780 6001 
  0x00007a7c005181d0: 0000 0100 | 0000 e908 | 0000 0048 | 8380 3801 | 0000 018b | 5a0c 48c1 | e303 4c8b 

  0x00007a7c005181ec: ;   {metadata('java/awt/EventQueue$4')}
  0x00007a7c005181ec: c248 ba40 | 9916 9c7b | 7a00 004c | 8bce 498b | 87b8 0100 | 0048 8d78 | 1849 3bbf | c801 0000 
  0x00007a7c0051820c: 0f87 550b | 0000 4989 | bfb8 0100 | 0048 c700 | 0100 0000 | 488b ca49 | ba00 0000 | 9b7b 7a00 
  0x00007a7c0051822c: 0049 2bca | 8948 0848 | 33c9 8948 | 0c48 33c9 | 4889 4810 | 4889 8424 | f800 0000 

  0x00007a7c00518248: ;   {metadata(method data for {method} {0x00007a7b97b18228} 'dispatchEvent' '(Ljava/awt/AWTEvent;)V' in 'java/awt/EventQueue')}
  0x00007a7c00518248: 488b f048 | bf90 0a8f | 997b 7a00 | 0048 8387 | 7001 0000 

  0x00007a7c0051825c: ;   {metadata(method data for {method} {0x00007a7b97b6e478} '<init>' '(Ljava/awt/EventQueue;Ljava/awt/AWTEvent;Ljava/lang/Object;)V' in 'java/awt/EventQueue$4')}
  0x00007a7c0051825c: 0148 be68 | 0d8f 997b | 7a00 008b | bef4 0000 | 0083 c702 | 89be f400 | 0000 81e7 | feff 1f00 
  0x00007a7c0051827c: 85ff 0f84 | f00a 0000 | 410f be77 | 4085 f60f | 8504 0b00 | 004d 8bd1 | 49c1 ea03 | 4489 5014 
  0x00007a7c0051829c: 488b f049 | 33f1 48c1 | ee15 4883 | fe00 0f85 | 040b 0000 | 410f be77 | 4085 f60f | 850f 0b00 
  0x00007a7c005182bc: 004d 8bd0 | 49c1 ea03 | 4489 500c | 488b f049 | 33f0 48c1 | ee15 4883 | fe00 0f85 | 0f0b 0000 
  0x00007a7c005182dc: 410f be77 | 4085 f60f | 851a 0b00 | 004c 8bd3 | 49c1 ea03 | 4489 5010 | 488b f048 | 33f3 48c1 
  0x00007a7c005182fc: ee15 4883 | fe00 0f85 | 1a0b 0000 

  0x00007a7c00518308: ;   {metadata(method data for {method} {0x00007a7b97b6e478} '<init>' '(Ljava/awt/EventQueue;Ljava/awt/AWTEvent;Ljava/lang/Object;)V' in 'java/awt/EventQueue$4')}
  0x00007a7c00518308: 488b f048 | bf68 0d8f | 997b 7a00 | 0048 8387 | 3801 0000 

  0x00007a7c0051831c: ;   {metadata(method data for {method} {0x00007a7b9b474bd0} '<init>' '()V' in 'java/lang/Object')}
  0x00007a7c0051831c: 0148 be00 | a600 977b | 7a00 008b | bef4 0000 | 0083 c702 | 89be f400 | 0000 81e7 | feff 1f00 
  0x00007a7c0051833c: 85ff 0f84 | f60a 0000 

  0x00007a7c00518344: ;   {metadata(method data for {method} {0x00007a7b97b18228} 'dispatchEvent' '(Ljava/awt/AWTEvent;)V' in 'java/awt/EventQueue')}
  0x00007a7c00518344: 48be 900a | 8f99 7b7a | 0000 4883 | 8680 0100 | 0001 4c89 | 8424 f000 | 0000 4889 | 9c24 e800 
  0x00007a7c00518364: ;   {static_call}
  0x00007a7c00518364: 0000 90e8 

  0x00007a7c00518368: ; ImmutableOopMap {[232]=Oop [240]=Oop [248]=Oop [256]=Oop }
                      ;*invokestatic getContext {reexecute=0 rethrow=0 return_oop=0}
                      ; - java.awt.EventQueue::dispatchEvent@16 (line 736)
  0x00007a7c00518368: 7409 ffff 

  0x00007a7c0051836c: ;   {other}
  0x00007a7c0051836c: 0f1f 8400 | dc05 0000 | 4889 8424 | 0801 0000 

  0x00007a7c0051837c: ;   {metadata(method data for {method} {0x00007a7b97b18228} 'dispatchEvent' '(Ljava/awt/AWTEvent;)V' in 'java/awt/EventQueue')}
  0x00007a7c0051837c: 48be 900a | 8f99 7b7a | 0000 4883 | 8690 0100 | 0001 488b | b424 e800 

  0x00007a7c00518394: ;   {static_call}
  0x00007a7c00518394: 0000 90e8 

  0x00007a7c00518398: ; ImmutableOopMap {[240]=Oop [248]=Oop [256]=Oop [264]=Oop }
                      ;*invokestatic getAccessControlContextFrom {reexecute=0 rethrow=0 return_oop=0}
                      ; - java.awt.EventQueue::dispatchEvent@22 (line 738)
  0x00007a7c00518398: a41c 0000 

  0x00007a7c0051839c: ;   {other}
  0x00007a7c0051839c: 0f1f 8400 | 0c06 0001 | 488b 9424 | f000 0000 

  0x00007a7c005183ac: ;   {metadata(method data for {method} {0x00007a7b97b18228} 'dispatchEvent' '(Ljava/awt/AWTEvent;)V' in 'java/awt/EventQueue')}
  0x00007a7c005183ac: 48be 900a | 8f99 7b7a | 0000 4883 | 86a0 0100 

  0x00007a7c005183bc: ;   {metadata(method data for {method} {0x00007a7b97b37778} 'getAccessControlContext' '()Ljava/security/AccessControlContext;' in 'java/awt/AWTEvent')}
  0x00007a7c005183bc: 0001 48be | 1013 8f99 | 7b7a 0000 | 8b96 f400 | 0000 83c2 | 0289 96f4 | 0000 0081 | e2fe ff1f 
  0x00007a7c005183dc: 0085 d20f | 8476 0a00 | 0048 8b94 | 24f0 0000 | 008b 721c | 48c1 e603 

  0x00007a7c005183f4: ;   {metadata(method data for {method} {0x00007a7b97b37778} 'getAccessControlContext' '()Ljava/security/AccessControlContext;' in 'java/awt/AWTEvent')}
  0x00007a7c005183f4: 4885 f648 | be10 138f | 997b 7a00 | 0048 c7c7 | 4801 0000 | 7407 48c7 | c738 0100 | 0048 8b1c 
  0x00007a7c00518414: 3e48 8d5b | 0148 891c | 3e0f 8467 | 0800 008b | 5a1c 48c1 | e303 4885 

  0x00007a7c0051842c: ;   {metadata(method data for {method} {0x00007a7b97b18228} 'dispatchEvent' '(Ljava/awt/AWTEvent;)V' in 'java/awt/EventQueue')}
  0x00007a7c0051842c: c048 be90 | 0a8f 997b | 7a00 0048 | c7c2 d801 | 0000 7507 | 48c7 c2e8 | 0100 0048 | 8b3c 1648 
  0x00007a7c0051844c: 8d7f 0148 | 893c 160f | 85e2 0200 

  0x00007a7c00518458: ;   {oop(a 'java/security/ProtectionDomain$JavaSecurityAccessImpl'{0x000000070f4beef0})}
  0x00007a7c00518458: 0048 bef0 | ee4b 0f07 

  0x00007a7c00518460: ;   {metadata(method data for {method} {0x00007a7b97b18228} 'dispatchEvent' '(Ljava/awt/AWTEvent;)V' in 'java/awt/EventQueue')}
  0x00007a7c00518460: 0000 0048 | ba90 0a8f | 997b 7a00 

  0x00007a7c0051846c: ;   {metadata('java/security/ProtectionDomain$JavaSecurityAccessImpl')}
  0x00007a7c0051846c: 0049 ba38 | 8211 9b7b | 7a00 004c | 8992 0802 | 0000 4883 | 8210 0200 

  0x00007a7c00518484: ;   {metadata(method data for {method} {0x00007a7b9b118878} 'doIntersectionPrivilege' '(Ljava/security/PrivilegedAction;Ljava/security/AccessControlContext;Ljava/security/AccessControlContext;)Ljava/lang/Object;' in 'java/security/ProtectionDomain$JavaSecurityAccessImpl')}
  0x00007a7c00518484: 0001 48be | b814 8f99 | 7b7a 0000 | 8b96 f400 | 0000 83c2 | 0289 96f4 | 0000 0081 | e2fe ff1f 
  0x00007a7c005184a4: 0085 d20f | 84cf 0900 

  0x00007a7c005184ac: ;   {metadata(method data for {method} {0x00007a7b9b118878} 'doIntersectionPrivilege' '(Ljava/security/PrivilegedAction;Ljava/security/AccessControlContext;Ljava/security/AccessControlContext;)Ljava/lang/Object;' in 'java/security/ProtectionDomain$JavaSecurityAccessImpl')}
  0x00007a7c005184ac: 0048 beb8 | 148f 997b | 7a00 00ff | 8638 0100 

  0x00007a7c005184bc: ;   {metadata(method data for {method} {0x00007a7b9b118878} 'doIntersectionPrivilege' '(Ljava/security/PrivilegedAction;Ljava/security/AccessControlContext;Ljava/security/AccessControlContext;)Ljava/lang/Object;' in 'java/security/ProtectionDomain$JavaSecurityAccessImpl')}
  0x00007a7c005184bc: 0048 beb8 | 148f 997b | 7a00 0048 | 8386 6801 | 0000 0148 | 8bf3 488b | 9424 0801 | 0000 0f1f 
  0x00007a7c005184dc: ;   {static_call}
  0x00007a7c005184dc: 4400 00e8 

  0x00007a7c005184e0: ; ImmutableOopMap {[248]=Oop }
                      ;*invokestatic getCombinedACC {reexecute=0 rethrow=0 return_oop=0}
                      ; - java.security.ProtectionDomain$JavaSecurityAccessImpl::doIntersectionPrivilege@15 (line 89)
                      ; - java.awt.EventQueue::dispatchEvent@46 (line 742)
  0x00007a7c005184e0: f60c 0000 

  0x00007a7c005184e4: ;   {other}
  0x00007a7c005184e4: 0f1f 8400 | 5407 0002 

  0x00007a7c005184ec: ;   {metadata(method data for {method} {0x00007a7b9b118878} 'doIntersectionPrivilege' '(Ljava/security/PrivilegedAction;Ljava/security/AccessControlContext;Ljava/security/AccessControlContext;)Ljava/lang/Object;' in 'java/security/ProtectionDomain$JavaSecurityAccessImpl')}
  0x00007a7c005184ec: 48be b814 | 8f99 7b7a | 0000 4883 | 8678 0100 

  0x00007a7c005184fc: ;   {metadata(method data for {method} {0x00007a7b9b470928} 'doPrivileged' '(Ljava/security/PrivilegedAction;Ljava/security/AccessControlContext;)Ljava/lang/Object;' in 'java/security/AccessController')}
  0x00007a7c005184fc: 0001 48be | 088d 5d99 | 7b7a 0000 | 8bbe f400 | 0000 83c7 | 0289 bef4 | 0000 0081 | e7fe ff1f 
  0x00007a7c0051851c: 0085 ff0f | 8478 0900 

  0x00007a7c00518524: ;   {metadata(method data for {method} {0x00007a7b9b470928} 'doPrivileged' '(Ljava/security/PrivilegedAction;Ljava/security/AccessControlContext;)Ljava/lang/Object;' in 'java/security/AccessController')}
  0x00007a7c00518524: 0048 be08 | 8d5d 997b | 7a00 0048 | 8386 3801 | 0000 0148 | 8984 2410 

  0x00007a7c0051853c: ;   {static_call}
  0x00007a7c0051853c: 0100 00e8 

  0x00007a7c00518540: ; ImmutableOopMap {[248]=Oop [272]=Oop }
                      ;*invokestatic getCallerClass {reexecute=0 rethrow=0 return_oop=0}
                      ; - java.security.AccessController::doPrivileged@0 (line 398)
                      ; - java.security.ProtectionDomain$JavaSecurityAccessImpl::doIntersectionPrivilege@18 (line 87)
                      ; - java.awt.EventQueue::dispatchEvent@46 (line 742)
  0x00007a7c00518540: 7cbb 5b07 

  0x00007a7c00518544: ;   {other}
  0x00007a7c00518544: 0f1f 8400 | b407 0003 

  0x00007a7c0051854c: ;   {metadata(method data for {method} {0x00007a7b9b470928} 'doPrivileged' '(Ljava/security/PrivilegedAction;Ljava/security/AccessControlContext;)Ljava/lang/Object;' in 'java/security/AccessController')}
  0x00007a7c0051854c: 48be 088d | 5d99 7b7a | 0000 4883 | 8648 0100 | 0001 488b | b424 1001 | 0000 488b | d048 8984 
  0x00007a7c0051856c: 2418 0100 | 0066 0f1f 

  0x00007a7c00518574: ;   {static_call}
  0x00007a7c00518574: 4400 00e8 

  0x00007a7c00518578: ; ImmutableOopMap {[248]=Oop [280]=Oop }
                      ;*invokestatic checkContext {reexecute=0 rethrow=0 return_oop=0}
                      ; - java.security.AccessController::doPrivileged@6 (line 399)
                      ; - java.security.ProtectionDomain$JavaSecurityAccessImpl::doIntersectionPrivilege@18 (line 87)
                      ; - java.awt.EventQueue::dispatchEvent@46 (line 742)
  0x00007a7c00518578: 44c4 b4ff 

  0x00007a7c0051857c: ;   {other}
  0x00007a7c0051857c: 0f1f 8400 | ec07 0004 | 4889 8424 | 2001 0000 

  0x00007a7c0051858c: ;   {metadata(method data for {method} {0x00007a7b9b470928} 'doPrivileged' '(Ljava/security/PrivilegedAction;Ljava/security/AccessControlContext;)Ljava/lang/Object;' in 'java/security/AccessController')}
  0x00007a7c0051858c: 48be 088d | 5d99 7b7a | 0000 4883 | 8658 0100 

  0x00007a7c0051859c: ;   {metadata(method data for {method} {0x00007a7b9b470bb0} 'executePrivileged' '(Ljava/security/PrivilegedAction;Ljava/security/AccessControlContext;Ljava/lang/Class;)Ljava/lang/Object;' in 'java/security/AccessController')}
  0x00007a7c0051859c: 0001 48be | 50d3 0c97 | 7b7a 0000 | 8bbe f400 | 0000 83c7 | 0289 bef4 | 0000 0081 | e7fe ff1f 
  0x00007a7c005185bc: 0085 ff0f | 84f9 0800 | 0048 85c0 

  0x00007a7c005185c8: ;   {metadata(method data for {method} {0x00007a7b9b470bb0} 'executePrivileged' '(Ljava/security/PrivilegedAction;Ljava/security/AccessControlContext;Ljava/lang/Class;)Ljava/lang/Object;' in 'java/security/AccessController')}
  0x00007a7c005185c8: 48be 50d3 | 0c97 7b7a | 0000 48c7 | c738 0100 | 0074 0748 | c7c7 4801 | 0000 488b | 1c3e 488d 
  0x00007a7c005185e8: 5b01 4889 | 1c3e 0f84 | 2800 0000 

  0x00007a7c005185f4: ;   {metadata(method data for {method} {0x00007a7b9b470bb0} 'executePrivileged' '(Ljava/security/PrivilegedAction;Ljava/security/AccessControlContext;Ljava/lang/Class;)Ljava/lang/Object;' in 'java/security/AccessController')}
  0x00007a7c005185f4: 48be 50d3 | 0c97 7b7a | 0000 4883 | 8658 0100 | 0001 488b | f066 0f1f 

  0x00007a7c0051860c: ;   {static_call}
  0x00007a7c0051860c: 4400 00e8 

  0x00007a7c00518610: ; ImmutableOopMap {[248]=Oop [280]=Oop [288]=Oop }
                      ;*invokestatic ensureMaterializedForStackWalk {reexecute=0 rethrow=0 return_oop=0}
                      ; - java.security.AccessController::executePrivileged@5 (line 774)
                      ; - java.security.AccessController::doPrivileged@13 (line 400)
                      ; - java.security.ProtectionDomain$JavaSecurityAccessImpl::doIntersectionPrivilege@18 (line 87)
                      ; - java.awt.EventQueue::dispatchEvent@46 (line 742)
  0x00007a7c00518610: acde 6e07 

  0x00007a7c00518614: ;   {other}
  0x00007a7c00518614: 0f1f 8400 | 8408 0005 

  0x00007a7c0051861c: ;   {metadata(method data for {method} {0x00007a7b9b470bb0} 'executePrivileged' '(Ljava/security/PrivilegedAction;Ljava/security/AccessControlContext;Ljava/lang/Class;)Ljava/lang/Object;' in 'java/security/AccessController')}
  0x00007a7c0051861c: 48be 50d3 | 0c97 7b7a | 0000 ff86 | 6801 0000 | 488b b424 | f800 0000 

  0x00007a7c00518634: ;   {metadata(method data for {method} {0x00007a7b9b470bb0} 'executePrivileged' '(Ljava/security/PrivilegedAction;Ljava/security/AccessControlContext;Ljava/lang/Class;)Ljava/lang/Object;' in 'java/security/AccessController')}
  0x00007a7c00518634: 48bf 50d3 | 0c97 7b7a 

  0x00007a7c0051863c: ;   {metadata(method data for {method} {0x00007a7b97b6e618} 'run' '()Ljava/lang/Object;' in 'java/awt/EventQueue$4')}
  0x00007a7c0051863c: 0000 48be | e018 8f99 | 7b7a 0000 | 8bbe f400 | 0000 83c7 | 0289 bef4 | 0000 0081 | e7fe ff1f 
  0x00007a7c0051865c: 0085 ff0f | 847a 0800 | 0048 8bb4 | 24f8 0000 

  0x00007a7c0051866c: ;   {metadata(method data for {method} {0x00007a7b97b6e618} 'run' '()Ljava/lang/Object;' in 'java/awt/EventQueue$4')}
  0x00007a7c0051866c: 0048 bfe0 | 188f 997b 

  0x00007a7c00518674: ;   {metadata('java/awt/EventQueue$4')}
  0x00007a7c00518674: 7a00 0049 | ba40 9916 | 9c7b 7a00 | 004c 8997 | 4801 0000 | 4883 8750 | 0100 0001 | 488b b424 
  0x00007a7c00518694: f800 0000 | 0f1f 8000 

  0x00007a7c0051869c: ;   {optimized virtual_call}
  0x00007a7c0051869c: 0000 00e8 

  0x00007a7c005186a0: ; ImmutableOopMap {[280]=Oop [288]=Oop }
                      ;*invokevirtual run {reexecute=0 rethrow=0 return_oop=0}
                      ; - java.awt.EventQueue$4::run@1 (line 714)
                      ; - java.security.AccessController::executePrivileged@29 (line 778)
                      ; - java.security.AccessController::doPrivileged@13 (line 400)
                      ; - java.security.ProtectionDomain$JavaSecurityAccessImpl::doIntersectionPrivilege@18 (line 87)
                      ; - java.awt.EventQueue::dispatchEvent@46 (line 742)
  0x00007a7c005186a0: e90a 0000 

  0x00007a7c005186a4: ;   {other}
  0x00007a7c005186a4: 0f1f 8400 | 1409 0006 

  0x00007a7c005186ac: ;   {metadata(method data for {method} {0x00007a7b9b470bb0} 'executePrivileged' '(Ljava/security/PrivilegedAction;Ljava/security/AccessControlContext;Ljava/lang/Class;)Ljava/lang/Object;' in 'java/security/AccessController')}
  0x00007a7c005186ac: 48ba 50d3 | 0c97 7b7a | 0000 ff82 | 0002 0000 | 488b 9424 | 1801 0000 

  0x00007a7c005186c4: ;   {metadata(method data for {method} {0x00007a7b9b470bb0} 'executePrivileged' '(Ljava/security/PrivilegedAction;Ljava/security/AccessControlContext;Ljava/lang/Class;)Ljava/lang/Object;' in 'java/security/AccessController')}
  0x00007a7c005186c4: 48be 50d3 | 0c97 7b7a | 0000 4883 | 8660 0200 

  0x00007a7c005186d4: ;   {metadata(method data for {method} {0x00007a7b9b03e8d8} 'reachabilityFence' '(Ljava/lang/Object;)V' in 'java/lang/ref/Reference')}
  0x00007a7c005186d4: 0001 48be | e02b 0297 | 7b7a 0000 | 8bbe f400 | 0000 83c7 | 0289 bef4 | 0000 0081 | e7fe ff1f 
  0x00007a7c005186f4: 0085 ff0f | 8403 0800 

  0x00007a7c005186fc: ;   {metadata(method data for {method} {0x00007a7b9b470bb0} 'executePrivileged' '(Ljava/security/PrivilegedAction;Ljava/security/AccessControlContext;Ljava/lang/Class;)Ljava/lang/Object;' in 'java/security/AccessController')}
  0x00007a7c005186fc: 0048 ba50 | d30c 977b | 7a00 0048 | 8382 7002 

  0x00007a7c0051870c: ;   {metadata(method data for {method} {0x00007a7b9b03e8d8} 'reachabilityFence' '(Ljava/lang/Object;)V' in 'java/lang/ref/Reference')}
  0x00007a7c0051870c: 0000 0148 | bae0 2b02 | 977b 7a00 | 008b b2f4 | 0000 0083 | c602 89b2 | f400 0000 | 81e6 feff 
  0x00007a7c0051872c: 1f00 85f6 | 0f84 eb07 | 0000 e929 | 0500 004c | 8bc0 488b | 8424 f800 

  0x00007a7c00518744: ;   {metadata('java/awt/EventQueue$5')}
  0x00007a7c00518744: 0000 48ba | 10a2 3c9c | 7b7a 0000 | 4c8b c849 | 8b87 b801 | 0000 488d | 7818 493b | bfc8 0100 
  0x00007a7c00518764: 000f 87d7 | 0700 0049 | 89bf b801 | 0000 48c7 | 0001 0000 | 0048 8bca | 49ba 0000 | 009b 7b7a 
  0x00007a7c00518784: 0000 492b | ca89 4808 | 4833 c989 | 480c 4833 | c948 8948 | 1048 8bf0 

  0x00007a7c0051879c: ;   {metadata(method data for {method} {0x00007a7b97b18228} 'dispatchEvent' '(Ljava/awt/AWTEvent;)V' in 'java/awt/EventQueue')}
  0x00007a7c0051879c: 48ba 900a | 8f99 7b7a | 0000 4883 | 8248 0200 

  0x00007a7c005187ac: ;   {metadata(method data for {method} {0x00007a7b98b4ce28} '<init>' '(Ljava/awt/EventQueue;Ljava/security/PrivilegedAction;Ljava/security/AccessControlContext;)V' in 'java/awt/EventQueue$5')}
  0x00007a7c005187ac: 0001 48be | 181d 8f99 | 7b7a 0000 | 8b96 f400 | 0000 83c2 | 0289 96f4 | 0000 0081 | e2fe ff1f 
  0x00007a7c005187cc: 0085 d20f | 847a 0700 | 0041 0fbe | 7740 85f6 | 0f85 8e07 | 0000 4d8b | d149 c1ea | 0344 8950 
  0x00007a7c005187ec: 0c48 8bf0 | 4933 f148 | c1ee 1548 | 83fe 000f | 858e 0700 | 0041 0fbe | 7740 85f6 | 0f85 9907 
  0x00007a7c0051880c: 0000 4c8b | d349 c1ea | 0344 8950 | 1048 8bf0 | 4833 f348 | c1ee 1548 | 83fe 000f | 8599 0700 
  0x00007a7c0051882c: 0048 8bf0 

  0x00007a7c00518830: ;   {metadata(method data for {method} {0x00007a7b98b4ce28} '<init>' '(Ljava/awt/EventQueue;Ljava/security/PrivilegedAction;Ljava/security/AccessControlContext;)V' in 'java/awt/EventQueue$5')}
  0x00007a7c00518830: 48ba 181d | 8f99 7b7a | 0000 4883 | 8238 0100 

  0x00007a7c00518840: ;   {metadata(method data for {method} {0x00007a7b9b474bd0} '<init>' '()V' in 'java/lang/Object')}
  0x00007a7c00518840: 0001 48be | 00a6 0097 | 7b7a 0000 | 8b96 f400 | 0000 83c2 | 0289 96f4 | 0000 0081 | e2fe ff1f 
  0x00007a7c00518860: 0085 d20f | 8475 0700 

  0x00007a7c00518868: ;   {oop(a 'java/security/ProtectionDomain$JavaSecurityAccessImpl'{0x000000070f4beef0})}
  0x00007a7c00518868: 0048 bef0 | ee4b 0f07 

  0x00007a7c00518870: ;   {metadata(method data for {method} {0x00007a7b97b18228} 'dispatchEvent' '(Ljava/awt/AWTEvent;)V' in 'java/awt/EventQueue')}
  0x00007a7c00518870: 0000 0048 | ba90 0a8f | 997b 7a00 

  0x00007a7c0051887c: ;   {metadata('java/security/ProtectionDomain$JavaSecurityAccessImpl')}
  0x00007a7c0051887c: 0049 ba38 | 8211 9b7b | 7a00 004c | 8992 6802 | 0000 4883 | 8270 0200 

  0x00007a7c00518894: ;   {metadata(method data for {method} {0x00007a7b9b118878} 'doIntersectionPrivilege' '(Ljava/security/PrivilegedAction;Ljava/security/AccessControlContext;Ljava/security/AccessControlContext;)Ljava/lang/Object;' in 'java/security/ProtectionDomain$JavaSecurityAccessImpl')}
  0x00007a7c00518894: 0001 48be | b814 8f99 | 7b7a 0000 | 8b96 f400 | 0000 83c2 | 0289 96f4 | 0000 0081 | e2fe ff1f 
  0x00007a7c005188b4: 0085 d20f | 8442 0700 

  0x00007a7c005188bc: ;   {metadata(method data for {method} {0x00007a7b9b118878} 'doIntersectionPrivilege' '(Ljava/security/PrivilegedAction;Ljava/security/AccessControlContext;Ljava/security/AccessControlContext;)Ljava/lang/Object;' in 'java/security/ProtectionDomain$JavaSecurityAccessImpl')}
  0x00007a7c005188bc: 0048 beb8 | 148f 997b | 7a00 00ff | 8638 0100 | 0048 8984 | 2428 0100 

  0x00007a7c005188d4: ;   {metadata(method data for {method} {0x00007a7b9b118878} 'doIntersectionPrivilege' '(Ljava/security/PrivilegedAction;Ljava/security/AccessControlContext;Ljava/security/AccessControlContext;)Ljava/lang/Object;' in 'java/security/ProtectionDomain$JavaSecurityAccessImpl')}
  0x00007a7c005188d4: 0048 beb8 | 148f 997b | 7a00 0048 | 8386 6801 | 0000 0149 | 8bf0 488b | 9424 0801 | 0000 0f1f 
  0x00007a7c005188f4: ;   {static_call}
  0x00007a7c005188f4: 4400 00e8 

  0x00007a7c005188f8: ; ImmutableOopMap {[296]=Oop }
                      ;*invokestatic getCombinedACC {reexecute=0 rethrow=0 return_oop=0}
                      ; - java.security.ProtectionDomain$JavaSecurityAccessImpl::doIntersectionPrivilege@15 (line 89)
                      ; - java.awt.EventQueue::dispatchEvent@73 (line 744)
  0x00007a7c005188f8: de08 0000 

  0x00007a7c005188fc: ;   {other}
  0x00007a7c005188fc: 0f1f 8400 | 6c0b 0007 

  0x00007a7c00518904: ;   {metadata(method data for {method} {0x00007a7b9b118878} 'doIntersectionPrivilege' '(Ljava/security/PrivilegedAction;Ljava/security/AccessControlContext;Ljava/security/AccessControlContext;)Ljava/lang/Object;' in 'java/security/ProtectionDomain$JavaSecurityAccessImpl')}
  0x00007a7c00518904: 48be b814 | 8f99 7b7a | 0000 4883 | 8678 0100 

  0x00007a7c00518914: ;   {metadata(method data for {method} {0x00007a7b9b470928} 'doPrivileged' '(Ljava/security/PrivilegedAction;Ljava/security/AccessControlContext;)Ljava/lang/Object;' in 'java/security/AccessController')}
  0x00007a7c00518914: 0001 48be | 088d 5d99 | 7b7a 0000 | 8bbe f400 | 0000 83c7 | 0289 bef4 | 0000 0081 | e7fe ff1f 
  0x00007a7c00518934: 0085 ff0f | 84e3 0600 

  0x00007a7c0051893c: ;   {metadata(method data for {method} {0x00007a7b9b470928} 'doPrivileged' '(Ljava/security/PrivilegedAction;Ljava/security/AccessControlContext;)Ljava/lang/Object;' in 'java/security/AccessController')}
  0x00007a7c0051893c: 0048 be08 | 8d5d 997b | 7a00 0048 | 8386 3801 | 0000 0148 | 8984 2430 

  0x00007a7c00518954: ;   {static_call}
  0x00007a7c00518954: 0100 00e8 

  0x00007a7c00518958: ; ImmutableOopMap {[296]=Oop [304]=Oop }
                      ;*invokestatic getCallerClass {reexecute=0 rethrow=0 return_oop=0}
                      ; - java.security.AccessController::doPrivileged@0 (line 398)
                      ; - java.security.ProtectionDomain$JavaSecurityAccessImpl::doIntersectionPrivilege@18 (line 87)
                      ; - java.awt.EventQueue::dispatchEvent@73 (line 744)
  0x00007a7c00518958: 64b7 5b07 

  0x00007a7c0051895c: ;   {other}
  0x00007a7c0051895c: 0f1f 8400 | cc0b 0008 

  0x00007a7c00518964: ;   {metadata(method data for {method} {0x00007a7b9b470928} 'doPrivileged' '(Ljava/security/PrivilegedAction;Ljava/security/AccessControlContext;)Ljava/lang/Object;' in 'java/security/AccessController')}
  0x00007a7c00518964: 48be 088d | 5d99 7b7a | 0000 4883 | 8648 0100 | 0001 488b | b424 3001 | 0000 488b | d048 8984 
  0x00007a7c00518984: 2438 0100 | 0066 0f1f 

  0x00007a7c0051898c: ;   {static_call}
  0x00007a7c0051898c: 4400 00e8 

  0x00007a7c00518990: ; ImmutableOopMap {[296]=Oop [312]=Oop }
                      ;*invokestatic checkContext {reexecute=0 rethrow=0 return_oop=0}
                      ; - java.security.AccessController::doPrivileged@6 (line 399)
                      ; - java.security.ProtectionDomain$JavaSecurityAccessImpl::doIntersectionPrivilege@18 (line 87)
                      ; - java.awt.EventQueue::dispatchEvent@73 (line 744)
  0x00007a7c00518990: 2cc0 b4ff 

  0x00007a7c00518994: ;   {other}
  0x00007a7c00518994: 0f1f 8400 | 040c 0009 | 4889 8424 | 4001 0000 

  0x00007a7c005189a4: ;   {metadata(method data for {method} {0x00007a7b9b470928} 'doPrivileged' '(Ljava/security/PrivilegedAction;Ljava/security/AccessControlContext;)Ljava/lang/Object;' in 'java/security/AccessController')}
  0x00007a7c005189a4: 48be 088d | 5d99 7b7a | 0000 4883 | 8658 0100 

  0x00007a7c005189b4: ;   {metadata(method data for {method} {0x00007a7b9b470bb0} 'executePrivileged' '(Ljava/security/PrivilegedAction;Ljava/security/AccessControlContext;Ljava/lang/Class;)Ljava/lang/Object;' in 'java/security/AccessController')}
  0x00007a7c005189b4: 0001 48be | 50d3 0c97 | 7b7a 0000 | 8bbe f400 | 0000 83c7 | 0289 bef4 | 0000 0081 | e7fe ff1f 
  0x00007a7c005189d4: 0085 ff0f | 8464 0600 | 0048 85c0 

  0x00007a7c005189e0: ;   {metadata(method data for {method} {0x00007a7b9b470bb0} 'executePrivileged' '(Ljava/security/PrivilegedAction;Ljava/security/AccessControlContext;Ljava/lang/Class;)Ljava/lang/Object;' in 'java/security/AccessController')}
  0x00007a7c005189e0: 48be 50d3 | 0c97 7b7a | 0000 48c7 | c738 0100 | 0074 0748 | c7c7 4801 | 0000 488b | 1c3e 488d 
  0x00007a7c00518a00: 5b01 4889 | 1c3e 0f84 | 2800 0000 

  0x00007a7c00518a0c: ;   {metadata(method data for {method} {0x00007a7b9b470bb0} 'executePrivileged' '(Ljava/security/PrivilegedAction;Ljava/security/AccessControlContext;Ljava/lang/Class;)Ljava/lang/Object;' in 'java/security/AccessController')}
  0x00007a7c00518a0c: 48be 50d3 | 0c97 7b7a | 0000 4883 | 8658 0100 | 0001 488b | f066 0f1f 

  0x00007a7c00518a24: ;   {static_call}
  0x00007a7c00518a24: 4400 00e8 

  0x00007a7c00518a28: ; ImmutableOopMap {[296]=Oop [312]=Oop [320]=Oop }
                      ;*invokestatic ensureMaterializedForStackWalk {reexecute=0 rethrow=0 return_oop=0}
                      ; - java.security.AccessController::executePrivileged@5 (line 774)
                      ; - java.security.AccessController::doPrivileged@13 (line 400)
                      ; - java.security.ProtectionDomain$JavaSecurityAccessImpl::doIntersectionPrivilege@18 (line 87)
                      ; - java.awt.EventQueue::dispatchEvent@73 (line 744)
  0x00007a7c00518a28: 94da 6e07 

  0x00007a7c00518a2c: ;   {other}
  0x00007a7c00518a2c: 0f1f 8400 | 9c0c 000a 

  0x00007a7c00518a34: ;   {metadata(method data for {method} {0x00007a7b9b470bb0} 'executePrivileged' '(Ljava/security/PrivilegedAction;Ljava/security/AccessControlContext;Ljava/lang/Class;)Ljava/lang/Object;' in 'java/security/AccessController')}
  0x00007a7c00518a34: 48be 50d3 | 0c97 7b7a | 0000 ff86 | 6801 0000 | 488b 8424 | 2801 0000 

  0x00007a7c00518a4c: ;   {metadata(method data for {method} {0x00007a7b9b470bb0} 'executePrivileged' '(Ljava/security/PrivilegedAction;Ljava/security/AccessControlContext;Ljava/lang/Class;)Ljava/lang/Object;' in 'java/security/AccessController')}
  0x00007a7c00518a4c: 488b f848 | bb50 d30c | 977b 7a00 

  0x00007a7c00518a58: ;   {metadata(method data for {method} {0x00007a7b98b4cf88} 'run' '()Ljava/lang/Object;' in 'java/awt/EventQueue$5')}
  0x00007a7c00518a58: 0048 bfa8 | 1e8f 997b | 7a00 008b | 9ff4 0000 | 0083 c302 | 899f f400 | 0000 81e3 | feff 1f00 
  0x00007a7c00518a78: 85db 0f84 | e205 0000 

  0x00007a7c00518a80: ;   {metadata(method data for {method} {0x00007a7b98b4cf88} 'run' '()Ljava/lang/Object;' in 'java/awt/EventQueue$5')}
  0x00007a7c00518a80: 488b f848 | bba8 1e8f | 997b 7a00 

  0x00007a7c00518a8c: ;   {metadata('java/awt/EventQueue$5')}
  0x00007a7c00518a8c: 0049 ba10 | a23c 9c7b | 7a00 004c | 8993 4801 | 0000 4883 | 8350 0100 

  0x00007a7c00518aa4: ;   {metadata(method data for {method} {0x00007a7b98b4cee0} 'run' '()Ljava/lang/Void;' in 'java/awt/EventQueue$5')}
  0x00007a7c00518aa4: 0001 48bf | 5820 8f99 | 7b7a 0000 | 8b9f f400 | 0000 83c3 | 0289 9ff4 | 0000 0081 | e3fe ff1f 
  0x00007a7c00518ac4: 0085 db0f | 84b6 0500 | 008b 780c | 48c1 e703 | 8b58 1048 

  0x00007a7c00518ad8: ;   {oop(a 'java/security/ProtectionDomain$JavaSecurityAccessImpl'{0x000000070f4beef0})}
  0x00007a7c00518ad8: c1e3 0348 | b8f0 ee4b | 0f07 0000 | 0048 8bd0 

  0x00007a7c00518ae8: ;   {metadata(method data for {method} {0x00007a7b98b4cee0} 'run' '()Ljava/lang/Void;' in 'java/awt/EventQueue$5')}
  0x00007a7c00518ae8: 48b9 5820 | 8f99 7b7a 

  0x00007a7c00518af0: ;   {metadata('java/security/ProtectionDomain$JavaSecurityAccessImpl')}
  0x00007a7c00518af0: 0000 49ba | 3882 119b | 7b7a 0000 | 4c89 9148 | 0100 0048 | 8381 5001 

  0x00007a7c00518b08: ;   {metadata(method data for {method} {0x00007a7b9b118b38} 'doIntersectionPrivilege' '(Ljava/security/PrivilegedAction;Ljava/security/AccessControlContext;)Ljava/lang/Object;' in 'java/security/ProtectionDomain$JavaSecurityAccessImpl')}
  0x00007a7c00518b08: 0000 0148 | ba08 228f | 997b 7a00 | 008b 8af4 | 0000 0083 | c102 898a | f400 0000 | 81e1 feff 
  0x00007a7c00518b28: 1f00 85c9 | 0f84 7205 

  0x00007a7c00518b30: ;   {metadata(method data for {method} {0x00007a7b9b118b38} 'doIntersectionPrivilege' '(Ljava/security/PrivilegedAction;Ljava/security/AccessControlContext;)Ljava/lang/Object;' in 'java/security/ProtectionDomain$JavaSecurityAccessImpl')}
  0x00007a7c00518b30: 0000 48ba | 0822 8f99 | 7b7a 0000 | 4883 8238 | 0100 0001 | 4889 9c24 | 5801 0000 | 4889 bc24 
  0x00007a7c00518b50: 5001 0000 | 4889 8424 | 4801 0000 

  0x00007a7c00518b5c: ;   {static_call}
  0x00007a7c00518b5c: 6666 90e8 

  0x00007a7c00518b60: ; ImmutableOopMap {[312]=Oop [320]=Oop [328]=Oop [336]=Oop [344]=Oop }
                      ;*invokestatic getContext {reexecute=0 rethrow=0 return_oop=0}
                      ; - java.security.ProtectionDomain$JavaSecurityAccessImpl::doIntersectionPrivilege@2 (line 99)
                      ; - java.awt.EventQueue$5::run@11 (line 747)
                      ; - java.awt.EventQueue$5::run@1 (line 745)
                      ; - java.security.AccessController::executePrivileged@29 (line 778)
                      ; - java.security.AccessController::doPrivileged@13 (line 400)
                      ; - java.security.ProtectionDomain$JavaSecurityAccessImpl::doIntersectionPrivilege@18 (line 87)
                      ; - java.awt.EventQueue::dispatchEvent@73 (line 744)
  0x00007a7c00518b60: 7c01 ffff 

  0x00007a7c00518b64: ;   {other}
  0x00007a7c00518b64: 0f1f 8400 | d40d 000b | 488b 9424 | 4801 0000 

  0x00007a7c00518b74: ;   {metadata(method data for {method} {0x00007a7b9b118b38} 'doIntersectionPrivilege' '(Ljava/security/PrivilegedAction;Ljava/security/AccessControlContext;)Ljava/lang/Object;' in 'java/security/ProtectionDomain$JavaSecurityAccessImpl')}
  0x00007a7c00518b74: 48b9 0822 | 8f99 7b7a 

  0x00007a7c00518b7c: ;   {metadata('java/security/ProtectionDomain$JavaSecurityAccessImpl')}
  0x00007a7c00518b7c: 0000 49ba | 3882 119b | 7b7a 0000 | 4c89 9158 | 0100 0048 | 8381 6001 | 0000 0148 | 8b94 2450 
  0x00007a7c00518b9c: 0100 0048 | 8bc8 4c8b | 8424 5801 | 0000 488b | b424 4801 | 0000 0f1f 

  0x00007a7c00518bb4: ;   {optimized virtual_call}
  0x00007a7c00518bb4: 4400 00e8 

  0x00007a7c00518bb8: ; ImmutableOopMap {[312]=Oop [320]=Oop }
                      ;*invokevirtual doIntersectionPrivilege {reexecute=0 rethrow=0 return_oop=0}
                      ; - java.security.ProtectionDomain$JavaSecurityAccessImpl::doIntersectionPrivilege@6 (line 98)
                      ; - java.awt.EventQueue$5::run@11 (line 747)
                      ; - java.awt.EventQueue$5::run@1 (line 745)
                      ; - java.security.AccessController::executePrivileged@29 (line 778)
                      ; - java.security.AccessController::doPrivileged@13 (line 400)
                      ; - java.security.ProtectionDomain$JavaSecurityAccessImpl::doIntersectionPrivilege@18 (line 87)
                      ; - java.awt.EventQueue::dispatchEvent@73 (line 744)
  0x00007a7c00518bb8: e105 0000 

  0x00007a7c00518bbc: ;   {other}
  0x00007a7c00518bbc: 0f1f 8400 | 2c0e 000c 

  0x00007a7c00518bc4: ;   {metadata(method data for {method} {0x00007a7b9b470bb0} 'executePrivileged' '(Ljava/security/PrivilegedAction;Ljava/security/AccessControlContext;Ljava/lang/Class;)Ljava/lang/Object;' in 'java/security/AccessController')}
  0x00007a7c00518bc4: 48ba 50d3 | 0c97 7b7a | 0000 ff82 | 0002 0000 | 488b 8424 | 3801 0000 

  0x00007a7c00518bdc: ;   {metadata(method data for {method} {0x00007a7b9b470bb0} 'executePrivileged' '(Ljava/security/PrivilegedAction;Ljava/security/AccessControlContext;Ljava/lang/Class;)Ljava/lang/Object;' in 'java/security/AccessController')}
  0x00007a7c00518bdc: 48ba 50d3 | 0c97 7b7a | 0000 4883 | 8260 0200 

  0x00007a7c00518bec: ;   {metadata(method data for {method} {0x00007a7b9b03e8d8} 'reachabilityFence' '(Ljava/lang/Object;)V' in 'java/lang/ref/Reference')}
  0x00007a7c00518bec: 0001 48ba | e02b 0297 | 7b7a 0000 | 8bb2 f400 | 0000 83c6 | 0289 b2f4 | 0000 0081 | e6fe ff1f 
  0x00007a7c00518c0c: 0085 f60f | 84b0 0400 

  0x00007a7c00518c14: ;   {metadata(method data for {method} {0x00007a7b9b470bb0} 'executePrivileged' '(Ljava/security/PrivilegedAction;Ljava/security/AccessControlContext;Ljava/lang/Class;)Ljava/lang/Object;' in 'java/security/AccessController')}
  0x00007a7c00518c14: 0048 ba50 | d30c 977b | 7a00 0048 | 8382 7002 

  0x00007a7c00518c24: ;   {metadata(method data for {method} {0x00007a7b9b03e8d8} 'reachabilityFence' '(Ljava/lang/Object;)V' in 'java/lang/ref/Reference')}
  0x00007a7c00518c24: 0000 0148 | bae0 2b02 | 977b 7a00 | 008b b2f4 | 0000 0083 | c602 89b2 | f400 0000 | 81e6 feff 
  0x00007a7c00518c44: 1f00 85f6 | 0f84 9804 | 0000 4881 | c480 0100 

  0x00007a7c00518c54: ;   {poll_return}
  0x00007a7c00518c54: 005d 493b | a750 0400 | 000f 87a4 | 0400 00c3 

  0x00007a7c00518c64: ;   {metadata(method data for {method} {0x00007a7b97b18228} 'dispatchEvent' '(Ljava/awt/AWTEvent;)V' in 'java/awt/EventQueue')}
  0x00007a7c00518c64: 48ba 900a | 8f99 7b7a | 0000 ff82 | 3002 0000 | 4881 c480 | 0100 005d 

  0x00007a7c00518c7c: ;   {poll_return}
  0x00007a7c00518c7c: 493b a750 | 0400 000f | 8794 0400 | 00c3 4889 | 8424 6801 | 0000 660f | 1f44 0000 

  0x00007a7c00518c98: ;   {no_reloc}
  0x00007a7c00518c98: e9a5 0400 | 0000 0000 | 0000 80ba | 3101 0000 | 040f 85a2 | 0400 0049 | 8b87 b801 | 0000 488d 
  0x00007a7c00518cb8: 7828 493b | bfc8 0100 | 000f 878a | 0400 0049 | 89bf b801 | 0000 48c7 | 0001 0000 | 0048 8bca 
  0x00007a7c00518cd8: 49ba 0000 | 009b 7b7a | 0000 492b | ca89 4808 | 4833 c989 | 480c 4833 | c948 8948 | 1048 8948 
  0x00007a7c00518cf8: 1848 8948 | 2048 8bd0 

  0x00007a7c00518d00: ;   {metadata(method data for {method} {0x00007a7b97b37778} 'getAccessControlContext' '()Ljava/security/AccessControlContext;' in 'java/awt/AWTEvent')}
  0x00007a7c00518d00: 48be 1013 | 8f99 7b7a | 0000 4883 | 8658 0100 

  0x00007a7c00518d10: ;   {oop("AWTEvent is missing AccessControlContext"{0x000000075c2c8ed0})}
  0x00007a7c00518d10: 0001 48ba | d08e 2c5c | 0700 0000 | 488b f048 | 8984 2460 

  0x00007a7c00518d24: ;   {optimized virtual_call}
  0x00007a7c00518d24: 0100 00e8 

  0x00007a7c00518d28: ; ImmutableOopMap {[248]=Oop [256]=Oop [264]=Oop [352]=Oop [360]=Oop }
                      ;*invokespecial <init> {reexecute=0 rethrow=0 return_oop=0}
                      ; - java.awt.AWTEvent::getAccessControlContext@13 (line 128)
                      ; - java.awt.EventQueue::dispatchEvent@28 (line 740)
  0x00007a7c00518d28: 54c6 0607 

  0x00007a7c00518d2c: ;   {other}
  0x00007a7c00518d2c: 0f1f 8400 | 9c0f 000d | 488b 8424 | 6001 0000 | e93a 0400 

  0x00007a7c00518d40: ;   {metadata({method} {0x00007a7b97b18228} 'dispatchEvent' '(Ljava/awt/AWTEvent;)V' in 'java/awt/EventQueue')}
  0x00007a7c00518d40: 0049 ba28 | 82b1 977b | 7a00 004c | 8954 2408 | 48c7 0424 | ffff ffff 

  0x00007a7c00518d58: ;   {runtime_call counter_overflow Runtime1 stub}
  0x00007a7c00518d58: e8a3 3e13 

  0x00007a7c00518d5c: ; ImmutableOopMap {rsi=Oop rdx=Oop [256]=Oop }
                      ;*synchronization entry
                      ; - java.awt.EventQueue::dispatchEvent@-1 (line 713)
  0x00007a7c00518d5c: 07e9 ebf3 

  0x00007a7c00518d60: ;   {runtime_call throw_null_pointer_exception Runtime1 stub}
  0x00007a7c00518d60: ffff e819 

  0x00007a7c00518d64: ; ImmutableOopMap {rdx=Oop rsi=Oop [256]=Oop }
                      ;*invokevirtual getSource {reexecute=0 rethrow=0 return_oop=0}
                      ; - java.awt.EventQueue::dispatchEvent@1 (line 713)
  0x00007a7c00518d64: e112 0748 

  0x00007a7c00518d68: ;   {runtime_call fast_new_instance Runtime1 stub}
  0x00007a7c00518d68: 8bd2 e891 

  0x00007a7c00518d6c: ; ImmutableOopMap {rbx=Oop r8=Oop r9=Oop [256]=Oop }
                      ;*new {reexecute=0 rethrow=0 return_oop=0}
                      ; - java.awt.EventQueue::dispatchEvent@5 (line 714)
  0x00007a7c00518d6c: ee12 07e9 | ccf4 ffff 

  0x00007a7c00518d74: ;   {metadata({method} {0x00007a7b97b6e478} '<init>' '(Ljava/awt/EventQueue;Ljava/awt/AWTEvent;Ljava/lang/Object;)V' in 'java/awt/EventQueue$4')}
  0x00007a7c00518d74: 49ba 78e4 | b697 7b7a | 0000 4c89 | 5424 0848 | c704 24ff 

  0x00007a7c00518d88: ;   {runtime_call counter_overflow Runtime1 stub}
  0x00007a7c00518d88: ffff ffe8 

  0x00007a7c00518d8c: ; ImmutableOopMap {rbx=Oop r8=Oop r9=Oop rax=Oop [248]=Oop [256]=Oop }
                      ;*synchronization entry
                      ; - java.awt.EventQueue$4::<init>@-1 (line 714)
                      ; - java.awt.EventQueue::dispatchEvent@12 (line 714)
  0x00007a7c00518d8c: 703e 1307 | e9ef f4ff | ff8b 7014 | 48c1 e603 | 4883 fe00 | 0f84 ebf4 | ffff 4889 

  0x00007a7c00518da8: ;   {runtime_call g1_pre_barrier_slow}
  0x00007a7c00518da8: 3424 e851 | 4413 07e9 | ddf4 ffff | 4983 f900 | 0f84 f2f4 | ffff 4889 

  0x00007a7c00518dc0: ;   {runtime_call g1_post_barrier_slow}
  0x00007a7c00518dc0: 0424 e839 | 4713 07e9 | e4f4 ffff | 8b70 0c48 | c1e6 0348 | 83fe 000f | 84e0 f4ff | ff48 8934 
  0x00007a7c00518de0: ;   {runtime_call g1_pre_barrier_slow}
  0x00007a7c00518de0: 24e8 1a44 | 1307 e9d2 | f4ff ff49 | 83f8 000f | 84e7 f4ff | ff48 8904 

  0x00007a7c00518df8: ;   {runtime_call g1_post_barrier_slow}
  0x00007a7c00518df8: 24e8 0247 | 1307 e9d9 | f4ff ff8b | 7010 48c1 | e603 4883 | fe00 0f84 | d5f4 ffff | 4889 3424 
  0x00007a7c00518e18: ;   {runtime_call g1_pre_barrier_slow}
  0x00007a7c00518e18: e8e3 4313 | 07e9 c7f4 | ffff 4883 | fb00 0f84 | dcf4 ffff | 4889 0424 

  0x00007a7c00518e30: ;   {runtime_call g1_post_barrier_slow}
  0x00007a7c00518e30: e8cb 4613 | 07e9 cef4 

  0x00007a7c00518e38: ;   {metadata({method} {0x00007a7b9b474bd0} '<init>' '()V' in 'java/lang/Object')}
  0x00007a7c00518e38: ffff 49ba | d04b 479b | 7b7a 0000 | 4c89 5424 | 0848 c704 | 24ff ffff 

  0x00007a7c00518e50: ;   {runtime_call counter_overflow Runtime1 stub}
  0x00007a7c00518e50: ffe8 aa3d 

  0x00007a7c00518e54: ; ImmutableOopMap {rbx=Oop r8=Oop r9=Oop rax=Oop [248]=Oop [256]=Oop }
                      ;*synchronization entry
                      ; - java.lang.Object::<init>@-1 (line 45)
                      ; - java.awt.EventQueue$4::<init>@16 (line 714)
                      ; - java.awt.EventQueue::dispatchEvent@12 (line 714)
  0x00007a7c00518e54: 1307 e9e9 

  0x00007a7c00518e58: ;   {metadata({method} {0x00007a7b97b37778} 'getAccessControlContext' '()Ljava/security/AccessControlContext;' in 'java/awt/AWTEvent')}
  0x00007a7c00518e58: f4ff ff49 | ba78 77b3 | 977b 7a00 | 004c 8954 | 2408 48c7 | 0424 ffff 

  0x00007a7c00518e70: ;   {runtime_call counter_overflow Runtime1 stub}
  0x00007a7c00518e70: ffff e889 

  0x00007a7c00518e74: ; ImmutableOopMap {rax=Oop [240]=Oop [248]=Oop [256]=Oop [264]=Oop }
                      ;*synchronization entry
                      ; - java.awt.AWTEvent::getAccessControlContext@-1 (line 127)
                      ; - java.awt.EventQueue::dispatchEvent@28 (line 740)
  0x00007a7c00518e74: 3d13 07e9 | 69f5 ffff 

  0x00007a7c00518e7c: ;   {metadata({method} {0x00007a7b9b118878} 'doIntersectionPrivilege' '(Ljava/security/PrivilegedAction;Ljava/security/AccessControlContext;Ljava/security/AccessControlContext;)Ljava/lang/Object;' in 'java/security/ProtectionDomain$JavaSecurityAccessImpl')}
  0x00007a7c00518e7c: 49ba 7888 | 119b 7b7a | 0000 4c89 | 5424 0848 | c704 24ff 

  0x00007a7c00518e90: ;   {runtime_call counter_overflow Runtime1 stub}
  0x00007a7c00518e90: ffff ffe8 

  0x00007a7c00518e94: ; ImmutableOopMap {rbx=Oop [248]=Oop [264]=Oop }
                      ;*synchronization entry
                      ; - java.security.ProtectionDomain$JavaSecurityAccessImpl::doIntersectionPrivilege@-1 (line 83)
                      ; - java.awt.EventQueue::dispatchEvent@46 (line 742)
  0x00007a7c00518e94: 683d 1307 | e910 f6ff 

  0x00007a7c00518e9c: ;   {metadata({method} {0x00007a7b9b470928} 'doPrivileged' '(Ljava/security/PrivilegedAction;Ljava/security/AccessControlContext;)Ljava/lang/Object;' in 'java/security/AccessController')}
  0x00007a7c00518e9c: ff49 ba28 | 0947 9b7b | 7a00 004c | 8954 2408 | 48c7 0424 | ffff ffff 

  0x00007a7c00518eb4: ;   {runtime_call counter_overflow Runtime1 stub}
  0x00007a7c00518eb4: e847 3d13 

  0x00007a7c00518eb8: ; ImmutableOopMap {rax=Oop [248]=Oop }
                      ;*synchronization entry
                      ; - java.security.AccessController::doPrivileged@-1 (line 398)
                      ; - java.security.ProtectionDomain$JavaSecurityAccessImpl::doIntersectionPrivilege@18 (line 87)
                      ; - java.awt.EventQueue::dispatchEvent@46 (line 742)
  0x00007a7c00518eb8: 07e9 67f6 

  0x00007a7c00518ebc: ;   {metadata({method} {0x00007a7b9b470bb0} 'executePrivileged' '(Ljava/security/PrivilegedAction;Ljava/security/AccessControlContext;Ljava/lang/Class;)Ljava/lang/Object;' in 'java/security/AccessController')}
  0x00007a7c00518ebc: ffff 49ba | b00b 479b | 7b7a 0000 | 4c89 5424 | 0848 c704 | 24ff ffff 

  0x00007a7c00518ed4: ;   {runtime_call counter_overflow Runtime1 stub}
  0x00007a7c00518ed4: ffe8 263d 

  0x00007a7c00518ed8: ; ImmutableOopMap {rax=Oop [248]=Oop [280]=Oop [288]=Oop }
                      ;*synchronization entry
                      ; - java.security.AccessController::executePrivileged@-1 (line 773)
                      ; - java.security.AccessController::doPrivileged@13 (line 400)
                      ; - java.security.ProtectionDomain$JavaSecurityAccessImpl::doIntersectionPrivilege@18 (line 87)
                      ; - java.awt.EventQueue::dispatchEvent@46 (line 742)
  0x00007a7c00518ed8: 1307 e9e6 

  0x00007a7c00518edc: ;   {metadata({method} {0x00007a7b97b6e618} 'run' '()Ljava/lang/Object;' in 'java/awt/EventQueue$4')}
  0x00007a7c00518edc: f6ff ff49 | ba18 e6b6 | 977b 7a00 | 004c 8954 | 2408 48c7 | 0424 ffff 

  0x00007a7c00518ef4: ;   {runtime_call counter_overflow Runtime1 stub}
  0x00007a7c00518ef4: ffff e805 

  0x00007a7c00518ef8: ; ImmutableOopMap {[248]=Oop [280]=Oop [288]=Oop }
                      ;*synchronization entry
                      ; - java.awt.EventQueue$4::run@-1 (line 714)
                      ; - java.security.AccessController::executePrivileged@29 (line 778)
                      ; - java.security.AccessController::doPrivileged@13 (line 400)
                      ; - java.security.ProtectionDomain$JavaSecurityAccessImpl::doIntersectionPrivilege@18 (line 87)
                      ; - java.awt.EventQueue::dispatchEvent@46 (line 742)
  0x00007a7c00518ef8: 3d13 07e9 | 65f7 ffff 

  0x00007a7c00518f00: ;   {metadata({method} {0x00007a7b9b03e8d8} 'reachabilityFence' '(Ljava/lang/Object;)V' in 'java/lang/ref/Reference')}
  0x00007a7c00518f00: 49ba d8e8 | 039b 7b7a | 0000 4c89 | 5424 0848 | c704 24ff 

  0x00007a7c00518f14: ;   {runtime_call counter_overflow Runtime1 stub}
  0x00007a7c00518f14: ffff ffe8 

  0x00007a7c00518f18: ; ImmutableOopMap {rax=Oop rdx=Oop }
                      ;*synchronization entry
                      ; - java.lang.ref.Reference::reachabilityFence@-1 (line 628)
                      ; - java.security.AccessController::executePrivileged@56 (line 783)
                      ; - java.security.AccessController::doPrivileged@13 (line 400)
                      ; - java.security.ProtectionDomain$JavaSecurityAccessImpl::doIntersectionPrivilege@18 (line 87)
                      ; - java.awt.EventQueue::dispatchEvent@46 (line 742)
  0x00007a7c00518f18: e43c 1307 | e9dc f7ff 

  0x00007a7c00518f20: ;   {metadata({method} {0x00007a7b9b03e8d8} 'reachabilityFence' '(Ljava/lang/Object;)V' in 'java/lang/ref/Reference')}
  0x00007a7c00518f20: ff49 bad8 | e803 9b7b | 7a00 004c | 8954 2408 | 48c7 0424 | ffff ffff 

  0x00007a7c00518f38: ;   {runtime_call counter_overflow Runtime1 stub}
  0x00007a7c00518f38: e8c3 3c13 

  0x00007a7c00518f3c: ; ImmutableOopMap {rax=Oop }
                      ;*synchronization entry
                      ; - java.lang.ref.Reference::reachabilityFence@-1 (line 628)
                      ; - java.security.AccessController::executePrivileged@60 (line 784)
                      ; - java.security.AccessController::doPrivileged@13 (line 400)
                      ; - java.security.ProtectionDomain$JavaSecurityAccessImpl::doIntersectionPrivilege@18 (line 87)
                      ; - java.awt.EventQueue::dispatchEvent@46 (line 742)
  0x00007a7c00518f3c: 07e9 f4f7 | ffff 488b 

  0x00007a7c00518f44: ;   {runtime_call fast_new_instance Runtime1 stub}
  0x00007a7c00518f44: d2e8 b6ec 

  0x00007a7c00518f48: ; ImmutableOopMap {r8=Oop rbx=Oop r9=Oop [248]=Oop [256]=Oop [264]=Oop }
                      ;*new {reexecute=0 rethrow=0 return_oop=0}
                      ; - java.awt.EventQueue::dispatchEvent@58 (line 744)
  0x00007a7c00518f48: 1207 e94a 

  0x00007a7c00518f4c: ;   {metadata({method} {0x00007a7b98b4ce28} '<init>' '(Ljava/awt/EventQueue;Ljava/security/PrivilegedAction;Ljava/security/AccessControlContext;)V' in 'java/awt/EventQueue$5')}
  0x00007a7c00518f4c: f8ff ff49 | ba28 ceb4 | 987b 7a00 | 004c 8954 | 2408 48c7 | 0424 ffff 

  0x00007a7c00518f64: ;   {runtime_call counter_overflow Runtime1 stub}
  0x00007a7c00518f64: ffff e895 

  0x00007a7c00518f68: ; ImmutableOopMap {r8=Oop rbx=Oop r9=Oop rax=Oop [248]=Oop [264]=Oop }
                      ;*synchronization entry
                      ; - java.awt.EventQueue$5::<init>@-1 (line 745)
                      ; - java.awt.EventQueue::dispatchEvent@66 (line 744)
  0x00007a7c00518f68: 3c13 07e9 | 65f8 ffff | 8b70 0c48 | c1e6 0348 | 83fe 000f | 8461 f8ff | ff48 8934 

  0x00007a7c00518f84: ;   {runtime_call g1_pre_barrier_slow}
  0x00007a7c00518f84: 24e8 7642 | 1307 e953 | f8ff ff49 | 83f9 000f | 8468 f8ff | ff48 8904 

  0x00007a7c00518f9c: ;   {runtime_call g1_post_barrier_slow}
  0x00007a7c00518f9c: 24e8 5e45 | 1307 e95a | f8ff ff8b | 7010 48c1 | e603 4883 | fe00 0f84 | 56f8 ffff | 4889 3424 
  0x00007a7c00518fbc: ;   {runtime_call g1_pre_barrier_slow}
  0x00007a7c00518fbc: e83f 4213 | 07e9 48f8 | ffff 4883 | fb00 0f84 | 5df8 ffff | 4889 0424 

  0x00007a7c00518fd4: ;   {runtime_call g1_post_barrier_slow}
  0x00007a7c00518fd4: e827 4513 | 07e9 4ff8 

  0x00007a7c00518fdc: ;   {metadata({method} {0x00007a7b9b474bd0} '<init>' '()V' in 'java/lang/Object')}
  0x00007a7c00518fdc: ffff 49ba | d04b 479b | 7b7a 0000 | 4c89 5424 | 0848 c704 | 24ff ffff 

  0x00007a7c00518ff4: ;   {runtime_call counter_overflow Runtime1 stub}
  0x00007a7c00518ff4: ffe8 063c 

  0x00007a7c00518ff8: ; ImmutableOopMap {r8=Oop rax=Oop [264]=Oop }
                      ;*synchronization entry
                      ; - java.lang.Object::<init>@-1 (line 45)
                      ; - java.awt.EventQueue$5::<init>@11 (line 745)
                      ; - java.awt.EventQueue::dispatchEvent@66 (line 744)
  0x00007a7c00518ff8: 1307 e96a 

  0x00007a7c00518ffc: ;   {metadata({method} {0x00007a7b9b118878} 'doIntersectionPrivilege' '(Ljava/security/PrivilegedAction;Ljava/security/AccessControlContext;Ljava/security/AccessControlContext;)Ljava/lang/Object;' in 'java/security/ProtectionDomain$JavaSecurityAccessImpl')}
  0x00007a7c00518ffc: f8ff ff49 | ba78 8811 | 9b7b 7a00 | 004c 8954 | 2408 48c7 | 0424 ffff 

  0x00007a7c00519014: ;   {runtime_call counter_overflow Runtime1 stub}
  0x00007a7c00519014: ffff e8e5 

  0x00007a7c00519018: ; ImmutableOopMap {r8=Oop rax=Oop [264]=Oop }
                      ;*synchronization entry
                      ; - java.security.ProtectionDomain$JavaSecurityAccessImpl::doIntersectionPrivilege@-1 (line 83)
                      ; - java.awt.EventQueue::dispatchEvent@73 (line 744)
  0x00007a7c00519018: 3b13 07e9 | 9df8 ffff 

  0x00007a7c00519020: ;   {metadata({method} {0x00007a7b9b470928} 'doPrivileged' '(Ljava/security/PrivilegedAction;Ljava/security/AccessControlContext;)Ljava/lang/Object;' in 'java/security/AccessController')}
  0x00007a7c00519020: 49ba 2809 | 479b 7b7a | 0000 4c89 | 5424 0848 | c704 24ff 

  0x00007a7c00519034: ;   {runtime_call counter_overflow Runtime1 stub}
  0x00007a7c00519034: ffff ffe8 

  0x00007a7c00519038: ; ImmutableOopMap {rax=Oop [296]=Oop }
                      ;*synchronization entry
                      ; - java.security.AccessController::doPrivileged@-1 (line 398)
                      ; - java.security.ProtectionDomain$JavaSecurityAccessImpl::doIntersectionPrivilege@18 (line 87)
                      ; - java.awt.EventQueue::dispatchEvent@73 (line 744)
  0x00007a7c00519038: c43b 1307 | e9fc f8ff 

  0x00007a7c00519040: ;   {metadata({method} {0x00007a7b9b470bb0} 'executePrivileged' '(Ljava/security/PrivilegedAction;Ljava/security/AccessControlContext;Ljava/lang/Class;)Ljava/lang/Object;' in 'java/security/AccessController')}
  0x00007a7c00519040: ff49 bab0 | 0b47 9b7b | 7a00 004c | 8954 2408 | 48c7 0424 | ffff ffff 

  0x00007a7c00519058: ;   {runtime_call counter_overflow Runtime1 stub}
  0x00007a7c00519058: e8a3 3b13 

  0x00007a7c0051905c: ; ImmutableOopMap {rax=Oop [296]=Oop [312]=Oop [320]=Oop }
                      ;*synchronization entry
                      ; - java.security.AccessController::executePrivileged@-1 (line 773)
                      ; - java.security.AccessController::doPrivileged@13 (line 400)
                      ; - java.security.ProtectionDomain$JavaSecurityAccessImpl::doIntersectionPrivilege@18 (line 87)
                      ; - java.awt.EventQueue::dispatchEvent@73 (line 744)
  0x00007a7c0051905c: 07e9 7bf9 

  0x00007a7c00519060: ;   {metadata({method} {0x00007a7b98b4cf88} 'run' '()Ljava/lang/Object;' in 'java/awt/EventQueue$5')}
  0x00007a7c00519060: ffff 49ba | 88cf b498 | 7b7a 0000 | 4c89 5424 | 0848 c704 | 24ff ffff 

  0x00007a7c00519078: ;   {runtime_call counter_overflow Runtime1 stub}
  0x00007a7c00519078: ffe8 823b 

  0x00007a7c0051907c: ; ImmutableOopMap {rax=Oop [312]=Oop [320]=Oop }
                      ;*synchronization entry
                      ; - java.awt.EventQueue$5::run@-1 (line 745)
                      ; - java.security.AccessController::executePrivileged@29 (line 778)
                      ; - java.security.AccessController::doPrivileged@13 (line 400)
                      ; - java.security.ProtectionDomain$JavaSecurityAccessImpl::doIntersectionPrivilege@18 (line 87)
                      ; - java.awt.EventQueue::dispatchEvent@73 (line 744)
  0x00007a7c0051907c: 1307 e9fd 

  0x00007a7c00519080: ;   {metadata({method} {0x00007a7b98b4cee0} 'run' '()Ljava/lang/Void;' in 'java/awt/EventQueue$5')}
  0x00007a7c00519080: f9ff ff49 | bae0 ceb4 | 987b 7a00 | 004c 8954 | 2408 48c7 | 0424 ffff 

  0x00007a7c00519098: ;   {runtime_call counter_overflow Runtime1 stub}
  0x00007a7c00519098: ffff e861 

  0x00007a7c0051909c: ; ImmutableOopMap {rax=Oop [312]=Oop [320]=Oop }
                      ;*synchronization entry
                      ; - java.awt.EventQueue$5::run@-1 (line 747)
                      ; - java.awt.EventQueue$5::run@1 (line 745)
                      ; - java.security.AccessController::executePrivileged@29 (line 778)
                      ; - java.security.AccessController::doPrivileged@13 (line 400)
                      ; - java.security.ProtectionDomain$JavaSecurityAccessImpl::doIntersectionPrivilege@18 (line 87)
                      ; - java.awt.EventQueue::dispatchEvent@73 (line 744)
  0x00007a7c0051909c: 3b13 07e9 | 29fa ffff 

  0x00007a7c005190a4: ;   {metadata({method} {0x00007a7b9b118b38} 'doIntersectionPrivilege' '(Ljava/security/PrivilegedAction;Ljava/security/AccessControlContext;)Ljava/lang/Object;' in 'java/security/ProtectionDomain$JavaSecurityAccessImpl')}
  0x00007a7c005190a4: 49ba 388b | 119b 7b7a | 0000 4c89 | 5424 0848 | c704 24ff 

  0x00007a7c005190b8: ;   {runtime_call counter_overflow Runtime1 stub}
  0x00007a7c005190b8: ffff ffe8 

  0x00007a7c005190bc: ; ImmutableOopMap {rdi=Oop rbx=Oop rax=Oop [312]=Oop [320]=Oop }
                      ;*synchronization entry
                      ; - java.security.ProtectionDomain$JavaSecurityAccessImpl::doIntersectionPrivilege@-1 (line 98)
                      ; - java.awt.EventQueue$5::run@11 (line 747)
                      ; - java.awt.EventQueue$5::run@1 (line 745)
                      ; - java.security.AccessController::executePrivileged@29 (line 778)
                      ; - java.security.AccessController::doPrivileged@13 (line 400)
                      ; - java.security.ProtectionDomain$JavaSecurityAccessImpl::doIntersectionPrivilege@18 (line 87)
                      ; - java.awt.EventQueue::dispatchEvent@73 (line 744)
  0x00007a7c005190bc: 403b 1307 | e96d faff 

  0x00007a7c005190c4: ;   {metadata({method} {0x00007a7b9b03e8d8} 'reachabilityFence' '(Ljava/lang/Object;)V' in 'java/lang/ref/Reference')}
  0x00007a7c005190c4: ff49 bad8 | e803 9b7b | 7a00 004c | 8954 2408 | 48c7 0424 | ffff ffff 

  0x00007a7c005190dc: ;   {runtime_call counter_overflow Runtime1 stub}
  0x00007a7c005190dc: e81f 3b13 

  0x00007a7c005190e0: ; ImmutableOopMap {rax=Oop }
                      ;*synchronization entry
                      ; - java.lang.ref.Reference::reachabilityFence@-1 (line 628)
                      ; - java.security.AccessController::executePrivileged@56 (line 783)
                      ; - java.security.AccessController::doPrivileged@13 (line 400)
                      ; - java.security.ProtectionDomain$JavaSecurityAccessImpl::doIntersectionPrivilege@18 (line 87)
                      ; - java.awt.EventQueue::dispatchEvent@73 (line 744)
  0x00007a7c005190e0: 07e9 2ffb 

  0x00007a7c005190e4: ;   {metadata({method} {0x00007a7b9b03e8d8} 'reachabilityFence' '(Ljava/lang/Object;)V' in 'java/lang/ref/Reference')}
  0x00007a7c005190e4: ffff 49ba | d8e8 039b | 7b7a 0000 | 4c89 5424 | 0848 c704 | 24ff ffff 

  0x00007a7c005190fc: ;   {runtime_call counter_overflow Runtime1 stub}
  0x00007a7c005190fc: ffe8 fe3a 

  0x00007a7c00519100: ; ImmutableOopMap {}
                      ;*synchronization entry
                      ; - java.lang.ref.Reference::reachabilityFence@-1 (line 628)
                      ; - java.security.AccessController::executePrivileged@60 (line 784)
                      ; - java.security.AccessController::doPrivileged@13 (line 400)
                      ; - java.security.ProtectionDomain$JavaSecurityAccessImpl::doIntersectionPrivilege@18 (line 87)
                      ; - java.awt.EventQueue::dispatchEvent@73 (line 744)
  0x00007a7c00519100: 1307 e947 

  0x00007a7c00519104: ;   {internal_word}
  0x00007a7c00519104: fbff ff49 | ba56 8c51 | 007c 7a00 | 004d 8997 | 6804 0000 

  0x00007a7c00519118: ;   {runtime_call SafepointBlob}
  0x00007a7c00519118: e9e3 2e07 

  0x00007a7c0051911c: ;   {internal_word}
  0x00007a7c0051911c: 0749 ba7c | 8c51 007c | 7a00 004d | 8997 6804 

  0x00007a7c0051912c: ;   {runtime_call SafepointBlob}
  0x00007a7c0051912c: 0000 e9cd 

  0x00007a7c00519130: ;   {metadata(nullptr)}
  0x00007a7c00519130: 2e07 0748 | ba00 0000 | 0000 0000 | 00b8 000f 

  0x00007a7c00519140: ;   {runtime_call load_klass_patching Runtime1 stub}
  0x00007a7c00519140: 050a e8b9 

  0x00007a7c00519144: ; ImmutableOopMap {[248]=Oop [256]=Oop [264]=Oop [360]=Oop }
                      ;*new {reexecute=1 rethrow=0 return_oop=0}
                      ; - (reexecute) java.awt.AWTEvent::getAccessControlContext@7 (line 128)
                      ; - java.awt.EventQueue::dispatchEvent@28 (line 740)
  0x00007a7c00519144: 2b13 07e9 | 4cfb ffff 

  0x00007a7c0051914c: ;   {runtime_call throw_null_pointer_exception Runtime1 stub}
  0x00007a7c0051914c: e82f dd12 

  0x00007a7c00519150: ; ImmutableOopMap {[248]=Oop [256]=Oop [264]=Oop [360]=Oop }
                      ;*new {reexecute=0 rethrow=0 return_oop=0}
                      ; - java.awt.AWTEvent::getAccessControlContext@7 (line 128)
                      ; - java.awt.EventQueue::dispatchEvent@28 (line 740)
  0x00007a7c00519150: 0748 8bd2 

  0x00007a7c00519154: ;   {runtime_call fast_new_instance_init_check Runtime1 stub}
  0x00007a7c00519154: e8a7 ed12 

  0x00007a7c00519158: ; ImmutableOopMap {[248]=Oop [256]=Oop [264]=Oop [360]=Oop }
                      ;*new {reexecute=0 rethrow=0 return_oop=0}
                      ; - java.awt.AWTEvent::getAccessControlContext@7 (line 128)
                      ; - java.awt.EventQueue::dispatchEvent@28 (line 740)
  0x00007a7c00519158: 07e9 9ffb | ffff 498b | 8700 0500 | 0049 c787 | 0005 0000 | 0000 0000 | 49c7 8708 | 0500 0000 
  0x00007a7c00519178: 0000 0048 | 81c4 8001 

  0x00007a7c00519180: ;   {runtime_call unwind_exception Runtime1 stub}
  0x00007a7c00519180: 0000 5de9 | f8cd 1207 
[Stub Code]
  0x00007a7c00519188: ;   {no_reloc}
  0x00007a7c00519188: 0f1f 4400 

  0x00007a7c0051918c: ;   {static_stub}
  0x00007a7c0051918c: 0048 bb60 | e5b6 977b 

  0x00007a7c00519194: ;   {runtime_call I2C/C2I adapters}
  0x00007a7c00519194: 7a00 00e9 | c70b 0707 

  0x00007a7c0051919c: ;   {static_stub}
  0x00007a7c0051919c: 9048 bb78 | 8811 9b7b 

  0x00007a7c005191a4: ;   {runtime_call I2C/C2I adapters}
  0x00007a7c005191a4: 7a00 00e9 | c3f8 0507 

  0x00007a7c005191ac: ;   {static_stub}
  0x00007a7c005191ac: 9048 bb00 | 0000 0000 

  0x00007a7c005191b4: ;   {runtime_call nmethod}
  0x00007a7c005191b4: 0000 00e9 | fbff ffff 

  0x00007a7c005191bc: ;   {static_stub}
  0x00007a7c005191bc: 48bb 0000 | 0000 0000 

  0x00007a7c005191c4: ;   {runtime_call nmethod}
  0x00007a7c005191c4: 0000 e9fb 

  0x00007a7c005191c8: ;   {static_stub}
  0x00007a7c005191c8: ffff ff48 | bb00 0000 | 0000 0000 

  0x00007a7c005191d4: ;   {runtime_call nmethod}
  0x00007a7c005191d4: 00e9 fbff 

  0x00007a7c005191d8: ;   {static_stub}
  0x00007a7c005191d8: ffff 48bb | 988c 119b | 7b7a 0000 

  0x00007a7c005191e4: ;   {runtime_call I2C/C2I adapters}
  0x00007a7c005191e4: e9fe 1807 

  0x00007a7c005191e8: ;   {static_stub}
  0x00007a7c005191e8: 0748 bb00 | 0000 0000 

  0x00007a7c005191f0: ;   {runtime_call nmethod}
  0x00007a7c005191f0: 0000 00e9 | fbff ffff 

  0x00007a7c005191f8: ;   {static_stub}
  0x00007a7c005191f8: 48bb 0000 | 0000 0000 

  0x00007a7c00519200: ;   {runtime_call nmethod}
  0x00007a7c00519200: 0000 e9fb 

  0x00007a7c00519204: ;   {static_stub}
  0x00007a7c00519204: ffff ff48 | bb00 0000 | 0000 0000 

  0x00007a7c00519210: ;   {runtime_call nmethod}
  0x00007a7c00519210: 00e9 fbff 

  0x00007a7c00519214: ;   {runtime_call handle_exception_from_callee Runtime1 stub}
  0x00007a7c00519214: ffff e8e5 

  0x00007a7c00519218: ;   {external_word}
  0x00007a7c00519218: 0313 0748 | bf59 a555 | 1d7c 7a00 | 0048 83e4 

  0x00007a7c00519228: ;   {runtime_call MacroAssembler::debug64(char*, long, long*)}
  0x00007a7c00519228: f0e8 a260 

  0x00007a7c0051922c: ;   {section_word}
  0x00007a7c0051922c: ac1c f449 | ba2f 9251 | 007c 7a00 

  0x00007a7c00519238: ;   {runtime_call DeoptimizationBlob}
  0x00007a7c00519238: 0041 52e9 | 6020 0707 
[/MachCode]


---------------  P R O C E S S  ---------------

Threads class SMR info:
_java_thread_list=0x00007a7b7042e8c0, length=47, elements={
0x00007a7c18030700, 0x00007a7c18177740, 0x00007a7c18178cb0, 0x00007a7c1817a440,
0x00007a7c1817ba80, 0x00007a7c1817d020, 0x00007a7c1817eb60, 0x00007a7c18180220,
0x00007a7c1818cc70, 0x00007a7c1818fbe0, 0x00007a7c18972130, 0x00007a7c18984760,
0x00007a7c18a520c0, 0x00007a7c18a65220, 0x00007a7b30004b10, 0x00007a7c18a8a130,
0x00007a7c18a8b630, 0x00007a7b2c001060, 0x00007a7c18adefe0, 0x00007a7c18adfe60,
0x00007a7b18000ff0, 0x00007a7b180105c0, 0x00007a7c18b06050, 0x00007a7c18b0f780,
0x00007a7b100068d0, 0x00007a7c18b53730, 0x00007a7b18017720, 0x00007a7b0c001ab0,
0x00007a7c18b8f060, 0x00007a7af8001a10, 0x00007a7af4000ff0, 0x00007a7b1801a5e0,
0x00007a7b1801bd40, 0x00007a7c18b9add0, 0x00007a7af8003800, 0x00007a7c18ba9b70,
0x00007a7c18baad20, 0x00007a7b100bdb00, 0x00007a7ad02adef0, 0x00007a7ad0b91550,
0x00007a7a800011a0, 0x00007a7b101356d0, 0x00007a7b1c667f70, 0x00007a7b1c666200,
0x00007a7ad03e5d30, 0x00007a7ad03ae740, 0x00007a7b7042ddf0
}

Java Threads: ( => current thread )
  0x00007a7c18030700 JavaThread "main"                              [_thread_blocked, id=72122, stack(0x00007a7c1de17000,0x00007a7c1df17000) (1024K)]
  0x00007a7c18177740 JavaThread "Reference Handler"          daemon [_thread_blocked, id=72132, stack(0x00007a7be8d00000,0x00007a7be8e00000) (1024K)]
  0x00007a7c18178cb0 JavaThread "Finalizer"                  daemon [_thread_blocked, id=72133, stack(0x00007a7be8c00000,0x00007a7be8d00000) (1024K)]
  0x00007a7c1817a440 JavaThread "Signal Dispatcher"          daemon [_thread_blocked, id=72134, stack(0x00007a7be8b00000,0x00007a7be8c00000) (1024K)]
  0x00007a7c1817ba80 JavaThread "Service Thread"             daemon [_thread_blocked, id=72135, stack(0x00007a7be8a00000,0x00007a7be8b00000) (1024K)]
  0x00007a7c1817d020 JavaThread "Monitor Deflation Thread"   daemon [_thread_blocked, id=72136, stack(0x00007a7be8900000,0x00007a7be8a00000) (1024K)]
  0x00007a7c1817eb60 JavaThread "C2 CompilerThread0"         daemon [_thread_blocked, id=72137, stack(0x00007a7be8800000,0x00007a7be8900000) (1024K)]
  0x00007a7c18180220 JavaThread "C1 CompilerThread0"         daemon [_thread_blocked, id=72138, stack(0x00007a7be8700000,0x00007a7be8800000) (1024K)]
  0x00007a7c1818cc70 JavaThread "Notification Thread"        daemon [_thread_blocked, id=72139, stack(0x00007a7be8300000,0x00007a7be8400000) (1024K)]
  0x00007a7c1818fbe0 JavaThread "Common-Cleaner"             daemon [_thread_blocked, id=72140, stack(0x00007a7be8200000,0x00007a7be8300000) (1024K)]
  0x00007a7c18972130 JavaThread "process reaper"             daemon [_thread_blocked, id=72144, stack(0x00007a7c1dbde000,0x00007a7c1dc00000) (136K)]
  0x00007a7c18984760 JavaThread "JNA Cleaner"                daemon [_thread_blocked, id=72145, stack(0x00007a7b96700000,0x00007a7b96800000) (1024K)]
  0x00007a7c18a520c0 JavaThread "DBusConnection [listener=false]" daemon [_thread_in_native, id=72154, stack(0x00007a7b94100000,0x00007a7b94200000) (1024K)]
  0x00007a7c18a65220 JavaThread "DBus Sender Thread-1"       daemon [_thread_blocked, id=72155, stack(0x00007a7b94000000,0x00007a7b94100000) (1024K)]
  0x00007a7b30004b10 JavaThread "DBus-Signal-Receiver-1"     daemon [_thread_blocked, id=72156, stack(0x00007a7b4f6ff000,0x00007a7b4f7ff000) (1024K)]
  0x00007a7c18a8a130 JavaThread "DBusConnection [listener=false]" daemon [_thread_in_native, id=72157, stack(0x00007a7b4f5ff000,0x00007a7b4f6ff000) (1024K)]
  0x00007a7c18a8b630 JavaThread "DBus Sender Thread-1"       daemon [_thread_blocked, id=72158, stack(0x00007a7b4f4ff000,0x00007a7b4f5ff000) (1024K)]
  0x00007a7b2c001060 JavaThread "DBus-Signal-Receiver-1"     daemon [_thread_blocked, id=72159, stack(0x00007a7b4f3ff000,0x00007a7b4f4ff000) (1024K)]
  0x00007a7c18adefe0 JavaThread "DefaultDispatcher-worker-1" daemon [_thread_blocked, id=72160, stack(0x00007a7b4f2ff000,0x00007a7b4f3ff000) (1024K)]
  0x00007a7c18adfe60 JavaThread "DefaultDispatcher-worker-2" daemon [_thread_blocked, id=72161, stack(0x00007a7b4f1ff000,0x00007a7b4f2ff000) (1024K)]
  0x00007a7b18000ff0 JavaThread "DefaultDispatcher-worker-3" daemon [_thread_blocked, id=72162, stack(0x00007a7b4f0ff000,0x00007a7b4f1ff000) (1024K)]
  0x00007a7b180105c0 JavaThread "DefaultDispatcher-worker-4" daemon [_thread_blocked, id=72163, stack(0x00007a7b4efff000,0x00007a7b4f0ff000) (1024K)]
  0x00007a7c18b06050 JavaThread "Thread-6"                   daemon [_thread_in_native, id=72164, stack(0x00007a7b4eeff000,0x00007a7b4efff000) (1024K)]
  0x00007a7c18b0f780 JavaThread "DefaultDispatcher-worker-5" daemon [_thread_in_native, id=72165, stack(0x00007a7b4edff000,0x00007a7b4eeff000) (1024K)]
  0x00007a7b100068d0 JavaThread "kotlinx.coroutines.DefaultExecutor" daemon [_thread_blocked, id=72166, stack(0x00007a7b4ecff000,0x00007a7b4edff000) (1024K)]
  0x00007a7c18b53730 JavaThread "Java2D Disposer"            daemon [_thread_blocked, id=72171, stack(0x00007a7b4e100000,0x00007a7b4e200000) (1024K)]
  0x00007a7b18017720 JavaThread "DefaultDispatcher-worker-6" daemon [_thread_blocked, id=72172, stack(0x00007a7b4dd00000,0x00007a7b4de00000) (1024K)]
  0x00007a7b0c001ab0 JavaThread "DefaultDispatcher-worker-7" daemon [_thread_blocked, id=72173, stack(0x00007a7b4dc00000,0x00007a7b4dd00000) (1024K)]
  0x00007a7c18b8f060 JavaThread "AWT-XAWT"                   daemon [_thread_in_native, id=72174, stack(0x00007a7b4db00000,0x00007a7b4dc00000) (1024K)]
  0x00007a7af8001a10 JavaThread "DefaultDispatcher-worker-8" daemon [_thread_blocked, id=72175, stack(0x00007a7b4da00000,0x00007a7b4db00000) (1024K)]
  0x00007a7af4000ff0 JavaThread "DefaultDispatcher-worker-9" daemon [_thread_blocked, id=72176, stack(0x00007a7b4d900000,0x00007a7b4da00000) (1024K)]
  0x00007a7b1801a5e0 JavaThread "DefaultDispatcher-worker-10" daemon [_thread_blocked, id=72177, stack(0x00007a7b4d800000,0x00007a7b4d900000) (1024K)]
  0x00007a7b1801bd40 JavaThread "DefaultDispatcher-worker-11" daemon [_thread_blocked, id=72178, stack(0x00007a7b4d700000,0x00007a7b4d800000) (1024K)]
  0x00007a7c18b9add0 JavaThread "DefaultDispatcher-worker-12" daemon [_thread_blocked, id=72179, stack(0x00007a7b4d600000,0x00007a7b4d700000) (1024K)]
  0x00007a7af8003800 JavaThread "DefaultDispatcher-worker-13" daemon [_thread_blocked, id=72180, stack(0x00007a7b4d500000,0x00007a7b4d600000) (1024K)]
  0x00007a7c18ba9b70 JavaThread "AWT-Shutdown"                      [_thread_blocked, id=72181, stack(0x00007a7b4d100000,0x00007a7b4d200000) (1024K)]
=>0x00007a7c18baad20 JavaThread "AWT-EventQueue-0"                  [_thread_in_native, id=72182, stack(0x00007a7b4d000000,0x00007a7b4d100000) (1024K)]
  0x00007a7b100bdb00 JavaThread "Reference Cleaner"          daemon [_thread_blocked, id=72184, stack(0x00007a7b4cf00000,0x00007a7b4d000000) (1024K)]
  0x00007a7ad02adef0 JavaThread "TimerQueue"                 daemon [_thread_blocked, id=72195, stack(0x00007a7b4c6fc000,0x00007a7b4c7fc000) (1024K)]
  0x00007a7ad0b91550 JavaThread "skiko-dispatcher-to-block-on" daemon [_thread_blocked, id=72205, stack(0x00007a7ad5500000,0x00007a7ad5600000) (1024K)]
  0x00007a7a800011a0 JavaThread "skiko-dispatcher-to-block-on" daemon [_thread_blocked, id=72206, stack(0x00007a7ad44ff000,0x00007a7ad45ff000) (1024K)]
  0x00007a7b101356d0 JavaThread "process reaper"             daemon [_thread_blocked, id=72209, stack(0x00007a7ad54de000,0x00007a7ad5500000) (136K)]
  0x00007a7b1c667f70 JavaThread "Cleaner-0"                  daemon [_thread_blocked, id=72213, stack(0x00007a7ad41ff000,0x00007a7ad42ff000) (1024K)]
  0x00007a7b1c666200 JavaThread "TDLib thread"                      [_thread_in_native, id=72214, stack(0x00007a7ad40ff000,0x00007a7ad41ff000) (1024K)]
  0x00007a7ad03e5d30 JavaThread "Image Fetcher 0"            daemon [_thread_blocked, id=72254, stack(0x00007a7be8100000,0x00007a7be8200000) (1024K)]
  0x00007a7ad03ae740 JavaThread "DefaultDispatcher-worker-14" daemon [_thread_blocked, id=72274, stack(0x00007a7be8000000,0x00007a7be8100000) (1024K)]
  0x00007a7b7042ddf0 JavaThread "C2 CompilerThread1"         daemon [_thread_blocked, id=72275, stack(0x00007a7ad43ff000,0x00007a7ad44ff000) (1024K)]
Total: 47

Other Threads:
  0x00007a7c1816d5a0 VMThread "VM Thread"                           [id=72131, stack(0x00007a7bebbfd000,0x00007a7bebcfd000) (1024K)]
  0x00007a7c1815b770 WatcherThread "VM Periodic Task Thread"        [id=72130, stack(0x00007a7bebcfe000,0x00007a7bebdfe000) (1024K)]
  0x00007a7c180969d0 WorkerThread "GC Thread#0"                     [id=72124, stack(0x00007a7bfadaa000,0x00007a7bfaeaa000) (1024K)]
  0x00007a7b90008230 WorkerThread "GC Thread#1"                     [id=72150, stack(0x00007a7b96300000,0x00007a7b96400000) (1024K)]
  0x00007a7b90008cf0 WorkerThread "GC Thread#2"                     [id=72151, stack(0x00007a7b946fd000,0x00007a7b947fd000) (1024K)]
  0x00007a7b900097f0 WorkerThread "GC Thread#3"                     [id=72152, stack(0x00007a7b945fc000,0x00007a7b946fc000) (1024K)]
  0x00007a7b9000a2f0 WorkerThread "GC Thread#4"                     [id=72153, stack(0x00007a7b944fb000,0x00007a7b945fb000) (1024K)]
  0x00007a7b90012240 WorkerThread "GC Thread#5"                     [id=72192, stack(0x00007a7b4c8fe000,0x00007a7b4c9fe000) (1024K)]
  0x00007a7b9000cc90 WorkerThread "GC Thread#6"                     [id=72193, stack(0x00007a7b4c7fd000,0x00007a7b4c8fd000) (1024K)]
  0x00007a7b9000c840 WorkerThread "GC Thread#7"                     [id=72196, stack(0x00007a7b4c5fc000,0x00007a7b4c6fc000) (1024K)]
  0x00007a7b900154a0 WorkerThread "GC Thread#8"                     [id=72197, stack(0x00007a7b4c4fb000,0x00007a7b4c5fb000) (1024K)]
  0x00007a7b90016000 WorkerThread "GC Thread#9"                     [id=72198, stack(0x00007a7b4c3fa000,0x00007a7b4c4fa000) (1024K)]
  0x00007a7c180a6fa0 ConcurrentGCThread "G1 Main Marker"            [id=72125, stack(0x00007a7bfaca9000,0x00007a7bfada9000) (1024K)]
  0x00007a7c180a7e50 WorkerThread "G1 Conc#0"                       [id=72126, stack(0x00007a7bfaba8000,0x00007a7bfaca8000) (1024K)]
  0x00007a7bec000d90 WorkerThread "G1 Conc#1"                       [id=72199, stack(0x00007a7b4c2f9000,0x00007a7b4c3f9000) (1024K)]
  0x00007a7bec001930 WorkerThread "G1 Conc#2"                       [id=72200, stack(0x00007a7b4c1f8000,0x00007a7b4c2f8000) (1024K)]
  0x00007a7c18140eb0 ConcurrentGCThread "G1 Refine#0"               [id=72127, stack(0x00007a7bebf00000,0x00007a7bec000000) (1024K)]
  0x00007a7c18141d80 ConcurrentGCThread "G1 Service"                [id=72128, stack(0x00007a7bebdff000,0x00007a7bebeff000) (1024K)]
Total: 18

Threads with active compile tasks:
Total: 0

VM state: not at safepoint (normal execution)

VM Mutex/Monitor currently owned by a thread: None

Heap address: 0x000000070f000000, size: 3856 MB, Compressed Oops mode: Zero based, Oop shift amount: 3

CDS archive(s) mapped at: [0x00007a7b9b000000-0x00007a7b9bc9b000-0x00007a7b9bc9b000), size 13217792, SharedBaseAddress: 0x00007a7b9b000000, ArchiveRelocationMode: 1.
Compressed class space mapped at: 0x00007a7b9c000000-0x00007a7bdc000000, reserved size: 1073741824
Narrow klass base: 0x00007a7b9b000000, Narrow klass shift: 0, Narrow klass range: 0x100000000

GC Precious Log:
 CardTable entry size: 512
 Card Set container configuration: InlinePtr #cards 4 size 8 Array Of Cards #cards 16 size 48 Howl #buckets 8 coarsen threshold 3686 Howl Bitmap #cards 512 size 80 coarsen threshold 460 Card regions per heap region 1 cards per card region 4096
 CPUs: 12 total, 12 available
 Memory: 15423M
 Large Page Support: Disabled
 NUMA Support: Disabled
 Compressed Oops: Enabled (Zero based)
 Heap Region Size: 2M
 Heap Min Capacity: 8M
 Heap Initial Capacity: 242M
 Heap Max Capacity: 3856M
 Pre-touch: Disabled
 Parallel Workers: 10
 Concurrent Workers: 3
 Concurrent Refinement Workers: 10
 Periodic GC: Disabled

Heap:
 garbage-first heap   total 1335296K, used 85505K [0x000000070f000000, 0x0000000800000000)
  region size 2048K, 36 young (73728K), 1 survivors (2048K)
 Metaspace       used 48343K, committed 48896K, reserved 1114112K
  class space    used 5757K, committed 6016K, reserved 1048576K

Heap Regions: E=young(eden), S=young(survivor), O=old, HS=humongous(starts), HC=humongous(continues), CS=collection set, F=free, TAMS=top-at-mark-start, PB=parsable bottom
|   0|0x000000070f000000, 0x000000070f200000, 0x000000070f200000|100%|HS|  |TAMS 0x000000070f000000| PB 0x000000070f000000| Complete 
|   1|0x000000070f200000, 0x000000070f400000, 0x000000070f400000|100%| O|  |TAMS 0x000000070f200000| PB 0x000000070f200000| Untracked 
|   2|0x000000070f400000, 0x000000070f600000, 0x000000070f600000|100%| O|  |TAMS 0x000000070f400000| PB 0x000000070f400000| Untracked 
|   3|0x000000070f600000, 0x000000070f800000, 0x000000070f800000|100%| O|  |TAMS 0x000000070f600000| PB 0x000000070f600000| Untracked 
|   4|0x000000070f800000, 0x000000070fa00000, 0x000000070fa00000|100%| O|  |TAMS 0x000000070f800000| PB 0x000000070f800000| Untracked 
|   5|0x000000070fa00000, 0x000000070fa201b0, 0x000000070fc00000|  6%| O|  |TAMS 0x000000070fa00000| PB 0x000000070fa00000| Untracked 
|   6|0x000000070fc00000, 0x000000070fe00000, 0x000000070fe00000|100%| O|  |TAMS 0x000000070fc00000| PB 0x000000070fc00000| Untracked 
|   7|0x000000070fe00000, 0x0000000710000000, 0x0000000710000000|100%| O|  |TAMS 0x000000070fe00000| PB 0x000000070fe00000| Untracked 
|   8|0x0000000710000000, 0x0000000710000000, 0x0000000710200000|  0%| F|  |TAMS 0x0000000710000000| PB 0x0000000710000000| Untracked 
|   9|0x0000000710200000, 0x0000000710200000, 0x0000000710400000|  0%| F|  |TAMS 0x0000000710200000| PB 0x0000000710200000| Untracked 
|  10|0x0000000710400000, 0x0000000710600000, 0x0000000710600000|100%| O|  |TAMS 0x0000000710400000| PB 0x0000000710400000| Untracked 
|  11|0x0000000710600000, 0x0000000710600000, 0x0000000710800000|  0%| F|  |TAMS 0x0000000710600000| PB 0x0000000710600000| Untracked 
|  12|0x0000000710800000, 0x0000000710800000, 0x0000000710a00000|  0%| F|  |TAMS 0x0000000710800000| PB 0x0000000710800000| Untracked 
|  13|0x0000000710a00000, 0x0000000710a00000, 0x0000000710c00000|  0%| F|  |TAMS 0x0000000710a00000| PB 0x0000000710a00000| Untracked 
|  14|0x0000000710c00000, 0x0000000710c00000, 0x0000000710e00000|  0%| F|  |TAMS 0x0000000710c00000| PB 0x0000000710c00000| Untracked 
|  15|0x0000000710e00000, 0x0000000710e00000, 0x0000000711000000|  0%| F|  |TAMS 0x0000000710e00000| PB 0x0000000710e00000| Untracked 
|  16|0x0000000711000000, 0x0000000711000000, 0x0000000711200000|  0%| F|  |TAMS 0x0000000711000000| PB 0x0000000711000000| Untracked 
|  17|0x0000000711200000, 0x0000000711200000, 0x0000000711400000|  0%| F|  |TAMS 0x0000000711200000| PB 0x0000000711200000| Untracked 
|  18|0x0000000711400000, 0x0000000711400000, 0x0000000711600000|  0%| F|  |TAMS 0x0000000711400000| PB 0x0000000711400000| Untracked 
|  19|0x0000000711600000, 0x0000000711600000, 0x0000000711800000|  0%| F|  |TAMS 0x0000000711600000| PB 0x0000000711600000| Untracked 
|  20|0x0000000711800000, 0x0000000711800000, 0x0000000711a00000|  0%| F|  |TAMS 0x0000000711800000| PB 0x0000000711800000| Untracked 
|  21|0x0000000711a00000, 0x0000000711a00000, 0x0000000711c00000|  0%| F|  |TAMS 0x0000000711a00000| PB 0x0000000711a00000| Untracked 
|  22|0x0000000711c00000, 0x0000000711c00000, 0x0000000711e00000|  0%| F|  |TAMS 0x0000000711c00000| PB 0x0000000711c00000| Untracked 
|  23|0x0000000711e00000, 0x0000000711e00000, 0x0000000712000000|  0%| F|  |TAMS 0x0000000711e00000| PB 0x0000000711e00000| Untracked 
|  24|0x0000000712000000, 0x0000000712000000, 0x0000000712200000|  0%| F|  |TAMS 0x0000000712000000| PB 0x0000000712000000| Untracked 
|  25|0x0000000712200000, 0x0000000712200000, 0x0000000712400000|  0%| F|  |TAMS 0x0000000712200000| PB 0x0000000712200000| Untracked 
|  26|0x0000000712400000, 0x0000000712400000, 0x0000000712600000|  0%| F|  |TAMS 0x0000000712400000| PB 0x0000000712400000| Untracked 
|  27|0x0000000712600000, 0x0000000712600000, 0x0000000712800000|  0%| F|  |TAMS 0x0000000712600000| PB 0x0000000712600000| Untracked 
|  28|0x0000000712800000, 0x0000000712800000, 0x0000000712a00000|  0%| F|  |TAMS 0x0000000712800000| PB 0x0000000712800000| Untracked 
|  29|0x0000000712a00000, 0x0000000712a00000, 0x0000000712c00000|  0%| F|  |TAMS 0x0000000712a00000| PB 0x0000000712a00000| Untracked 
|  30|0x0000000712c00000, 0x0000000712c00000, 0x0000000712e00000|  0%| F|  |TAMS 0x0000000712c00000| PB 0x0000000712c00000| Untracked 
|  31|0x0000000712e00000, 0x0000000712e00000, 0x0000000713000000|  0%| F|  |TAMS 0x0000000712e00000| PB 0x0000000712e00000| Untracked 
|  32|0x0000000713000000, 0x0000000713000000, 0x0000000713200000|  0%| F|  |TAMS 0x0000000713000000| PB 0x0000000713000000| Untracked 
|  33|0x0000000713200000, 0x0000000713200000, 0x0000000713400000|  0%| F|  |TAMS 0x0000000713200000| PB 0x0000000713200000| Untracked 
|  34|0x0000000713400000, 0x0000000713400000, 0x0000000713600000|  0%| F|  |TAMS 0x0000000713400000| PB 0x0000000713400000| Untracked 
|  35|0x0000000713600000, 0x0000000713600000, 0x0000000713800000|  0%| F|  |TAMS 0x0000000713600000| PB 0x0000000713600000| Untracked 
|  36|0x0000000713800000, 0x0000000713800000, 0x0000000713a00000|  0%| F|  |TAMS 0x0000000713800000| PB 0x0000000713800000| Untracked 
|  37|0x0000000713a00000, 0x0000000713a00000, 0x0000000713c00000|  0%| F|  |TAMS 0x0000000713a00000| PB 0x0000000713a00000| Untracked 
|  38|0x0000000713c00000, 0x0000000713c00000, 0x0000000713e00000|  0%| F|  |TAMS 0x0000000713c00000| PB 0x0000000713c00000| Untracked 
|  39|0x0000000713e00000, 0x0000000713e00000, 0x0000000714000000|  0%| F|  |TAMS 0x0000000713e00000| PB 0x0000000713e00000| Untracked 
|  40|0x0000000714000000, 0x0000000714000000, 0x0000000714200000|  0%| F|  |TAMS 0x0000000714000000| PB 0x0000000714000000| Untracked 
|  41|0x0000000714200000, 0x0000000714200000, 0x0000000714400000|  0%| F|  |TAMS 0x0000000714200000| PB 0x0000000714200000| Untracked 
|  42|0x0000000714400000, 0x0000000714400000, 0x0000000714600000|  0%| F|  |TAMS 0x0000000714400000| PB 0x0000000714400000| Untracked 
|  43|0x0000000714600000, 0x0000000714600000, 0x0000000714800000|  0%| F|  |TAMS 0x0000000714600000| PB 0x0000000714600000| Untracked 
|  44|0x0000000714800000, 0x0000000714800000, 0x0000000714a00000|  0%| F|  |TAMS 0x0000000714800000| PB 0x0000000714800000| Untracked 
|  45|0x0000000714a00000, 0x0000000714a00000, 0x0000000714c00000|  0%| F|  |TAMS 0x0000000714a00000| PB 0x0000000714a00000| Untracked 
|  46|0x0000000714c00000, 0x0000000714c00000, 0x0000000714e00000|  0%| F|  |TAMS 0x0000000714c00000| PB 0x0000000714c00000| Untracked 
|  47|0x0000000714e00000, 0x0000000714e00000, 0x0000000715000000|  0%| F|  |TAMS 0x0000000714e00000| PB 0x0000000714e00000| Untracked 
|  48|0x0000000715000000, 0x0000000715000000, 0x0000000715200000|  0%| F|  |TAMS 0x0000000715000000| PB 0x0000000715000000| Untracked 
|  49|0x0000000715200000, 0x0000000715200000, 0x0000000715400000|  0%| F|  |TAMS 0x0000000715200000| PB 0x0000000715200000| Untracked 
|  50|0x0000000715400000, 0x0000000715400000, 0x0000000715600000|  0%| F|  |TAMS 0x0000000715400000| PB 0x0000000715400000| Untracked 
|  51|0x0000000715600000, 0x0000000715600000, 0x0000000715800000|  0%| F|  |TAMS 0x0000000715600000| PB 0x0000000715600000| Untracked 
|  52|0x0000000715800000, 0x0000000715800000, 0x0000000715a00000|  0%| F|  |TAMS 0x0000000715800000| PB 0x0000000715800000| Untracked 
|  53|0x0000000715a00000, 0x0000000715a00000, 0x0000000715c00000|  0%| F|  |TAMS 0x0000000715a00000| PB 0x0000000715a00000| Untracked 
|  54|0x0000000715c00000, 0x0000000715c00000, 0x0000000715e00000|  0%| F|  |TAMS 0x0000000715c00000| PB 0x0000000715c00000| Untracked 
|  55|0x0000000715e00000, 0x0000000715e00000, 0x0000000716000000|  0%| F|  |TAMS 0x0000000715e00000| PB 0x0000000715e00000| Untracked 
|  56|0x0000000716000000, 0x0000000716000000, 0x0000000716200000|  0%| F|  |TAMS 0x0000000716000000| PB 0x0000000716000000| Untracked 
|  57|0x0000000716200000, 0x0000000716200000, 0x0000000716400000|  0%| F|  |TAMS 0x0000000716200000| PB 0x0000000716200000| Untracked 
|  58|0x0000000716400000, 0x0000000716400000, 0x0000000716600000|  0%| F|  |TAMS 0x0000000716400000| PB 0x0000000716400000| Untracked 
|  59|0x0000000716600000, 0x0000000716600000, 0x0000000716800000|  0%| F|  |TAMS 0x0000000716600000| PB 0x0000000716600000| Untracked 
|  60|0x0000000716800000, 0x0000000716800000, 0x0000000716a00000|  0%| F|  |TAMS 0x0000000716800000| PB 0x0000000716800000| Untracked 
|  61|0x0000000716a00000, 0x0000000716a00000, 0x0000000716c00000|  0%| F|  |TAMS 0x0000000716a00000| PB 0x0000000716a00000| Untracked 
|  62|0x0000000716c00000, 0x0000000716c00000, 0x0000000716e00000|  0%| F|  |TAMS 0x0000000716c00000| PB 0x0000000716c00000| Untracked 
|  63|0x0000000716e00000, 0x0000000716e00000, 0x0000000717000000|  0%| F|  |TAMS 0x0000000716e00000| PB 0x0000000716e00000| Untracked 
|  64|0x0000000717000000, 0x0000000717000000, 0x0000000717200000|  0%| F|  |TAMS 0x0000000717000000| PB 0x0000000717000000| Untracked 
|  65|0x0000000717200000, 0x0000000717200000, 0x0000000717400000|  0%| F|  |TAMS 0x0000000717200000| PB 0x0000000717200000| Untracked 
|  66|0x0000000717400000, 0x0000000717400000, 0x0000000717600000|  0%| F|  |TAMS 0x0000000717400000| PB 0x0000000717400000| Untracked 
|  67|0x0000000717600000, 0x0000000717600000, 0x0000000717800000|  0%| F|  |TAMS 0x0000000717600000| PB 0x0000000717600000| Untracked 
|  68|0x0000000717800000, 0x0000000717800000, 0x0000000717a00000|  0%| F|  |TAMS 0x0000000717800000| PB 0x0000000717800000| Untracked 
|  69|0x0000000717a00000, 0x0000000717a00000, 0x0000000717c00000|  0%| F|  |TAMS 0x0000000717a00000| PB 0x0000000717a00000| Untracked 
|  70|0x0000000717c00000, 0x0000000717c00000, 0x0000000717e00000|  0%| F|  |TAMS 0x0000000717c00000| PB 0x0000000717c00000| Untracked 
|  71|0x0000000717e00000, 0x0000000717e00000, 0x0000000718000000|  0%| F|  |TAMS 0x0000000717e00000| PB 0x0000000717e00000| Untracked 
|  72|0x0000000718000000, 0x0000000718000000, 0x0000000718200000|  0%| F|  |TAMS 0x0000000718000000| PB 0x0000000718000000| Untracked 
|  73|0x0000000718200000, 0x0000000718200000, 0x0000000718400000|  0%| F|  |TAMS 0x0000000718200000| PB 0x0000000718200000| Untracked 
|  74|0x0000000718400000, 0x0000000718400000, 0x0000000718600000|  0%| F|  |TAMS 0x0000000718400000| PB 0x0000000718400000| Untracked 
|  75|0x0000000718600000, 0x0000000718600000, 0x0000000718800000|  0%| F|  |TAMS 0x0000000718600000| PB 0x0000000718600000| Untracked 
|  76|0x0000000718800000, 0x0000000718800000, 0x0000000718a00000|  0%| F|  |TAMS 0x0000000718800000| PB 0x0000000718800000| Untracked 
|  77|0x0000000718a00000, 0x0000000718a00000, 0x0000000718c00000|  0%| F|  |TAMS 0x0000000718a00000| PB 0x0000000718a00000| Untracked 
|  78|0x0000000718c00000, 0x0000000718c00000, 0x0000000718e00000|  0%| F|  |TAMS 0x0000000718c00000| PB 0x0000000718c00000| Untracked 
|  79|0x0000000718e00000, 0x0000000718e00000, 0x0000000719000000|  0%| F|  |TAMS 0x0000000718e00000| PB 0x0000000718e00000| Untracked 
|  80|0x0000000719000000, 0x0000000719000000, 0x0000000719200000|  0%| F|  |TAMS 0x0000000719000000| PB 0x0000000719000000| Untracked 
|  81|0x0000000719200000, 0x0000000719200000, 0x0000000719400000|  0%| F|  |TAMS 0x0000000719200000| PB 0x0000000719200000| Untracked 
|  82|0x0000000719400000, 0x0000000719400000, 0x0000000719600000|  0%| F|  |TAMS 0x0000000719400000| PB 0x0000000719400000| Untracked 
|  83|0x0000000719600000, 0x0000000719600000, 0x0000000719800000|  0%| F|  |TAMS 0x0000000719600000| PB 0x0000000719600000| Untracked 
|  84|0x0000000719800000, 0x0000000719800000, 0x0000000719a00000|  0%| F|  |TAMS 0x0000000719800000| PB 0x0000000719800000| Untracked 
|  85|0x0000000719a00000, 0x0000000719a00000, 0x0000000719c00000|  0%| F|  |TAMS 0x0000000719a00000| PB 0x0000000719a00000| Untracked 
|  86|0x0000000719c00000, 0x0000000719c00000, 0x0000000719e00000|  0%| F|  |TAMS 0x0000000719c00000| PB 0x0000000719c00000| Untracked 
|  87|0x0000000719e00000, 0x0000000719e00000, 0x000000071a000000|  0%| F|  |TAMS 0x0000000719e00000| PB 0x0000000719e00000| Untracked 
|  88|0x000000071a000000, 0x000000071a000000, 0x000000071a200000|  0%| F|  |TAMS 0x000000071a000000| PB 0x000000071a000000| Untracked 
|  89|0x000000071a200000, 0x000000071a200000, 0x000000071a400000|  0%| F|  |TAMS 0x000000071a200000| PB 0x000000071a200000| Untracked 
|  90|0x000000071a400000, 0x000000071a400000, 0x000000071a600000|  0%| F|  |TAMS 0x000000071a400000| PB 0x000000071a400000| Untracked 
|  91|0x000000071a600000, 0x000000071a600000, 0x000000071a800000|  0%| F|  |TAMS 0x000000071a600000| PB 0x000000071a600000| Untracked 
|  92|0x000000071a800000, 0x000000071a800000, 0x000000071aa00000|  0%| F|  |TAMS 0x000000071a800000| PB 0x000000071a800000| Untracked 
|  93|0x000000071aa00000, 0x000000071aa00000, 0x000000071ac00000|  0%| F|  |TAMS 0x000000071aa00000| PB 0x000000071aa00000| Untracked 
|  94|0x000000071ac00000, 0x000000071ac00000, 0x000000071ae00000|  0%| F|  |TAMS 0x000000071ac00000| PB 0x000000071ac00000| Untracked 
|  95|0x000000071ae00000, 0x000000071ae00000, 0x000000071b000000|  0%| F|  |TAMS 0x000000071ae00000| PB 0x000000071ae00000| Untracked 
|  96|0x000000071b000000, 0x000000071b000000, 0x000000071b200000|  0%| F|  |TAMS 0x000000071b000000| PB 0x000000071b000000| Untracked 
|  97|0x000000071b200000, 0x000000071b200000, 0x000000071b400000|  0%| F|  |TAMS 0x000000071b200000| PB 0x000000071b200000| Untracked 
|  98|0x000000071b400000, 0x000000071b400000, 0x000000071b600000|  0%| F|  |TAMS 0x000000071b400000| PB 0x000000071b400000| Untracked 
|  99|0x000000071b600000, 0x000000071b600000, 0x000000071b800000|  0%| F|  |TAMS 0x000000071b600000| PB 0x000000071b600000| Untracked 
| 100|0x000000071b800000, 0x000000071b800000, 0x000000071ba00000|  0%| F|  |TAMS 0x000000071b800000| PB 0x000000071b800000| Untracked 
| 101|0x000000071ba00000, 0x000000071ba00000, 0x000000071bc00000|  0%| F|  |TAMS 0x000000071ba00000| PB 0x000000071ba00000| Untracked 
| 102|0x000000071bc00000, 0x000000071bc00000, 0x000000071be00000|  0%| F|  |TAMS 0x000000071bc00000| PB 0x000000071bc00000| Untracked 
| 103|0x000000071be00000, 0x000000071be00000, 0x000000071c000000|  0%| F|  |TAMS 0x000000071be00000| PB 0x000000071be00000| Untracked 
| 104|0x000000071c000000, 0x000000071c000000, 0x000000071c200000|  0%| F|  |TAMS 0x000000071c000000| PB 0x000000071c000000| Untracked 
| 105|0x000000071c200000, 0x000000071c200000, 0x000000071c400000|  0%| F|  |TAMS 0x000000071c200000| PB 0x000000071c200000| Untracked 
| 106|0x000000071c400000, 0x000000071c400000, 0x000000071c600000|  0%| F|  |TAMS 0x000000071c400000| PB 0x000000071c400000| Untracked 
| 107|0x000000071c600000, 0x000000071c600000, 0x000000071c800000|  0%| F|  |TAMS 0x000000071c600000| PB 0x000000071c600000| Untracked 
| 108|0x000000071c800000, 0x000000071c800000, 0x000000071ca00000|  0%| F|  |TAMS 0x000000071c800000| PB 0x000000071c800000| Untracked 
| 109|0x000000071ca00000, 0x000000071ca00000, 0x000000071cc00000|  0%| F|  |TAMS 0x000000071ca00000| PB 0x000000071ca00000| Untracked 
| 110|0x000000071cc00000, 0x000000071cc00000, 0x000000071ce00000|  0%| F|  |TAMS 0x000000071cc00000| PB 0x000000071cc00000| Untracked 
| 111|0x000000071ce00000, 0x000000071ce00000, 0x000000071d000000|  0%| F|  |TAMS 0x000000071ce00000| PB 0x000000071ce00000| Untracked 
| 112|0x000000071d000000, 0x000000071d000000, 0x000000071d200000|  0%| F|  |TAMS 0x000000071d000000| PB 0x000000071d000000| Untracked 
| 113|0x000000071d200000, 0x000000071d200000, 0x000000071d400000|  0%| F|  |TAMS 0x000000071d200000| PB 0x000000071d200000| Untracked 
| 114|0x000000071d400000, 0x000000071d400000, 0x000000071d600000|  0%| F|  |TAMS 0x000000071d400000| PB 0x000000071d400000| Untracked 
| 115|0x000000071d600000, 0x000000071d600000, 0x000000071d800000|  0%| F|  |TAMS 0x000000071d600000| PB 0x000000071d600000| Untracked 
| 116|0x000000071d800000, 0x000000071d800000, 0x000000071da00000|  0%| F|  |TAMS 0x000000071d800000| PB 0x000000071d800000| Untracked 
| 117|0x000000071da00000, 0x000000071da00000, 0x000000071dc00000|  0%| F|  |TAMS 0x000000071da00000| PB 0x000000071da00000| Untracked 
| 118|0x000000071dc00000, 0x000000071dc00000, 0x000000071de00000|  0%| F|  |TAMS 0x000000071dc00000| PB 0x000000071dc00000| Untracked 
| 119|0x000000071de00000, 0x000000071de00000, 0x000000071e000000|  0%| F|  |TAMS 0x000000071de00000| PB 0x000000071de00000| Untracked 
| 120|0x000000071e000000, 0x000000071e000000, 0x000000071e200000|  0%| F|  |TAMS 0x000000071e000000| PB 0x000000071e000000| Untracked 
| 121|0x000000071e200000, 0x000000071e200000, 0x000000071e400000|  0%| F|  |TAMS 0x000000071e200000| PB 0x000000071e200000| Untracked 
| 122|0x000000071e400000, 0x000000071e400000, 0x000000071e600000|  0%| F|  |TAMS 0x000000071e400000| PB 0x000000071e400000| Untracked 
| 123|0x000000071e600000, 0x000000071e600000, 0x000000071e800000|  0%| F|  |TAMS 0x000000071e600000| PB 0x000000071e600000| Untracked 
| 124|0x000000071e800000, 0x000000071e800000, 0x000000071ea00000|  0%| F|  |TAMS 0x000000071e800000| PB 0x000000071e800000| Untracked 
| 125|0x000000071ea00000, 0x000000071ea00000, 0x000000071ec00000|  0%| F|  |TAMS 0x000000071ea00000| PB 0x000000071ea00000| Untracked 
| 126|0x000000071ec00000, 0x000000071ec00000, 0x000000071ee00000|  0%| F|  |TAMS 0x000000071ec00000| PB 0x000000071ec00000| Untracked 
| 127|0x000000071ee00000, 0x000000071ee00000, 0x000000071f000000|  0%| F|  |TAMS 0x000000071ee00000| PB 0x000000071ee00000| Untracked 
| 128|0x000000071f000000, 0x000000071f000000, 0x000000071f200000|  0%| F|  |TAMS 0x000000071f000000| PB 0x000000071f000000| Untracked 
| 129|0x000000071f200000, 0x000000071f200000, 0x000000071f400000|  0%| F|  |TAMS 0x000000071f200000| PB 0x000000071f200000| Untracked 
| 130|0x000000071f400000, 0x000000071f400000, 0x000000071f600000|  0%| F|  |TAMS 0x000000071f400000| PB 0x000000071f400000| Untracked 
| 131|0x000000071f600000, 0x000000071f600000, 0x000000071f800000|  0%| F|  |TAMS 0x000000071f600000| PB 0x000000071f600000| Untracked 
| 132|0x000000071f800000, 0x000000071f800000, 0x000000071fa00000|  0%| F|  |TAMS 0x000000071f800000| PB 0x000000071f800000| Untracked 
| 133|0x000000071fa00000, 0x000000071fa00000, 0x000000071fc00000|  0%| F|  |TAMS 0x000000071fa00000| PB 0x000000071fa00000| Untracked 
| 134|0x000000071fc00000, 0x000000071fc00000, 0x000000071fe00000|  0%| F|  |TAMS 0x000000071fc00000| PB 0x000000071fc00000| Untracked 
| 135|0x000000071fe00000, 0x000000071fe00000, 0x0000000720000000|  0%| F|  |TAMS 0x000000071fe00000| PB 0x000000071fe00000| Untracked 
| 136|0x0000000720000000, 0x0000000720000000, 0x0000000720200000|  0%| F|  |TAMS 0x0000000720000000| PB 0x0000000720000000| Untracked 
| 137|0x0000000720200000, 0x0000000720200000, 0x0000000720400000|  0%| F|  |TAMS 0x0000000720200000| PB 0x0000000720200000| Untracked 
| 138|0x0000000720400000, 0x0000000720400000, 0x0000000720600000|  0%| F|  |TAMS 0x0000000720400000| PB 0x0000000720400000| Untracked 
| 139|0x0000000720600000, 0x0000000720600000, 0x0000000720800000|  0%| F|  |TAMS 0x0000000720600000| PB 0x0000000720600000| Untracked 
| 140|0x0000000720800000, 0x0000000720800000, 0x0000000720a00000|  0%| F|  |TAMS 0x0000000720800000| PB 0x0000000720800000| Untracked 
| 141|0x0000000720a00000, 0x0000000720a00000, 0x0000000720c00000|  0%| F|  |TAMS 0x0000000720a00000| PB 0x0000000720a00000| Untracked 
| 142|0x0000000720c00000, 0x0000000720c00000, 0x0000000720e00000|  0%| F|  |TAMS 0x0000000720c00000| PB 0x0000000720c00000| Untracked 
| 143|0x0000000720e00000, 0x0000000720e00000, 0x0000000721000000|  0%| F|  |TAMS 0x0000000720e00000| PB 0x0000000720e00000| Untracked 
| 144|0x0000000721000000, 0x0000000721000000, 0x0000000721200000|  0%| F|  |TAMS 0x0000000721000000| PB 0x0000000721000000| Untracked 
| 145|0x0000000721200000, 0x0000000721200000, 0x0000000721400000|  0%| F|  |TAMS 0x0000000721200000| PB 0x0000000721200000| Untracked 
| 146|0x0000000721400000, 0x0000000721400000, 0x0000000721600000|  0%| F|  |TAMS 0x0000000721400000| PB 0x0000000721400000| Untracked 
| 147|0x0000000721600000, 0x0000000721600000, 0x0000000721800000|  0%| F|  |TAMS 0x0000000721600000| PB 0x0000000721600000| Untracked 
| 148|0x0000000721800000, 0x0000000721800000, 0x0000000721a00000|  0%| F|  |TAMS 0x0000000721800000| PB 0x0000000721800000| Untracked 
| 149|0x0000000721a00000, 0x0000000721a00000, 0x0000000721c00000|  0%| F|  |TAMS 0x0000000721a00000| PB 0x0000000721a00000| Untracked 
| 150|0x0000000721c00000, 0x0000000721c00000, 0x0000000721e00000|  0%| F|  |TAMS 0x0000000721c00000| PB 0x0000000721c00000| Untracked 
| 151|0x0000000721e00000, 0x0000000721e00000, 0x0000000722000000|  0%| F|  |TAMS 0x0000000721e00000| PB 0x0000000721e00000| Untracked 
| 152|0x0000000722000000, 0x0000000722000000, 0x0000000722200000|  0%| F|  |TAMS 0x0000000722000000| PB 0x0000000722000000| Untracked 
| 153|0x0000000722200000, 0x0000000722200000, 0x0000000722400000|  0%| F|  |TAMS 0x0000000722200000| PB 0x0000000722200000| Untracked 
| 154|0x0000000722400000, 0x0000000722400000, 0x0000000722600000|  0%| F|  |TAMS 0x0000000722400000| PB 0x0000000722400000| Untracked 
| 155|0x0000000722600000, 0x0000000722600000, 0x0000000722800000|  0%| F|  |TAMS 0x0000000722600000| PB 0x0000000722600000| Untracked 
| 156|0x0000000722800000, 0x0000000722800000, 0x0000000722a00000|  0%| F|  |TAMS 0x0000000722800000| PB 0x0000000722800000| Untracked 
| 157|0x0000000722a00000, 0x0000000722a00000, 0x0000000722c00000|  0%| F|  |TAMS 0x0000000722a00000| PB 0x0000000722a00000| Untracked 
| 158|0x0000000722c00000, 0x0000000722c00000, 0x0000000722e00000|  0%| F|  |TAMS 0x0000000722c00000| PB 0x0000000722c00000| Untracked 
| 159|0x0000000722e00000, 0x0000000722e00000, 0x0000000723000000|  0%| F|  |TAMS 0x0000000722e00000| PB 0x0000000722e00000| Untracked 
| 160|0x0000000723000000, 0x0000000723000000, 0x0000000723200000|  0%| F|  |TAMS 0x0000000723000000| PB 0x0000000723000000| Untracked 
| 161|0x0000000723200000, 0x0000000723200000, 0x0000000723400000|  0%| F|  |TAMS 0x0000000723200000| PB 0x0000000723200000| Untracked 
| 162|0x0000000723400000, 0x0000000723400000, 0x0000000723600000|  0%| F|  |TAMS 0x0000000723400000| PB 0x0000000723400000| Untracked 
| 163|0x0000000723600000, 0x0000000723600000, 0x0000000723800000|  0%| F|  |TAMS 0x0000000723600000| PB 0x0000000723600000| Untracked 
| 164|0x0000000723800000, 0x0000000723800000, 0x0000000723a00000|  0%| F|  |TAMS 0x0000000723800000| PB 0x0000000723800000| Untracked 
| 165|0x0000000723a00000, 0x0000000723a00000, 0x0000000723c00000|  0%| F|  |TAMS 0x0000000723a00000| PB 0x0000000723a00000| Untracked 
| 166|0x0000000723c00000, 0x0000000723c00000, 0x0000000723e00000|  0%| F|  |TAMS 0x0000000723c00000| PB 0x0000000723c00000| Untracked 
| 167|0x0000000723e00000, 0x0000000723e00000, 0x0000000724000000|  0%| F|  |TAMS 0x0000000723e00000| PB 0x0000000723e00000| Untracked 
| 168|0x0000000724000000, 0x0000000724000000, 0x0000000724200000|  0%| F|  |TAMS 0x0000000724000000| PB 0x0000000724000000| Untracked 
| 169|0x0000000724200000, 0x0000000724200000, 0x0000000724400000|  0%| F|  |TAMS 0x0000000724200000| PB 0x0000000724200000| Untracked 
| 170|0x0000000724400000, 0x0000000724400000, 0x0000000724600000|  0%| F|  |TAMS 0x0000000724400000| PB 0x0000000724400000| Untracked 
| 171|0x0000000724600000, 0x0000000724600000, 0x0000000724800000|  0%| F|  |TAMS 0x0000000724600000| PB 0x0000000724600000| Untracked 
| 172|0x0000000724800000, 0x0000000724800000, 0x0000000724a00000|  0%| F|  |TAMS 0x0000000724800000| PB 0x0000000724800000| Untracked 
| 173|0x0000000724a00000, 0x0000000724a00000, 0x0000000724c00000|  0%| F|  |TAMS 0x0000000724a00000| PB 0x0000000724a00000| Untracked 
| 174|0x0000000724c00000, 0x0000000724c00000, 0x0000000724e00000|  0%| F|  |TAMS 0x0000000724c00000| PB 0x0000000724c00000| Untracked 
| 175|0x0000000724e00000, 0x0000000724e00000, 0x0000000725000000|  0%| F|  |TAMS 0x0000000724e00000| PB 0x0000000724e00000| Untracked 
| 176|0x0000000725000000, 0x0000000725000000, 0x0000000725200000|  0%| F|  |TAMS 0x0000000725000000| PB 0x0000000725000000| Untracked 
| 177|0x0000000725200000, 0x0000000725200000, 0x0000000725400000|  0%| F|  |TAMS 0x0000000725200000| PB 0x0000000725200000| Untracked 
| 178|0x0000000725400000, 0x0000000725400000, 0x0000000725600000|  0%| F|  |TAMS 0x0000000725400000| PB 0x0000000725400000| Untracked 
| 179|0x0000000725600000, 0x0000000725600000, 0x0000000725800000|  0%| F|  |TAMS 0x0000000725600000| PB 0x0000000725600000| Untracked 
| 180|0x0000000725800000, 0x0000000725800000, 0x0000000725a00000|  0%| F|  |TAMS 0x0000000725800000| PB 0x0000000725800000| Untracked 
| 181|0x0000000725a00000, 0x0000000725a00000, 0x0000000725c00000|  0%| F|  |TAMS 0x0000000725a00000| PB 0x0000000725a00000| Untracked 
| 182|0x0000000725c00000, 0x0000000725c00000, 0x0000000725e00000|  0%| F|  |TAMS 0x0000000725c00000| PB 0x0000000725c00000| Untracked 
| 183|0x0000000725e00000, 0x0000000725e00000, 0x0000000726000000|  0%| F|  |TAMS 0x0000000725e00000| PB 0x0000000725e00000| Untracked 
| 184|0x0000000726000000, 0x0000000726000000, 0x0000000726200000|  0%| F|  |TAMS 0x0000000726000000| PB 0x0000000726000000| Untracked 
| 185|0x0000000726200000, 0x0000000726200000, 0x0000000726400000|  0%| F|  |TAMS 0x0000000726200000| PB 0x0000000726200000| Untracked 
| 186|0x0000000726400000, 0x0000000726400000, 0x0000000726600000|  0%| F|  |TAMS 0x0000000726400000| PB 0x0000000726400000| Untracked 
| 187|0x0000000726600000, 0x0000000726600000, 0x0000000726800000|  0%| F|  |TAMS 0x0000000726600000| PB 0x0000000726600000| Untracked 
| 188|0x0000000726800000, 0x0000000726800000, 0x0000000726a00000|  0%| F|  |TAMS 0x0000000726800000| PB 0x0000000726800000| Untracked 
| 189|0x0000000726a00000, 0x0000000726a00000, 0x0000000726c00000|  0%| F|  |TAMS 0x0000000726a00000| PB 0x0000000726a00000| Untracked 
| 190|0x0000000726c00000, 0x0000000726c00000, 0x0000000726e00000|  0%| F|  |TAMS 0x0000000726c00000| PB 0x0000000726c00000| Untracked 
| 191|0x0000000726e00000, 0x0000000726e00000, 0x0000000727000000|  0%| F|  |TAMS 0x0000000726e00000| PB 0x0000000726e00000| Untracked 
| 192|0x0000000727000000, 0x0000000727000000, 0x0000000727200000|  0%| F|  |TAMS 0x0000000727000000| PB 0x0000000727000000| Untracked 
| 193|0x0000000727200000, 0x0000000727200000, 0x0000000727400000|  0%| F|  |TAMS 0x0000000727200000| PB 0x0000000727200000| Untracked 
| 194|0x0000000727400000, 0x0000000727400000, 0x0000000727600000|  0%| F|  |TAMS 0x0000000727400000| PB 0x0000000727400000| Untracked 
| 195|0x0000000727600000, 0x0000000727600000, 0x0000000727800000|  0%| F|  |TAMS 0x0000000727600000| PB 0x0000000727600000| Untracked 
| 196|0x0000000727800000, 0x0000000727800000, 0x0000000727a00000|  0%| F|  |TAMS 0x0000000727800000| PB 0x0000000727800000| Untracked 
| 197|0x0000000727a00000, 0x0000000727a00000, 0x0000000727c00000|  0%| F|  |TAMS 0x0000000727a00000| PB 0x0000000727a00000| Untracked 
| 198|0x0000000727c00000, 0x0000000727c00000, 0x0000000727e00000|  0%| F|  |TAMS 0x0000000727c00000| PB 0x0000000727c00000| Untracked 
| 199|0x0000000727e00000, 0x0000000727e00000, 0x0000000728000000|  0%| F|  |TAMS 0x0000000727e00000| PB 0x0000000727e00000| Untracked 
| 200|0x0000000728000000, 0x0000000728000000, 0x0000000728200000|  0%| F|  |TAMS 0x0000000728000000| PB 0x0000000728000000| Untracked 
| 201|0x0000000728200000, 0x0000000728200000, 0x0000000728400000|  0%| F|  |TAMS 0x0000000728200000| PB 0x0000000728200000| Untracked 
| 202|0x0000000728400000, 0x0000000728400000, 0x0000000728600000|  0%| F|  |TAMS 0x0000000728400000| PB 0x0000000728400000| Untracked 
| 203|0x0000000728600000, 0x0000000728600000, 0x0000000728800000|  0%| F|  |TAMS 0x0000000728600000| PB 0x0000000728600000| Untracked 
| 204|0x0000000728800000, 0x0000000728800000, 0x0000000728a00000|  0%| F|  |TAMS 0x0000000728800000| PB 0x0000000728800000| Untracked 
| 205|0x0000000728a00000, 0x0000000728a00000, 0x0000000728c00000|  0%| F|  |TAMS 0x0000000728a00000| PB 0x0000000728a00000| Untracked 
| 206|0x0000000728c00000, 0x0000000728c00000, 0x0000000728e00000|  0%| F|  |TAMS 0x0000000728c00000| PB 0x0000000728c00000| Untracked 
| 207|0x0000000728e00000, 0x0000000728e00000, 0x0000000729000000|  0%| F|  |TAMS 0x0000000728e00000| PB 0x0000000728e00000| Untracked 
| 208|0x0000000729000000, 0x0000000729000000, 0x0000000729200000|  0%| F|  |TAMS 0x0000000729000000| PB 0x0000000729000000| Untracked 
| 209|0x0000000729200000, 0x0000000729200000, 0x0000000729400000|  0%| F|  |TAMS 0x0000000729200000| PB 0x0000000729200000| Untracked 
| 210|0x0000000729400000, 0x0000000729400000, 0x0000000729600000|  0%| F|  |TAMS 0x0000000729400000| PB 0x0000000729400000| Untracked 
| 211|0x0000000729600000, 0x0000000729600000, 0x0000000729800000|  0%| F|  |TAMS 0x0000000729600000| PB 0x0000000729600000| Untracked 
| 212|0x0000000729800000, 0x0000000729800000, 0x0000000729a00000|  0%| F|  |TAMS 0x0000000729800000| PB 0x0000000729800000| Untracked 
| 213|0x0000000729a00000, 0x0000000729a00000, 0x0000000729c00000|  0%| F|  |TAMS 0x0000000729a00000| PB 0x0000000729a00000| Untracked 
| 214|0x0000000729c00000, 0x0000000729c00000, 0x0000000729e00000|  0%| F|  |TAMS 0x0000000729c00000| PB 0x0000000729c00000| Untracked 
| 215|0x0000000729e00000, 0x0000000729e00000, 0x000000072a000000|  0%| F|  |TAMS 0x0000000729e00000| PB 0x0000000729e00000| Untracked 
| 216|0x000000072a000000, 0x000000072a000000, 0x000000072a200000|  0%| F|  |TAMS 0x000000072a000000| PB 0x000000072a000000| Untracked 
| 217|0x000000072a200000, 0x000000072a200000, 0x000000072a400000|  0%| F|  |TAMS 0x000000072a200000| PB 0x000000072a200000| Untracked 
| 218|0x000000072a400000, 0x000000072a400000, 0x000000072a600000|  0%| F|  |TAMS 0x000000072a400000| PB 0x000000072a400000| Untracked 
| 219|0x000000072a600000, 0x000000072a600000, 0x000000072a800000|  0%| F|  |TAMS 0x000000072a600000| PB 0x000000072a600000| Untracked 
| 220|0x000000072a800000, 0x000000072a800000, 0x000000072aa00000|  0%| F|  |TAMS 0x000000072a800000| PB 0x000000072a800000| Untracked 
| 221|0x000000072aa00000, 0x000000072aa00000, 0x000000072ac00000|  0%| F|  |TAMS 0x000000072aa00000| PB 0x000000072aa00000| Untracked 
| 222|0x000000072ac00000, 0x000000072ac00000, 0x000000072ae00000|  0%| F|  |TAMS 0x000000072ac00000| PB 0x000000072ac00000| Untracked 
| 223|0x000000072ae00000, 0x000000072ae00000, 0x000000072b000000|  0%| F|  |TAMS 0x000000072ae00000| PB 0x000000072ae00000| Untracked 
| 224|0x000000072b000000, 0x000000072b000000, 0x000000072b200000|  0%| F|  |TAMS 0x000000072b000000| PB 0x000000072b000000| Untracked 
| 225|0x000000072b200000, 0x000000072b200000, 0x000000072b400000|  0%| F|  |TAMS 0x000000072b200000| PB 0x000000072b200000| Untracked 
| 226|0x000000072b400000, 0x000000072b400000, 0x000000072b600000|  0%| F|  |TAMS 0x000000072b400000| PB 0x000000072b400000| Untracked 
| 227|0x000000072b600000, 0x000000072b600000, 0x000000072b800000|  0%| F|  |TAMS 0x000000072b600000| PB 0x000000072b600000| Untracked 
| 228|0x000000072b800000, 0x000000072b800000, 0x000000072ba00000|  0%| F|  |TAMS 0x000000072b800000| PB 0x000000072b800000| Untracked 
| 229|0x000000072ba00000, 0x000000072ba00000, 0x000000072bc00000|  0%| F|  |TAMS 0x000000072ba00000| PB 0x000000072ba00000| Untracked 
| 230|0x000000072bc00000, 0x000000072bc00000, 0x000000072be00000|  0%| F|  |TAMS 0x000000072bc00000| PB 0x000000072bc00000| Untracked 
| 231|0x000000072be00000, 0x000000072be00000, 0x000000072c000000|  0%| F|  |TAMS 0x000000072be00000| PB 0x000000072be00000| Untracked 
| 232|0x000000072c000000, 0x000000072c000000, 0x000000072c200000|  0%| F|  |TAMS 0x000000072c000000| PB 0x000000072c000000| Untracked 
| 233|0x000000072c200000, 0x000000072c200000, 0x000000072c400000|  0%| F|  |TAMS 0x000000072c200000| PB 0x000000072c200000| Untracked 
| 234|0x000000072c400000, 0x000000072c400000, 0x000000072c600000|  0%| F|  |TAMS 0x000000072c400000| PB 0x000000072c400000| Untracked 
| 235|0x000000072c600000, 0x000000072c600000, 0x000000072c800000|  0%| F|  |TAMS 0x000000072c600000| PB 0x000000072c600000| Untracked 
| 236|0x000000072c800000, 0x000000072c800000, 0x000000072ca00000|  0%| F|  |TAMS 0x000000072c800000| PB 0x000000072c800000| Untracked 
| 237|0x000000072ca00000, 0x000000072ca00000, 0x000000072cc00000|  0%| F|  |TAMS 0x000000072ca00000| PB 0x000000072ca00000| Untracked 
| 238|0x000000072cc00000, 0x000000072cc00000, 0x000000072ce00000|  0%| F|  |TAMS 0x000000072cc00000| PB 0x000000072cc00000| Untracked 
| 239|0x000000072ce00000, 0x000000072ce00000, 0x000000072d000000|  0%| F|  |TAMS 0x000000072ce00000| PB 0x000000072ce00000| Untracked 
| 240|0x000000072d000000, 0x000000072d000000, 0x000000072d200000|  0%| F|  |TAMS 0x000000072d000000| PB 0x000000072d000000| Untracked 
| 241|0x000000072d200000, 0x000000072d200000, 0x000000072d400000|  0%| F|  |TAMS 0x000000072d200000| PB 0x000000072d200000| Untracked 
| 242|0x000000072d400000, 0x000000072d400000, 0x000000072d600000|  0%| F|  |TAMS 0x000000072d400000| PB 0x000000072d400000| Untracked 
| 243|0x000000072d600000, 0x000000072d600000, 0x000000072d800000|  0%| F|  |TAMS 0x000000072d600000| PB 0x000000072d600000| Untracked 
| 244|0x000000072d800000, 0x000000072d800000, 0x000000072da00000|  0%| F|  |TAMS 0x000000072d800000| PB 0x000000072d800000| Untracked 
| 245|0x000000072da00000, 0x000000072da00000, 0x000000072dc00000|  0%| F|  |TAMS 0x000000072da00000| PB 0x000000072da00000| Untracked 
| 246|0x000000072dc00000, 0x000000072dc00000, 0x000000072de00000|  0%| F|  |TAMS 0x000000072dc00000| PB 0x000000072dc00000| Untracked 
| 247|0x000000072de00000, 0x000000072de00000, 0x000000072e000000|  0%| F|  |TAMS 0x000000072de00000| PB 0x000000072de00000| Untracked 
| 248|0x000000072e000000, 0x000000072e000000, 0x000000072e200000|  0%| F|  |TAMS 0x000000072e000000| PB 0x000000072e000000| Untracked 
| 249|0x000000072e200000, 0x000000072e200000, 0x000000072e400000|  0%| F|  |TAMS 0x000000072e200000| PB 0x000000072e200000| Untracked 
| 250|0x000000072e400000, 0x000000072e400000, 0x000000072e600000|  0%| F|  |TAMS 0x000000072e400000| PB 0x000000072e400000| Untracked 
| 251|0x000000072e600000, 0x000000072e600000, 0x000000072e800000|  0%| F|  |TAMS 0x000000072e600000| PB 0x000000072e600000| Untracked 
| 252|0x000000072e800000, 0x000000072e800000, 0x000000072ea00000|  0%| F|  |TAMS 0x000000072e800000| PB 0x000000072e800000| Untracked 
| 253|0x000000072ea00000, 0x000000072ea00000, 0x000000072ec00000|  0%| F|  |TAMS 0x000000072ea00000| PB 0x000000072ea00000| Untracked 
| 254|0x000000072ec00000, 0x000000072ec00000, 0x000000072ee00000|  0%| F|  |TAMS 0x000000072ec00000| PB 0x000000072ec00000| Untracked 
| 255|0x000000072ee00000, 0x000000072ee00000, 0x000000072f000000|  0%| F|  |TAMS 0x000000072ee00000| PB 0x000000072ee00000| Untracked 
| 256|0x000000072f000000, 0x000000072f000000, 0x000000072f200000|  0%| F|  |TAMS 0x000000072f000000| PB 0x000000072f000000| Untracked 
| 257|0x000000072f200000, 0x000000072f200000, 0x000000072f400000|  0%| F|  |TAMS 0x000000072f200000| PB 0x000000072f200000| Untracked 
| 258|0x000000072f400000, 0x000000072f400000, 0x000000072f600000|  0%| F|  |TAMS 0x000000072f400000| PB 0x000000072f400000| Untracked 
| 259|0x000000072f600000, 0x000000072f600000, 0x000000072f800000|  0%| F|  |TAMS 0x000000072f600000| PB 0x000000072f600000| Untracked 
| 260|0x000000072f800000, 0x000000072f853d60, 0x000000072fa00000| 16%| S|CS|TAMS 0x000000072f800000| PB 0x000000072f800000| Complete 
| 261|0x000000072fa00000, 0x000000072fa00000, 0x000000072fc00000|  0%| F|  |TAMS 0x000000072fa00000| PB 0x000000072fa00000| Untracked 
| 262|0x000000072fc00000, 0x000000072fc00000, 0x000000072fe00000|  0%| F|  |TAMS 0x000000072fc00000| PB 0x000000072fc00000| Untracked 
| 263|0x000000072fe00000, 0x000000072fe00000, 0x0000000730000000|  0%| F|  |TAMS 0x000000072fe00000| PB 0x000000072fe00000| Untracked 
| 264|0x0000000730000000, 0x0000000730000000, 0x0000000730200000|  0%| F|  |TAMS 0x0000000730000000| PB 0x0000000730000000| Untracked 
| 265|0x0000000730200000, 0x0000000730200000, 0x0000000730400000|  0%| F|  |TAMS 0x0000000730200000| PB 0x0000000730200000| Untracked 
| 266|0x0000000730400000, 0x0000000730400000, 0x0000000730600000|  0%| F|  |TAMS 0x0000000730400000| PB 0x0000000730400000| Untracked 
| 267|0x0000000730600000, 0x0000000730600000, 0x0000000730800000|  0%| F|  |TAMS 0x0000000730600000| PB 0x0000000730600000| Untracked 
| 268|0x0000000730800000, 0x0000000730800000, 0x0000000730a00000|  0%| F|  |TAMS 0x0000000730800000| PB 0x0000000730800000| Untracked 
| 269|0x0000000730a00000, 0x0000000730a00000, 0x0000000730c00000|  0%| F|  |TAMS 0x0000000730a00000| PB 0x0000000730a00000| Untracked 
| 270|0x0000000730c00000, 0x0000000730c00000, 0x0000000730e00000|  0%| F|  |TAMS 0x0000000730c00000| PB 0x0000000730c00000| Untracked 
| 271|0x0000000730e00000, 0x0000000730e00000, 0x0000000731000000|  0%| F|  |TAMS 0x0000000730e00000| PB 0x0000000730e00000| Untracked 
| 272|0x0000000731000000, 0x0000000731000000, 0x0000000731200000|  0%| F|  |TAMS 0x0000000731000000| PB 0x0000000731000000| Untracked 
| 273|0x0000000731200000, 0x0000000731200000, 0x0000000731400000|  0%| F|  |TAMS 0x0000000731200000| PB 0x0000000731200000| Untracked 
| 274|0x0000000731400000, 0x0000000731400000, 0x0000000731600000|  0%| F|  |TAMS 0x0000000731400000| PB 0x0000000731400000| Untracked 
| 275|0x0000000731600000, 0x0000000731600000, 0x0000000731800000|  0%| F|  |TAMS 0x0000000731600000| PB 0x0000000731600000| Untracked 
| 276|0x0000000731800000, 0x0000000731800000, 0x0000000731a00000|  0%| F|  |TAMS 0x0000000731800000| PB 0x0000000731800000| Untracked 
| 277|0x0000000731a00000, 0x0000000731a00000, 0x0000000731c00000|  0%| F|  |TAMS 0x0000000731a00000| PB 0x0000000731a00000| Untracked 
| 278|0x0000000731c00000, 0x0000000731c00000, 0x0000000731e00000|  0%| F|  |TAMS 0x0000000731c00000| PB 0x0000000731c00000| Untracked 
| 279|0x0000000731e00000, 0x0000000731e00000, 0x0000000732000000|  0%| F|  |TAMS 0x0000000731e00000| PB 0x0000000731e00000| Untracked 
| 280|0x0000000732000000, 0x0000000732000000, 0x0000000732200000|  0%| F|  |TAMS 0x0000000732000000| PB 0x0000000732000000| Untracked 
| 281|0x0000000732200000, 0x0000000732200000, 0x0000000732400000|  0%| F|  |TAMS 0x0000000732200000| PB 0x0000000732200000| Untracked 
| 282|0x0000000732400000, 0x0000000732400000, 0x0000000732600000|  0%| F|  |TAMS 0x0000000732400000| PB 0x0000000732400000| Untracked 
| 283|0x0000000732600000, 0x0000000732600000, 0x0000000732800000|  0%| F|  |TAMS 0x0000000732600000| PB 0x0000000732600000| Untracked 
| 284|0x0000000732800000, 0x0000000732800000, 0x0000000732a00000|  0%| F|  |TAMS 0x0000000732800000| PB 0x0000000732800000| Untracked 
| 285|0x0000000732a00000, 0x0000000732a00000, 0x0000000732c00000|  0%| F|  |TAMS 0x0000000732a00000| PB 0x0000000732a00000| Untracked 
| 286|0x0000000732c00000, 0x0000000732c00000, 0x0000000732e00000|  0%| F|  |TAMS 0x0000000732c00000| PB 0x0000000732c00000| Untracked 
| 287|0x0000000732e00000, 0x0000000732e00000, 0x0000000733000000|  0%| F|  |TAMS 0x0000000732e00000| PB 0x0000000732e00000| Untracked 
| 288|0x0000000733000000, 0x0000000733000000, 0x0000000733200000|  0%| F|  |TAMS 0x0000000733000000| PB 0x0000000733000000| Untracked 
| 289|0x0000000733200000, 0x0000000733200000, 0x0000000733400000|  0%| F|  |TAMS 0x0000000733200000| PB 0x0000000733200000| Untracked 
| 290|0x0000000733400000, 0x0000000733400000, 0x0000000733600000|  0%| F|  |TAMS 0x0000000733400000| PB 0x0000000733400000| Untracked 
| 291|0x0000000733600000, 0x0000000733600000, 0x0000000733800000|  0%| F|  |TAMS 0x0000000733600000| PB 0x0000000733600000| Untracked 
| 292|0x0000000733800000, 0x0000000733800000, 0x0000000733a00000|  0%| F|  |TAMS 0x0000000733800000| PB 0x0000000733800000| Untracked 
| 293|0x0000000733a00000, 0x0000000733a00000, 0x0000000733c00000|  0%| F|  |TAMS 0x0000000733a00000| PB 0x0000000733a00000| Untracked 
| 294|0x0000000733c00000, 0x0000000733c00000, 0x0000000733e00000|  0%| F|  |TAMS 0x0000000733c00000| PB 0x0000000733c00000| Untracked 
| 295|0x0000000733e00000, 0x0000000733e00000, 0x0000000734000000|  0%| F|  |TAMS 0x0000000733e00000| PB 0x0000000733e00000| Untracked 
| 296|0x0000000734000000, 0x0000000734000000, 0x0000000734200000|  0%| F|  |TAMS 0x0000000734000000| PB 0x0000000734000000| Untracked 
| 297|0x0000000734200000, 0x0000000734200000, 0x0000000734400000|  0%| F|  |TAMS 0x0000000734200000| PB 0x0000000734200000| Untracked 
| 298|0x0000000734400000, 0x0000000734400000, 0x0000000734600000|  0%| F|  |TAMS 0x0000000734400000| PB 0x0000000734400000| Untracked 
| 299|0x0000000734600000, 0x0000000734600000, 0x0000000734800000|  0%| F|  |TAMS 0x0000000734600000| PB 0x0000000734600000| Untracked 
| 300|0x0000000734800000, 0x0000000734800000, 0x0000000734a00000|  0%| F|  |TAMS 0x0000000734800000| PB 0x0000000734800000| Untracked 
| 301|0x0000000734a00000, 0x0000000734a00000, 0x0000000734c00000|  0%| F|  |TAMS 0x0000000734a00000| PB 0x0000000734a00000| Untracked 
| 302|0x0000000734c00000, 0x0000000734c00000, 0x0000000734e00000|  0%| F|  |TAMS 0x0000000734c00000| PB 0x0000000734c00000| Untracked 
| 303|0x0000000734e00000, 0x0000000734e00000, 0x0000000735000000|  0%| F|  |TAMS 0x0000000734e00000| PB 0x0000000734e00000| Untracked 
| 304|0x0000000735000000, 0x0000000735000000, 0x0000000735200000|  0%| F|  |TAMS 0x0000000735000000| PB 0x0000000735000000| Untracked 
| 305|0x0000000735200000, 0x0000000735200000, 0x0000000735400000|  0%| F|  |TAMS 0x0000000735200000| PB 0x0000000735200000| Untracked 
| 306|0x0000000735400000, 0x0000000735400000, 0x0000000735600000|  0%| F|  |TAMS 0x0000000735400000| PB 0x0000000735400000| Untracked 
| 307|0x0000000735600000, 0x0000000735600000, 0x0000000735800000|  0%| F|  |TAMS 0x0000000735600000| PB 0x0000000735600000| Untracked 
| 308|0x0000000735800000, 0x0000000735800000, 0x0000000735a00000|  0%| F|  |TAMS 0x0000000735800000| PB 0x0000000735800000| Untracked 
| 309|0x0000000735a00000, 0x0000000735a00000, 0x0000000735c00000|  0%| F|  |TAMS 0x0000000735a00000| PB 0x0000000735a00000| Untracked 
| 310|0x0000000735c00000, 0x0000000735c00000, 0x0000000735e00000|  0%| F|  |TAMS 0x0000000735c00000| PB 0x0000000735c00000| Untracked 
| 311|0x0000000735e00000, 0x0000000735e00000, 0x0000000736000000|  0%| F|  |TAMS 0x0000000735e00000| PB 0x0000000735e00000| Untracked 
| 312|0x0000000736000000, 0x0000000736000000, 0x0000000736200000|  0%| F|  |TAMS 0x0000000736000000| PB 0x0000000736000000| Untracked 
| 313|0x0000000736200000, 0x0000000736200000, 0x0000000736400000|  0%| F|  |TAMS 0x0000000736200000| PB 0x0000000736200000| Untracked 
| 314|0x0000000736400000, 0x0000000736400000, 0x0000000736600000|  0%| F|  |TAMS 0x0000000736400000| PB 0x0000000736400000| Untracked 
| 315|0x0000000736600000, 0x0000000736600000, 0x0000000736800000|  0%| F|  |TAMS 0x0000000736600000| PB 0x0000000736600000| Untracked 
| 316|0x0000000736800000, 0x0000000736800000, 0x0000000736a00000|  0%| F|  |TAMS 0x0000000736800000| PB 0x0000000736800000| Untracked 
| 317|0x0000000736a00000, 0x0000000736a00000, 0x0000000736c00000|  0%| F|  |TAMS 0x0000000736a00000| PB 0x0000000736a00000| Untracked 
| 318|0x0000000736c00000, 0x0000000736c00000, 0x0000000736e00000|  0%| F|  |TAMS 0x0000000736c00000| PB 0x0000000736c00000| Untracked 
| 319|0x0000000736e00000, 0x0000000736e00000, 0x0000000737000000|  0%| F|  |TAMS 0x0000000736e00000| PB 0x0000000736e00000| Untracked 
| 320|0x0000000737000000, 0x0000000737000000, 0x0000000737200000|  0%| F|  |TAMS 0x0000000737000000| PB 0x0000000737000000| Untracked 
| 321|0x0000000737200000, 0x0000000737200000, 0x0000000737400000|  0%| F|  |TAMS 0x0000000737200000| PB 0x0000000737200000| Untracked 
| 322|0x0000000737400000, 0x0000000737400000, 0x0000000737600000|  0%| F|  |TAMS 0x0000000737400000| PB 0x0000000737400000| Untracked 
| 323|0x0000000737600000, 0x0000000737600000, 0x0000000737800000|  0%| F|  |TAMS 0x0000000737600000| PB 0x0000000737600000| Untracked 
| 324|0x0000000737800000, 0x0000000737800000, 0x0000000737a00000|  0%| F|  |TAMS 0x0000000737800000| PB 0x0000000737800000| Untracked 
| 325|0x0000000737a00000, 0x0000000737a00000, 0x0000000737c00000|  0%| F|  |TAMS 0x0000000737a00000| PB 0x0000000737a00000| Untracked 
| 326|0x0000000737c00000, 0x0000000737c00000, 0x0000000737e00000|  0%| F|  |TAMS 0x0000000737c00000| PB 0x0000000737c00000| Untracked 
| 327|0x0000000737e00000, 0x0000000737e00000, 0x0000000738000000|  0%| F|  |TAMS 0x0000000737e00000| PB 0x0000000737e00000| Untracked 
| 328|0x0000000738000000, 0x0000000738000000, 0x0000000738200000|  0%| F|  |TAMS 0x0000000738000000| PB 0x0000000738000000| Untracked 
| 329|0x0000000738200000, 0x0000000738200000, 0x0000000738400000|  0%| F|  |TAMS 0x0000000738200000| PB 0x0000000738200000| Untracked 
| 330|0x0000000738400000, 0x0000000738400000, 0x0000000738600000|  0%| F|  |TAMS 0x0000000738400000| PB 0x0000000738400000| Untracked 
| 331|0x0000000738600000, 0x0000000738600000, 0x0000000738800000|  0%| F|  |TAMS 0x0000000738600000| PB 0x0000000738600000| Untracked 
| 332|0x0000000738800000, 0x0000000738800000, 0x0000000738a00000|  0%| F|  |TAMS 0x0000000738800000| PB 0x0000000738800000| Untracked 
| 333|0x0000000738a00000, 0x0000000738a00000, 0x0000000738c00000|  0%| F|  |TAMS 0x0000000738a00000| PB 0x0000000738a00000| Untracked 
| 334|0x0000000738c00000, 0x0000000738c00000, 0x0000000738e00000|  0%| F|  |TAMS 0x0000000738c00000| PB 0x0000000738c00000| Untracked 
| 335|0x0000000738e00000, 0x0000000738e00000, 0x0000000739000000|  0%| F|  |TAMS 0x0000000738e00000| PB 0x0000000738e00000| Untracked 
| 336|0x0000000739000000, 0x0000000739000000, 0x0000000739200000|  0%| F|  |TAMS 0x0000000739000000| PB 0x0000000739000000| Untracked 
| 337|0x0000000739200000, 0x0000000739200000, 0x0000000739400000|  0%| F|  |TAMS 0x0000000739200000| PB 0x0000000739200000| Untracked 
| 338|0x0000000739400000, 0x0000000739400000, 0x0000000739600000|  0%| F|  |TAMS 0x0000000739400000| PB 0x0000000739400000| Untracked 
| 339|0x0000000739600000, 0x0000000739600000, 0x0000000739800000|  0%| F|  |TAMS 0x0000000739600000| PB 0x0000000739600000| Untracked 
| 340|0x0000000739800000, 0x0000000739800000, 0x0000000739a00000|  0%| F|  |TAMS 0x0000000739800000| PB 0x0000000739800000| Untracked 
| 341|0x0000000739a00000, 0x0000000739a00000, 0x0000000739c00000|  0%| F|  |TAMS 0x0000000739a00000| PB 0x0000000739a00000| Untracked 
| 342|0x0000000739c00000, 0x0000000739c00000, 0x0000000739e00000|  0%| F|  |TAMS 0x0000000739c00000| PB 0x0000000739c00000| Untracked 
| 343|0x0000000739e00000, 0x0000000739e00000, 0x000000073a000000|  0%| F|  |TAMS 0x0000000739e00000| PB 0x0000000739e00000| Untracked 
| 344|0x000000073a000000, 0x000000073a000000, 0x000000073a200000|  0%| F|  |TAMS 0x000000073a000000| PB 0x000000073a000000| Untracked 
| 345|0x000000073a200000, 0x000000073a200000, 0x000000073a400000|  0%| F|  |TAMS 0x000000073a200000| PB 0x000000073a200000| Untracked 
| 346|0x000000073a400000, 0x000000073a400000, 0x000000073a600000|  0%| F|  |TAMS 0x000000073a400000| PB 0x000000073a400000| Untracked 
| 347|0x000000073a600000, 0x000000073a600000, 0x000000073a800000|  0%| F|  |TAMS 0x000000073a600000| PB 0x000000073a600000| Untracked 
| 348|0x000000073a800000, 0x000000073a800000, 0x000000073aa00000|  0%| F|  |TAMS 0x000000073a800000| PB 0x000000073a800000| Untracked 
| 349|0x000000073aa00000, 0x000000073aa00000, 0x000000073ac00000|  0%| F|  |TAMS 0x000000073aa00000| PB 0x000000073aa00000| Untracked 
| 350|0x000000073ac00000, 0x000000073ac00000, 0x000000073ae00000|  0%| F|  |TAMS 0x000000073ac00000| PB 0x000000073ac00000| Untracked 
| 351|0x000000073ae00000, 0x000000073ae00000, 0x000000073b000000|  0%| F|  |TAMS 0x000000073ae00000| PB 0x000000073ae00000| Untracked 
| 352|0x000000073b000000, 0x000000073b000000, 0x000000073b200000|  0%| F|  |TAMS 0x000000073b000000| PB 0x000000073b000000| Untracked 
| 353|0x000000073b200000, 0x000000073b200000, 0x000000073b400000|  0%| F|  |TAMS 0x000000073b200000| PB 0x000000073b200000| Untracked 
| 354|0x000000073b400000, 0x000000073b400000, 0x000000073b600000|  0%| F|  |TAMS 0x000000073b400000| PB 0x000000073b400000| Untracked 
| 355|0x000000073b600000, 0x000000073b600000, 0x000000073b800000|  0%| F|  |TAMS 0x000000073b600000| PB 0x000000073b600000| Untracked 
| 356|0x000000073b800000, 0x000000073b800000, 0x000000073ba00000|  0%| F|  |TAMS 0x000000073b800000| PB 0x000000073b800000| Untracked 
| 357|0x000000073ba00000, 0x000000073ba00000, 0x000000073bc00000|  0%| F|  |TAMS 0x000000073ba00000| PB 0x000000073ba00000| Untracked 
| 358|0x000000073bc00000, 0x000000073bc00000, 0x000000073be00000|  0%| F|  |TAMS 0x000000073bc00000| PB 0x000000073bc00000| Untracked 
| 359|0x000000073be00000, 0x000000073be00000, 0x000000073c000000|  0%| F|  |TAMS 0x000000073be00000| PB 0x000000073be00000| Untracked 
| 360|0x000000073c000000, 0x000000073c000000, 0x000000073c200000|  0%| F|  |TAMS 0x000000073c000000| PB 0x000000073c000000| Untracked 
| 361|0x000000073c200000, 0x000000073c200000, 0x000000073c400000|  0%| F|  |TAMS 0x000000073c200000| PB 0x000000073c200000| Untracked 
| 362|0x000000073c400000, 0x000000073c400000, 0x000000073c600000|  0%| F|  |TAMS 0x000000073c400000| PB 0x000000073c400000| Untracked 
| 363|0x000000073c600000, 0x000000073c600000, 0x000000073c800000|  0%| F|  |TAMS 0x000000073c600000| PB 0x000000073c600000| Untracked 
| 364|0x000000073c800000, 0x000000073c800000, 0x000000073ca00000|  0%| F|  |TAMS 0x000000073c800000| PB 0x000000073c800000| Untracked 
| 365|0x000000073ca00000, 0x000000073ca00000, 0x000000073cc00000|  0%| F|  |TAMS 0x000000073ca00000| PB 0x000000073ca00000| Untracked 
| 366|0x000000073cc00000, 0x000000073cc00000, 0x000000073ce00000|  0%| F|  |TAMS 0x000000073cc00000| PB 0x000000073cc00000| Untracked 
| 367|0x000000073ce00000, 0x000000073ce00000, 0x000000073d000000|  0%| F|  |TAMS 0x000000073ce00000| PB 0x000000073ce00000| Untracked 
| 368|0x000000073d000000, 0x000000073d000000, 0x000000073d200000|  0%| F|  |TAMS 0x000000073d000000| PB 0x000000073d000000| Untracked 
| 369|0x000000073d200000, 0x000000073d200000, 0x000000073d400000|  0%| F|  |TAMS 0x000000073d200000| PB 0x000000073d200000| Untracked 
| 370|0x000000073d400000, 0x000000073d400000, 0x000000073d600000|  0%| F|  |TAMS 0x000000073d400000| PB 0x000000073d400000| Untracked 
| 371|0x000000073d600000, 0x000000073d600000, 0x000000073d800000|  0%| F|  |TAMS 0x000000073d600000| PB 0x000000073d600000| Untracked 
| 372|0x000000073d800000, 0x000000073d800000, 0x000000073da00000|  0%| F|  |TAMS 0x000000073d800000| PB 0x000000073d800000| Untracked 
| 373|0x000000073da00000, 0x000000073da00000, 0x000000073dc00000|  0%| F|  |TAMS 0x000000073da00000| PB 0x000000073da00000| Untracked 
| 374|0x000000073dc00000, 0x000000073dc00000, 0x000000073de00000|  0%| F|  |TAMS 0x000000073dc00000| PB 0x000000073dc00000| Untracked 
| 375|0x000000073de00000, 0x000000073de00000, 0x000000073e000000|  0%| F|  |TAMS 0x000000073de00000| PB 0x000000073de00000| Untracked 
| 376|0x000000073e000000, 0x000000073e000000, 0x000000073e200000|  0%| F|  |TAMS 0x000000073e000000| PB 0x000000073e000000| Untracked 
| 377|0x000000073e200000, 0x000000073e200000, 0x000000073e400000|  0%| F|  |TAMS 0x000000073e200000| PB 0x000000073e200000| Untracked 
| 378|0x000000073e400000, 0x000000073e400000, 0x000000073e600000|  0%| F|  |TAMS 0x000000073e400000| PB 0x000000073e400000| Untracked 
| 379|0x000000073e600000, 0x000000073e600000, 0x000000073e800000|  0%| F|  |TAMS 0x000000073e600000| PB 0x000000073e600000| Untracked 
| 380|0x000000073e800000, 0x000000073e800000, 0x000000073ea00000|  0%| F|  |TAMS 0x000000073e800000| PB 0x000000073e800000| Untracked 
| 381|0x000000073ea00000, 0x000000073ea00000, 0x000000073ec00000|  0%| F|  |TAMS 0x000000073ea00000| PB 0x000000073ea00000| Untracked 
| 382|0x000000073ec00000, 0x000000073ec00000, 0x000000073ee00000|  0%| F|  |TAMS 0x000000073ec00000| PB 0x000000073ec00000| Untracked 
| 383|0x000000073ee00000, 0x000000073ee00000, 0x000000073f000000|  0%| F|  |TAMS 0x000000073ee00000| PB 0x000000073ee00000| Untracked 
| 384|0x000000073f000000, 0x000000073f000000, 0x000000073f200000|  0%| F|  |TAMS 0x000000073f000000| PB 0x000000073f000000| Untracked 
| 385|0x000000073f200000, 0x000000073f200000, 0x000000073f400000|  0%| F|  |TAMS 0x000000073f200000| PB 0x000000073f200000| Untracked 
| 386|0x000000073f400000, 0x000000073f400000, 0x000000073f600000|  0%| F|  |TAMS 0x000000073f400000| PB 0x000000073f400000| Untracked 
| 387|0x000000073f600000, 0x000000073f600000, 0x000000073f800000|  0%| F|  |TAMS 0x000000073f600000| PB 0x000000073f600000| Untracked 
| 388|0x000000073f800000, 0x000000073f800000, 0x000000073fa00000|  0%| F|  |TAMS 0x000000073f800000| PB 0x000000073f800000| Untracked 
| 389|0x000000073fa00000, 0x000000073fa00000, 0x000000073fc00000|  0%| F|  |TAMS 0x000000073fa00000| PB 0x000000073fa00000| Untracked 
| 390|0x000000073fc00000, 0x000000073fc00000, 0x000000073fe00000|  0%| F|  |TAMS 0x000000073fc00000| PB 0x000000073fc00000| Untracked 
| 391|0x000000073fe00000, 0x000000073fe00000, 0x0000000740000000|  0%| F|  |TAMS 0x000000073fe00000| PB 0x000000073fe00000| Untracked 
| 392|0x0000000740000000, 0x0000000740000000, 0x0000000740200000|  0%| F|  |TAMS 0x0000000740000000| PB 0x0000000740000000| Untracked 
| 393|0x0000000740200000, 0x0000000740200000, 0x0000000740400000|  0%| F|  |TAMS 0x0000000740200000| PB 0x0000000740200000| Untracked 
| 394|0x0000000740400000, 0x0000000740400000, 0x0000000740600000|  0%| F|  |TAMS 0x0000000740400000| PB 0x0000000740400000| Untracked 
| 395|0x0000000740600000, 0x0000000740600000, 0x0000000740800000|  0%| F|  |TAMS 0x0000000740600000| PB 0x0000000740600000| Untracked 
| 396|0x0000000740800000, 0x0000000740800000, 0x0000000740a00000|  0%| F|  |TAMS 0x0000000740800000| PB 0x0000000740800000| Untracked 
| 397|0x0000000740a00000, 0x0000000740a00000, 0x0000000740c00000|  0%| F|  |TAMS 0x0000000740a00000| PB 0x0000000740a00000| Untracked 
| 398|0x0000000740c00000, 0x0000000740c00000, 0x0000000740e00000|  0%| F|  |TAMS 0x0000000740c00000| PB 0x0000000740c00000| Untracked 
| 399|0x0000000740e00000, 0x0000000740e00000, 0x0000000741000000|  0%| F|  |TAMS 0x0000000740e00000| PB 0x0000000740e00000| Untracked 
| 400|0x0000000741000000, 0x0000000741000000, 0x0000000741200000|  0%| F|  |TAMS 0x0000000741000000| PB 0x0000000741000000| Untracked 
| 401|0x0000000741200000, 0x0000000741200000, 0x0000000741400000|  0%| F|  |TAMS 0x0000000741200000| PB 0x0000000741200000| Untracked 
| 402|0x0000000741400000, 0x0000000741400000, 0x0000000741600000|  0%| F|  |TAMS 0x0000000741400000| PB 0x0000000741400000| Untracked 
| 403|0x0000000741600000, 0x0000000741600000, 0x0000000741800000|  0%| F|  |TAMS 0x0000000741600000| PB 0x0000000741600000| Untracked 
| 404|0x0000000741800000, 0x0000000741800000, 0x0000000741a00000|  0%| F|  |TAMS 0x0000000741800000| PB 0x0000000741800000| Untracked 
| 405|0x0000000741a00000, 0x0000000741a00000, 0x0000000741c00000|  0%| F|  |TAMS 0x0000000741a00000| PB 0x0000000741a00000| Untracked 
| 406|0x0000000741c00000, 0x0000000741c00000, 0x0000000741e00000|  0%| F|  |TAMS 0x0000000741c00000| PB 0x0000000741c00000| Untracked 
| 407|0x0000000741e00000, 0x0000000741e00000, 0x0000000742000000|  0%| F|  |TAMS 0x0000000741e00000| PB 0x0000000741e00000| Untracked 
| 408|0x0000000742000000, 0x0000000742000000, 0x0000000742200000|  0%| F|  |TAMS 0x0000000742000000| PB 0x0000000742000000| Untracked 
| 409|0x0000000742200000, 0x0000000742200000, 0x0000000742400000|  0%| F|  |TAMS 0x0000000742200000| PB 0x0000000742200000| Untracked 
| 410|0x0000000742400000, 0x0000000742400000, 0x0000000742600000|  0%| F|  |TAMS 0x0000000742400000| PB 0x0000000742400000| Untracked 
| 411|0x0000000742600000, 0x0000000742600000, 0x0000000742800000|  0%| F|  |TAMS 0x0000000742600000| PB 0x0000000742600000| Untracked 
| 412|0x0000000742800000, 0x0000000742800000, 0x0000000742a00000|  0%| F|  |TAMS 0x0000000742800000| PB 0x0000000742800000| Untracked 
| 413|0x0000000742a00000, 0x0000000742a00000, 0x0000000742c00000|  0%| F|  |TAMS 0x0000000742a00000| PB 0x0000000742a00000| Untracked 
| 414|0x0000000742c00000, 0x0000000742c00000, 0x0000000742e00000|  0%| F|  |TAMS 0x0000000742c00000| PB 0x0000000742c00000| Untracked 
| 415|0x0000000742e00000, 0x0000000742e00000, 0x0000000743000000|  0%| F|  |TAMS 0x0000000742e00000| PB 0x0000000742e00000| Untracked 
| 416|0x0000000743000000, 0x0000000743000000, 0x0000000743200000|  0%| F|  |TAMS 0x0000000743000000| PB 0x0000000743000000| Untracked 
| 417|0x0000000743200000, 0x0000000743200000, 0x0000000743400000|  0%| F|  |TAMS 0x0000000743200000| PB 0x0000000743200000| Untracked 
| 418|0x0000000743400000, 0x0000000743400000, 0x0000000743600000|  0%| F|  |TAMS 0x0000000743400000| PB 0x0000000743400000| Untracked 
| 419|0x0000000743600000, 0x0000000743600000, 0x0000000743800000|  0%| F|  |TAMS 0x0000000743600000| PB 0x0000000743600000| Untracked 
| 420|0x0000000743800000, 0x0000000743800000, 0x0000000743a00000|  0%| F|  |TAMS 0x0000000743800000| PB 0x0000000743800000| Untracked 
| 421|0x0000000743a00000, 0x0000000743a00000, 0x0000000743c00000|  0%| F|  |TAMS 0x0000000743a00000| PB 0x0000000743a00000| Untracked 
| 422|0x0000000743c00000, 0x0000000743c00000, 0x0000000743e00000|  0%| F|  |TAMS 0x0000000743c00000| PB 0x0000000743c00000| Untracked 
| 423|0x0000000743e00000, 0x0000000743e00000, 0x0000000744000000|  0%| F|  |TAMS 0x0000000743e00000| PB 0x0000000743e00000| Untracked 
| 424|0x0000000744000000, 0x0000000744000000, 0x0000000744200000|  0%| F|  |TAMS 0x0000000744000000| PB 0x0000000744000000| Untracked 
| 425|0x0000000744200000, 0x0000000744200000, 0x0000000744400000|  0%| F|  |TAMS 0x0000000744200000| PB 0x0000000744200000| Untracked 
| 426|0x0000000744400000, 0x0000000744400000, 0x0000000744600000|  0%| F|  |TAMS 0x0000000744400000| PB 0x0000000744400000| Untracked 
| 427|0x0000000744600000, 0x0000000744600000, 0x0000000744800000|  0%| F|  |TAMS 0x0000000744600000| PB 0x0000000744600000| Untracked 
| 428|0x0000000744800000, 0x0000000744800000, 0x0000000744a00000|  0%| F|  |TAMS 0x0000000744800000| PB 0x0000000744800000| Untracked 
| 429|0x0000000744a00000, 0x0000000744a00000, 0x0000000744c00000|  0%| F|  |TAMS 0x0000000744a00000| PB 0x0000000744a00000| Untracked 
| 430|0x0000000744c00000, 0x0000000744c00000, 0x0000000744e00000|  0%| F|  |TAMS 0x0000000744c00000| PB 0x0000000744c00000| Untracked 
| 431|0x0000000744e00000, 0x0000000744e00000, 0x0000000745000000|  0%| F|  |TAMS 0x0000000744e00000| PB 0x0000000744e00000| Untracked 
| 432|0x0000000745000000, 0x0000000745000000, 0x0000000745200000|  0%| F|  |TAMS 0x0000000745000000| PB 0x0000000745000000| Untracked 
| 433|0x0000000745200000, 0x0000000745200000, 0x0000000745400000|  0%| F|  |TAMS 0x0000000745200000| PB 0x0000000745200000| Untracked 
| 434|0x0000000745400000, 0x0000000745400000, 0x0000000745600000|  0%| F|  |TAMS 0x0000000745400000| PB 0x0000000745400000| Untracked 
| 435|0x0000000745600000, 0x0000000745600000, 0x0000000745800000|  0%| F|  |TAMS 0x0000000745600000| PB 0x0000000745600000| Untracked 
| 436|0x0000000745800000, 0x0000000745800000, 0x0000000745a00000|  0%| F|  |TAMS 0x0000000745800000| PB 0x0000000745800000| Untracked 
| 437|0x0000000745a00000, 0x0000000745a00000, 0x0000000745c00000|  0%| F|  |TAMS 0x0000000745a00000| PB 0x0000000745a00000| Untracked 
| 438|0x0000000745c00000, 0x0000000745c00000, 0x0000000745e00000|  0%| F|  |TAMS 0x0000000745c00000| PB 0x0000000745c00000| Untracked 
| 439|0x0000000745e00000, 0x0000000745e00000, 0x0000000746000000|  0%| F|  |TAMS 0x0000000745e00000| PB 0x0000000745e00000| Untracked 
| 440|0x0000000746000000, 0x0000000746000000, 0x0000000746200000|  0%| F|  |TAMS 0x0000000746000000| PB 0x0000000746000000| Untracked 
| 441|0x0000000746200000, 0x0000000746200000, 0x0000000746400000|  0%| F|  |TAMS 0x0000000746200000| PB 0x0000000746200000| Untracked 
| 442|0x0000000746400000, 0x0000000746400000, 0x0000000746600000|  0%| F|  |TAMS 0x0000000746400000| PB 0x0000000746400000| Untracked 
| 443|0x0000000746600000, 0x0000000746600000, 0x0000000746800000|  0%| F|  |TAMS 0x0000000746600000| PB 0x0000000746600000| Untracked 
| 444|0x0000000746800000, 0x0000000746800000, 0x0000000746a00000|  0%| F|  |TAMS 0x0000000746800000| PB 0x0000000746800000| Untracked 
| 445|0x0000000746a00000, 0x0000000746a00000, 0x0000000746c00000|  0%| F|  |TAMS 0x0000000746a00000| PB 0x0000000746a00000| Untracked 
| 446|0x0000000746c00000, 0x0000000746c00000, 0x0000000746e00000|  0%| F|  |TAMS 0x0000000746c00000| PB 0x0000000746c00000| Untracked 
| 447|0x0000000746e00000, 0x0000000746e00000, 0x0000000747000000|  0%| F|  |TAMS 0x0000000746e00000| PB 0x0000000746e00000| Untracked 
| 448|0x0000000747000000, 0x0000000747000000, 0x0000000747200000|  0%| F|  |TAMS 0x0000000747000000| PB 0x0000000747000000| Untracked 
| 449|0x0000000747200000, 0x0000000747200000, 0x0000000747400000|  0%| F|  |TAMS 0x0000000747200000| PB 0x0000000747200000| Untracked 
| 450|0x0000000747400000, 0x0000000747400000, 0x0000000747600000|  0%| F|  |TAMS 0x0000000747400000| PB 0x0000000747400000| Untracked 
| 451|0x0000000747600000, 0x0000000747600000, 0x0000000747800000|  0%| F|  |TAMS 0x0000000747600000| PB 0x0000000747600000| Untracked 
| 452|0x0000000747800000, 0x0000000747800000, 0x0000000747a00000|  0%| F|  |TAMS 0x0000000747800000| PB 0x0000000747800000| Untracked 
| 453|0x0000000747a00000, 0x0000000747a00000, 0x0000000747c00000|  0%| F|  |TAMS 0x0000000747a00000| PB 0x0000000747a00000| Untracked 
| 454|0x0000000747c00000, 0x0000000747c00000, 0x0000000747e00000|  0%| F|  |TAMS 0x0000000747c00000| PB 0x0000000747c00000| Untracked 
| 455|0x0000000747e00000, 0x0000000747e00000, 0x0000000748000000|  0%| F|  |TAMS 0x0000000747e00000| PB 0x0000000747e00000| Untracked 
| 456|0x0000000748000000, 0x0000000748000000, 0x0000000748200000|  0%| F|  |TAMS 0x0000000748000000| PB 0x0000000748000000| Untracked 
| 457|0x0000000748200000, 0x0000000748200000, 0x0000000748400000|  0%| F|  |TAMS 0x0000000748200000| PB 0x0000000748200000| Untracked 
| 458|0x0000000748400000, 0x0000000748400000, 0x0000000748600000|  0%| F|  |TAMS 0x0000000748400000| PB 0x0000000748400000| Untracked 
| 459|0x0000000748600000, 0x0000000748600000, 0x0000000748800000|  0%| F|  |TAMS 0x0000000748600000| PB 0x0000000748600000| Untracked 
| 460|0x0000000748800000, 0x0000000748800000, 0x0000000748a00000|  0%| F|  |TAMS 0x0000000748800000| PB 0x0000000748800000| Untracked 
| 461|0x0000000748a00000, 0x0000000748a00000, 0x0000000748c00000|  0%| F|  |TAMS 0x0000000748a00000| PB 0x0000000748a00000| Untracked 
| 462|0x0000000748c00000, 0x0000000748c00000, 0x0000000748e00000|  0%| F|  |TAMS 0x0000000748c00000| PB 0x0000000748c00000| Untracked 
| 463|0x0000000748e00000, 0x0000000748e00000, 0x0000000749000000|  0%| F|  |TAMS 0x0000000748e00000| PB 0x0000000748e00000| Untracked 
| 464|0x0000000749000000, 0x0000000749000000, 0x0000000749200000|  0%| F|  |TAMS 0x0000000749000000| PB 0x0000000749000000| Untracked 
| 465|0x0000000749200000, 0x0000000749200000, 0x0000000749400000|  0%| F|  |TAMS 0x0000000749200000| PB 0x0000000749200000| Untracked 
| 466|0x0000000749400000, 0x0000000749400000, 0x0000000749600000|  0%| F|  |TAMS 0x0000000749400000| PB 0x0000000749400000| Untracked 
| 467|0x0000000749600000, 0x0000000749600000, 0x0000000749800000|  0%| F|  |TAMS 0x0000000749600000| PB 0x0000000749600000| Untracked 
| 468|0x0000000749800000, 0x0000000749800000, 0x0000000749a00000|  0%| F|  |TAMS 0x0000000749800000| PB 0x0000000749800000| Untracked 
| 469|0x0000000749a00000, 0x0000000749a00000, 0x0000000749c00000|  0%| F|  |TAMS 0x0000000749a00000| PB 0x0000000749a00000| Untracked 
| 470|0x0000000749c00000, 0x0000000749c00000, 0x0000000749e00000|  0%| F|  |TAMS 0x0000000749c00000| PB 0x0000000749c00000| Untracked 
| 471|0x0000000749e00000, 0x0000000749e00000, 0x000000074a000000|  0%| F|  |TAMS 0x0000000749e00000| PB 0x0000000749e00000| Untracked 
| 472|0x000000074a000000, 0x000000074a000000, 0x000000074a200000|  0%| F|  |TAMS 0x000000074a000000| PB 0x000000074a000000| Untracked 
| 473|0x000000074a200000, 0x000000074a200000, 0x000000074a400000|  0%| F|  |TAMS 0x000000074a200000| PB 0x000000074a200000| Untracked 
| 474|0x000000074a400000, 0x000000074a400000, 0x000000074a600000|  0%| F|  |TAMS 0x000000074a400000| PB 0x000000074a400000| Untracked 
| 475|0x000000074a600000, 0x000000074a600000, 0x000000074a800000|  0%| F|  |TAMS 0x000000074a600000| PB 0x000000074a600000| Untracked 
| 476|0x000000074a800000, 0x000000074a800000, 0x000000074aa00000|  0%| F|  |TAMS 0x000000074a800000| PB 0x000000074a800000| Untracked 
| 477|0x000000074aa00000, 0x000000074aa00000, 0x000000074ac00000|  0%| F|  |TAMS 0x000000074aa00000| PB 0x000000074aa00000| Untracked 
| 478|0x000000074ac00000, 0x000000074ac00000, 0x000000074ae00000|  0%| F|  |TAMS 0x000000074ac00000| PB 0x000000074ac00000| Untracked 
| 479|0x000000074ae00000, 0x000000074ae00000, 0x000000074b000000|  0%| F|  |TAMS 0x000000074ae00000| PB 0x000000074ae00000| Untracked 
| 480|0x000000074b000000, 0x000000074b000000, 0x000000074b200000|  0%| F|  |TAMS 0x000000074b000000| PB 0x000000074b000000| Untracked 
| 481|0x000000074b200000, 0x000000074b200000, 0x000000074b400000|  0%| F|  |TAMS 0x000000074b200000| PB 0x000000074b200000| Untracked 
| 482|0x000000074b400000, 0x000000074b400000, 0x000000074b600000|  0%| F|  |TAMS 0x000000074b400000| PB 0x000000074b400000| Untracked 
| 483|0x000000074b600000, 0x000000074b600000, 0x000000074b800000|  0%| F|  |TAMS 0x000000074b600000| PB 0x000000074b600000| Untracked 
| 484|0x000000074b800000, 0x000000074b800000, 0x000000074ba00000|  0%| F|  |TAMS 0x000000074b800000| PB 0x000000074b800000| Untracked 
| 485|0x000000074ba00000, 0x000000074ba00000, 0x000000074bc00000|  0%| F|  |TAMS 0x000000074ba00000| PB 0x000000074ba00000| Untracked 
| 486|0x000000074bc00000, 0x000000074bc00000, 0x000000074be00000|  0%| F|  |TAMS 0x000000074bc00000| PB 0x000000074bc00000| Untracked 
| 487|0x000000074be00000, 0x000000074be00000, 0x000000074c000000|  0%| F|  |TAMS 0x000000074be00000| PB 0x000000074be00000| Untracked 
| 488|0x000000074c000000, 0x000000074c000000, 0x000000074c200000|  0%| F|  |TAMS 0x000000074c000000| PB 0x000000074c000000| Untracked 
| 489|0x000000074c200000, 0x000000074c200000, 0x000000074c400000|  0%| F|  |TAMS 0x000000074c200000| PB 0x000000074c200000| Untracked 
| 490|0x000000074c400000, 0x000000074c400000, 0x000000074c600000|  0%| F|  |TAMS 0x000000074c400000| PB 0x000000074c400000| Untracked 
| 491|0x000000074c600000, 0x000000074c600000, 0x000000074c800000|  0%| F|  |TAMS 0x000000074c600000| PB 0x000000074c600000| Untracked 
| 492|0x000000074c800000, 0x000000074c800000, 0x000000074ca00000|  0%| F|  |TAMS 0x000000074c800000| PB 0x000000074c800000| Untracked 
| 493|0x000000074ca00000, 0x000000074ca00000, 0x000000074cc00000|  0%| F|  |TAMS 0x000000074ca00000| PB 0x000000074ca00000| Untracked 
| 494|0x000000074cc00000, 0x000000074cc00000, 0x000000074ce00000|  0%| F|  |TAMS 0x000000074cc00000| PB 0x000000074cc00000| Untracked 
| 495|0x000000074ce00000, 0x000000074ce00000, 0x000000074d000000|  0%| F|  |TAMS 0x000000074ce00000| PB 0x000000074ce00000| Untracked 
| 496|0x000000074d000000, 0x000000074d000000, 0x000000074d200000|  0%| F|  |TAMS 0x000000074d000000| PB 0x000000074d000000| Untracked 
| 497|0x000000074d200000, 0x000000074d200000, 0x000000074d400000|  0%| F|  |TAMS 0x000000074d200000| PB 0x000000074d200000| Untracked 
| 498|0x000000074d400000, 0x000000074d400000, 0x000000074d600000|  0%| F|  |TAMS 0x000000074d400000| PB 0x000000074d400000| Untracked 
| 499|0x000000074d600000, 0x000000074d600000, 0x000000074d800000|  0%| F|  |TAMS 0x000000074d600000| PB 0x000000074d600000| Untracked 
| 500|0x000000074d800000, 0x000000074d800000, 0x000000074da00000|  0%| F|  |TAMS 0x000000074d800000| PB 0x000000074d800000| Untracked 
| 501|0x000000074da00000, 0x000000074da00000, 0x000000074dc00000|  0%| F|  |TAMS 0x000000074da00000| PB 0x000000074da00000| Untracked 
| 502|0x000000074dc00000, 0x000000074dc00000, 0x000000074de00000|  0%| F|  |TAMS 0x000000074dc00000| PB 0x000000074dc00000| Untracked 
| 503|0x000000074de00000, 0x000000074de00000, 0x000000074e000000|  0%| F|  |TAMS 0x000000074de00000| PB 0x000000074de00000| Untracked 
| 504|0x000000074e000000, 0x000000074e000000, 0x000000074e200000|  0%| F|  |TAMS 0x000000074e000000| PB 0x000000074e000000| Untracked 
| 505|0x000000074e200000, 0x000000074e200000, 0x000000074e400000|  0%| F|  |TAMS 0x000000074e200000| PB 0x000000074e200000| Untracked 
| 506|0x000000074e400000, 0x000000074e400000, 0x000000074e600000|  0%| F|  |TAMS 0x000000074e400000| PB 0x000000074e400000| Untracked 
| 507|0x000000074e600000, 0x000000074e600000, 0x000000074e800000|  0%| F|  |TAMS 0x000000074e600000| PB 0x000000074e600000| Untracked 
| 508|0x000000074e800000, 0x000000074e800000, 0x000000074ea00000|  0%| F|  |TAMS 0x000000074e800000| PB 0x000000074e800000| Untracked 
| 509|0x000000074ea00000, 0x000000074ea00000, 0x000000074ec00000|  0%| F|  |TAMS 0x000000074ea00000| PB 0x000000074ea00000| Untracked 
| 510|0x000000074ec00000, 0x000000074ec00000, 0x000000074ee00000|  0%| F|  |TAMS 0x000000074ec00000| PB 0x000000074ec00000| Untracked 
| 511|0x000000074ee00000, 0x000000074ee00000, 0x000000074f000000|  0%| F|  |TAMS 0x000000074ee00000| PB 0x000000074ee00000| Untracked 
| 512|0x000000074f000000, 0x000000074f000000, 0x000000074f200000|  0%| F|  |TAMS 0x000000074f000000| PB 0x000000074f000000| Untracked 
| 513|0x000000074f200000, 0x000000074f200000, 0x000000074f400000|  0%| F|  |TAMS 0x000000074f200000| PB 0x000000074f200000| Untracked 
| 514|0x000000074f400000, 0x000000074f400000, 0x000000074f600000|  0%| F|  |TAMS 0x000000074f400000| PB 0x000000074f400000| Untracked 
| 515|0x000000074f600000, 0x000000074f600000, 0x000000074f800000|  0%| F|  |TAMS 0x000000074f600000| PB 0x000000074f600000| Untracked 
| 516|0x000000074f800000, 0x000000074f800000, 0x000000074fa00000|  0%| F|  |TAMS 0x000000074f800000| PB 0x000000074f800000| Untracked 
| 517|0x000000074fa00000, 0x000000074fa00000, 0x000000074fc00000|  0%| F|  |TAMS 0x000000074fa00000| PB 0x000000074fa00000| Untracked 
| 518|0x000000074fc00000, 0x000000074fc00000, 0x000000074fe00000|  0%| F|  |TAMS 0x000000074fc00000| PB 0x000000074fc00000| Untracked 
| 519|0x000000074fe00000, 0x000000074fe00000, 0x0000000750000000|  0%| F|  |TAMS 0x000000074fe00000| PB 0x000000074fe00000| Untracked 
| 520|0x0000000750000000, 0x0000000750000000, 0x0000000750200000|  0%| F|  |TAMS 0x0000000750000000| PB 0x0000000750000000| Untracked 
| 521|0x0000000750200000, 0x0000000750200000, 0x0000000750400000|  0%| F|  |TAMS 0x0000000750200000| PB 0x0000000750200000| Untracked 
| 522|0x0000000750400000, 0x0000000750400000, 0x0000000750600000|  0%| F|  |TAMS 0x0000000750400000| PB 0x0000000750400000| Untracked 
| 523|0x0000000750600000, 0x0000000750600000, 0x0000000750800000|  0%| F|  |TAMS 0x0000000750600000| PB 0x0000000750600000| Untracked 
| 524|0x0000000750800000, 0x0000000750800000, 0x0000000750a00000|  0%| F|  |TAMS 0x0000000750800000| PB 0x0000000750800000| Untracked 
| 525|0x0000000750a00000, 0x0000000750a00000, 0x0000000750c00000|  0%| F|  |TAMS 0x0000000750a00000| PB 0x0000000750a00000| Untracked 
| 526|0x0000000750c00000, 0x0000000750c00000, 0x0000000750e00000|  0%| F|  |TAMS 0x0000000750c00000| PB 0x0000000750c00000| Untracked 
| 527|0x0000000750e00000, 0x0000000750e00000, 0x0000000751000000|  0%| F|  |TAMS 0x0000000750e00000| PB 0x0000000750e00000| Untracked 
| 528|0x0000000751000000, 0x0000000751000000, 0x0000000751200000|  0%| F|  |TAMS 0x0000000751000000| PB 0x0000000751000000| Untracked 
| 529|0x0000000751200000, 0x0000000751200000, 0x0000000751400000|  0%| F|  |TAMS 0x0000000751200000| PB 0x0000000751200000| Untracked 
| 530|0x0000000751400000, 0x0000000751400000, 0x0000000751600000|  0%| F|  |TAMS 0x0000000751400000| PB 0x0000000751400000| Untracked 
| 531|0x0000000751600000, 0x0000000751600000, 0x0000000751800000|  0%| F|  |TAMS 0x0000000751600000| PB 0x0000000751600000| Untracked 
| 532|0x0000000751800000, 0x0000000751800000, 0x0000000751a00000|  0%| F|  |TAMS 0x0000000751800000| PB 0x0000000751800000| Untracked 
| 533|0x0000000751a00000, 0x0000000751a00000, 0x0000000751c00000|  0%| F|  |TAMS 0x0000000751a00000| PB 0x0000000751a00000| Untracked 
| 534|0x0000000751c00000, 0x0000000751c00000, 0x0000000751e00000|  0%| F|  |TAMS 0x0000000751c00000| PB 0x0000000751c00000| Untracked 
| 535|0x0000000751e00000, 0x0000000751e00000, 0x0000000752000000|  0%| F|  |TAMS 0x0000000751e00000| PB 0x0000000751e00000| Untracked 
| 536|0x0000000752000000, 0x0000000752000000, 0x0000000752200000|  0%| F|  |TAMS 0x0000000752000000| PB 0x0000000752000000| Untracked 
| 537|0x0000000752200000, 0x0000000752200000, 0x0000000752400000|  0%| F|  |TAMS 0x0000000752200000| PB 0x0000000752200000| Untracked 
| 538|0x0000000752400000, 0x0000000752400000, 0x0000000752600000|  0%| F|  |TAMS 0x0000000752400000| PB 0x0000000752400000| Untracked 
| 539|0x0000000752600000, 0x0000000752600000, 0x0000000752800000|  0%| F|  |TAMS 0x0000000752600000| PB 0x0000000752600000| Untracked 
| 540|0x0000000752800000, 0x0000000752800000, 0x0000000752a00000|  0%| F|  |TAMS 0x0000000752800000| PB 0x0000000752800000| Untracked 
| 541|0x0000000752a00000, 0x0000000752a00000, 0x0000000752c00000|  0%| F|  |TAMS 0x0000000752a00000| PB 0x0000000752a00000| Untracked 
| 542|0x0000000752c00000, 0x0000000752c00000, 0x0000000752e00000|  0%| F|  |TAMS 0x0000000752c00000| PB 0x0000000752c00000| Untracked 
| 543|0x0000000752e00000, 0x0000000752e00000, 0x0000000753000000|  0%| F|  |TAMS 0x0000000752e00000| PB 0x0000000752e00000| Untracked 
| 544|0x0000000753000000, 0x0000000753000000, 0x0000000753200000|  0%| F|  |TAMS 0x0000000753000000| PB 0x0000000753000000| Untracked 
| 545|0x0000000753200000, 0x0000000753200000, 0x0000000753400000|  0%| F|  |TAMS 0x0000000753200000| PB 0x0000000753200000| Untracked 
| 546|0x0000000753400000, 0x0000000753400000, 0x0000000753600000|  0%| F|  |TAMS 0x0000000753400000| PB 0x0000000753400000| Untracked 
| 547|0x0000000753600000, 0x0000000753600000, 0x0000000753800000|  0%| F|  |TAMS 0x0000000753600000| PB 0x0000000753600000| Untracked 
| 548|0x0000000753800000, 0x0000000753800000, 0x0000000753a00000|  0%| F|  |TAMS 0x0000000753800000| PB 0x0000000753800000| Untracked 
| 549|0x0000000753a00000, 0x0000000753a00000, 0x0000000753c00000|  0%| F|  |TAMS 0x0000000753a00000| PB 0x0000000753a00000| Untracked 
| 550|0x0000000753c00000, 0x0000000753c00000, 0x0000000753e00000|  0%| F|  |TAMS 0x0000000753c00000| PB 0x0000000753c00000| Untracked 
| 551|0x0000000753e00000, 0x0000000753e00000, 0x0000000754000000|  0%| F|  |TAMS 0x0000000753e00000| PB 0x0000000753e00000| Untracked 
| 552|0x0000000754000000, 0x0000000754000000, 0x0000000754200000|  0%| F|  |TAMS 0x0000000754000000| PB 0x0000000754000000| Untracked 
| 553|0x0000000754200000, 0x0000000754200000, 0x0000000754400000|  0%| F|  |TAMS 0x0000000754200000| PB 0x0000000754200000| Untracked 
| 554|0x0000000754400000, 0x0000000754400000, 0x0000000754600000|  0%| F|  |TAMS 0x0000000754400000| PB 0x0000000754400000| Untracked 
| 555|0x0000000754600000, 0x0000000754600000, 0x0000000754800000|  0%| F|  |TAMS 0x0000000754600000| PB 0x0000000754600000| Untracked 
| 556|0x0000000754800000, 0x0000000754800000, 0x0000000754a00000|  0%| F|  |TAMS 0x0000000754800000| PB 0x0000000754800000| Untracked 
| 557|0x0000000754a00000, 0x0000000754a00000, 0x0000000754c00000|  0%| F|  |TAMS 0x0000000754a00000| PB 0x0000000754a00000| Untracked 
| 558|0x0000000754c00000, 0x0000000754c00000, 0x0000000754e00000|  0%| F|  |TAMS 0x0000000754c00000| PB 0x0000000754c00000| Untracked 
| 559|0x0000000754e00000, 0x0000000754e00000, 0x0000000755000000|  0%| F|  |TAMS 0x0000000754e00000| PB 0x0000000754e00000| Untracked 
| 560|0x0000000755000000, 0x0000000755000000, 0x0000000755200000|  0%| F|  |TAMS 0x0000000755000000| PB 0x0000000755000000| Untracked 
| 561|0x0000000755200000, 0x0000000755200000, 0x0000000755400000|  0%| F|  |TAMS 0x0000000755200000| PB 0x0000000755200000| Untracked 
| 562|0x0000000755400000, 0x0000000755400000, 0x0000000755600000|  0%| F|  |TAMS 0x0000000755400000| PB 0x0000000755400000| Untracked 
| 563|0x0000000755600000, 0x0000000755600000, 0x0000000755800000|  0%| F|  |TAMS 0x0000000755600000| PB 0x0000000755600000| Untracked 
| 564|0x0000000755800000, 0x0000000755800000, 0x0000000755a00000|  0%| F|  |TAMS 0x0000000755800000| PB 0x0000000755800000| Untracked 
| 565|0x0000000755a00000, 0x0000000755a00000, 0x0000000755c00000|  0%| F|  |TAMS 0x0000000755a00000| PB 0x0000000755a00000| Untracked 
| 566|0x0000000755c00000, 0x0000000755c00000, 0x0000000755e00000|  0%| F|  |TAMS 0x0000000755c00000| PB 0x0000000755c00000| Untracked 
| 567|0x0000000755e00000, 0x0000000755e00000, 0x0000000756000000|  0%| F|  |TAMS 0x0000000755e00000| PB 0x0000000755e00000| Untracked 
| 568|0x0000000756000000, 0x0000000756000000, 0x0000000756200000|  0%| F|  |TAMS 0x0000000756000000| PB 0x0000000756000000| Untracked 
| 569|0x0000000756200000, 0x0000000756200000, 0x0000000756400000|  0%| F|  |TAMS 0x0000000756200000| PB 0x0000000756200000| Untracked 
| 570|0x0000000756400000, 0x0000000756400000, 0x0000000756600000|  0%| F|  |TAMS 0x0000000756400000| PB 0x0000000756400000| Untracked 
| 571|0x0000000756600000, 0x0000000756600000, 0x0000000756800000|  0%| F|  |TAMS 0x0000000756600000| PB 0x0000000756600000| Untracked 
| 572|0x0000000756800000, 0x0000000756800000, 0x0000000756a00000|  0%| F|  |TAMS 0x0000000756800000| PB 0x0000000756800000| Untracked 
| 573|0x0000000756a00000, 0x0000000756a00000, 0x0000000756c00000|  0%| F|  |TAMS 0x0000000756a00000| PB 0x0000000756a00000| Untracked 
| 574|0x0000000756c00000, 0x0000000756c00000, 0x0000000756e00000|  0%| F|  |TAMS 0x0000000756c00000| PB 0x0000000756c00000| Untracked 
| 575|0x0000000756e00000, 0x0000000756e00000, 0x0000000757000000|  0%| F|  |TAMS 0x0000000756e00000| PB 0x0000000756e00000| Untracked 
| 576|0x0000000757000000, 0x0000000757000000, 0x0000000757200000|  0%| F|  |TAMS 0x0000000757000000| PB 0x0000000757000000| Untracked 
| 577|0x0000000757200000, 0x0000000757200000, 0x0000000757400000|  0%| F|  |TAMS 0x0000000757200000| PB 0x0000000757200000| Untracked 
| 578|0x0000000757400000, 0x0000000757400000, 0x0000000757600000|  0%| F|  |TAMS 0x0000000757400000| PB 0x0000000757400000| Untracked 
| 579|0x0000000757600000, 0x0000000757600000, 0x0000000757800000|  0%| F|  |TAMS 0x0000000757600000| PB 0x0000000757600000| Untracked 
| 580|0x0000000757800000, 0x0000000757800000, 0x0000000757a00000|  0%| F|  |TAMS 0x0000000757800000| PB 0x0000000757800000| Untracked 
| 581|0x0000000757a00000, 0x0000000757a00000, 0x0000000757c00000|  0%| F|  |TAMS 0x0000000757a00000| PB 0x0000000757a00000| Untracked 
| 582|0x0000000757c00000, 0x0000000757c00000, 0x0000000757e00000|  0%| F|  |TAMS 0x0000000757c00000| PB 0x0000000757c00000| Untracked 
| 583|0x0000000757e00000, 0x0000000757e00000, 0x0000000758000000|  0%| F|  |TAMS 0x0000000757e00000| PB 0x0000000757e00000| Untracked 
| 584|0x0000000758000000, 0x0000000758000000, 0x0000000758200000|  0%| F|  |TAMS 0x0000000758000000| PB 0x0000000758000000| Untracked 
| 585|0x0000000758200000, 0x0000000758200000, 0x0000000758400000|  0%| F|  |TAMS 0x0000000758200000| PB 0x0000000758200000| Untracked 
| 586|0x0000000758400000, 0x0000000758400000, 0x0000000758600000|  0%| F|  |TAMS 0x0000000758400000| PB 0x0000000758400000| Untracked 
| 587|0x0000000758600000, 0x0000000758600000, 0x0000000758800000|  0%| F|  |TAMS 0x0000000758600000| PB 0x0000000758600000| Untracked 
| 588|0x0000000758800000, 0x0000000758800000, 0x0000000758a00000|  0%| F|  |TAMS 0x0000000758800000| PB 0x0000000758800000| Untracked 
| 589|0x0000000758a00000, 0x0000000758a00000, 0x0000000758c00000|  0%| F|  |TAMS 0x0000000758a00000| PB 0x0000000758a00000| Untracked 
| 590|0x0000000758c00000, 0x0000000758c00000, 0x0000000758e00000|  0%| F|  |TAMS 0x0000000758c00000| PB 0x0000000758c00000| Untracked 
| 591|0x0000000758e00000, 0x0000000758e00000, 0x0000000759000000|  0%| F|  |TAMS 0x0000000758e00000| PB 0x0000000758e00000| Untracked 
| 592|0x0000000759000000, 0x0000000759000000, 0x0000000759200000|  0%| F|  |TAMS 0x0000000759000000| PB 0x0000000759000000| Untracked 
| 593|0x0000000759200000, 0x0000000759200000, 0x0000000759400000|  0%| F|  |TAMS 0x0000000759200000| PB 0x0000000759200000| Untracked 
| 594|0x0000000759400000, 0x0000000759400000, 0x0000000759600000|  0%| F|  |TAMS 0x0000000759400000| PB 0x0000000759400000| Untracked 
| 595|0x0000000759600000, 0x0000000759600000, 0x0000000759800000|  0%| F|  |TAMS 0x0000000759600000| PB 0x0000000759600000| Untracked 
| 596|0x0000000759800000, 0x0000000759800000, 0x0000000759a00000|  0%| F|  |TAMS 0x0000000759800000| PB 0x0000000759800000| Untracked 
| 597|0x0000000759a00000, 0x0000000759a00000, 0x0000000759c00000|  0%| F|  |TAMS 0x0000000759a00000| PB 0x0000000759a00000| Untracked 
| 598|0x0000000759c00000, 0x0000000759c00000, 0x0000000759e00000|  0%| F|  |TAMS 0x0000000759c00000| PB 0x0000000759c00000| Untracked 
| 599|0x0000000759e00000, 0x0000000759e00000, 0x000000075a000000|  0%| F|  |TAMS 0x0000000759e00000| PB 0x0000000759e00000| Untracked 
| 600|0x000000075a000000, 0x000000075a000000, 0x000000075a200000|  0%| F|  |TAMS 0x000000075a000000| PB 0x000000075a000000| Untracked 
| 601|0x000000075a200000, 0x000000075a200000, 0x000000075a400000|  0%| F|  |TAMS 0x000000075a200000| PB 0x000000075a200000| Untracked 
| 602|0x000000075a400000, 0x000000075a400000, 0x000000075a600000|  0%| F|  |TAMS 0x000000075a400000| PB 0x000000075a400000| Untracked 
| 603|0x000000075a600000, 0x000000075a600000, 0x000000075a800000|  0%| F|  |TAMS 0x000000075a600000| PB 0x000000075a600000| Untracked 
| 604|0x000000075a800000, 0x000000075a800000, 0x000000075aa00000|  0%| F|  |TAMS 0x000000075a800000| PB 0x000000075a800000| Untracked 
| 605|0x000000075aa00000, 0x000000075aa00000, 0x000000075ac00000|  0%| F|  |TAMS 0x000000075aa00000| PB 0x000000075aa00000| Untracked 
| 606|0x000000075ac00000, 0x000000075ac00000, 0x000000075ae00000|  0%| F|  |TAMS 0x000000075ac00000| PB 0x000000075ac00000| Untracked 
| 607|0x000000075ae00000, 0x000000075ae00000, 0x000000075b000000|  0%| F|  |TAMS 0x000000075ae00000| PB 0x000000075ae00000| Untracked 
| 608|0x000000075b000000, 0x000000075b000000, 0x000000075b200000|  0%| F|  |TAMS 0x000000075b000000| PB 0x000000075b000000| Untracked 
| 609|0x000000075b200000, 0x000000075b200000, 0x000000075b400000|  0%| F|  |TAMS 0x000000075b200000| PB 0x000000075b200000| Untracked 
| 610|0x000000075b400000, 0x000000075b400000, 0x000000075b600000|  0%| F|  |TAMS 0x000000075b400000| PB 0x000000075b400000| Untracked 
| 611|0x000000075b600000, 0x000000075b600000, 0x000000075b800000|  0%| F|  |TAMS 0x000000075b600000| PB 0x000000075b600000| Untracked 
| 612|0x000000075b800000, 0x000000075b800000, 0x000000075ba00000|  0%| F|  |TAMS 0x000000075b800000| PB 0x000000075b800000| Untracked 
| 613|0x000000075ba00000, 0x000000075ba00000, 0x000000075bc00000|  0%| F|  |TAMS 0x000000075ba00000| PB 0x000000075ba00000| Untracked 
| 614|0x000000075bc00000, 0x000000075bc00000, 0x000000075be00000|  0%| F|  |TAMS 0x000000075bc00000| PB 0x000000075bc00000| Untracked 
| 615|0x000000075be00000, 0x000000075be00000, 0x000000075c000000|  0%| F|  |TAMS 0x000000075be00000| PB 0x000000075be00000| Untracked 
| 616|0x000000075c000000, 0x000000075c12ef68, 0x000000075c200000| 59%| E|  |TAMS 0x000000075c000000| PB 0x000000075c000000| Complete 
| 617|0x000000075c200000, 0x000000075c400000, 0x000000075c400000|100%| E|CS|TAMS 0x000000075c200000| PB 0x000000075c200000| Complete 
| 618|0x000000075c400000, 0x000000075c600000, 0x000000075c600000|100%| E|CS|TAMS 0x000000075c400000| PB 0x000000075c400000| Complete 
| 619|0x000000075c600000, 0x000000075c800000, 0x000000075c800000|100%| E|CS|TAMS 0x000000075c600000| PB 0x000000075c600000| Complete 
| 620|0x000000075c800000, 0x000000075ca00000, 0x000000075ca00000|100%| E|CS|TAMS 0x000000075c800000| PB 0x000000075c800000| Complete 
| 621|0x000000075ca00000, 0x000000075cc00000, 0x000000075cc00000|100%| E|CS|TAMS 0x000000075ca00000| PB 0x000000075ca00000| Complete 
| 622|0x000000075cc00000, 0x000000075ce00000, 0x000000075ce00000|100%| E|CS|TAMS 0x000000075cc00000| PB 0x000000075cc00000| Complete 
| 623|0x000000075ce00000, 0x000000075d000000, 0x000000075d000000|100%| E|CS|TAMS 0x000000075ce00000| PB 0x000000075ce00000| Complete 
| 624|0x000000075d000000, 0x000000075d200000, 0x000000075d200000|100%| E|CS|TAMS 0x000000075d000000| PB 0x000000075d000000| Complete 
| 625|0x000000075d200000, 0x000000075d400000, 0x000000075d400000|100%| E|CS|TAMS 0x000000075d200000| PB 0x000000075d200000| Complete 
| 626|0x000000075d400000, 0x000000075d600000, 0x000000075d600000|100%| E|CS|TAMS 0x000000075d400000| PB 0x000000075d400000| Complete 
| 627|0x000000075d600000, 0x000000075d800000, 0x000000075d800000|100%| E|CS|TAMS 0x000000075d600000| PB 0x000000075d600000| Complete 
| 628|0x000000075d800000, 0x000000075da00000, 0x000000075da00000|100%| E|CS|TAMS 0x000000075d800000| PB 0x000000075d800000| Complete 
| 629|0x000000075da00000, 0x000000075dc00000, 0x000000075dc00000|100%| E|CS|TAMS 0x000000075da00000| PB 0x000000075da00000| Complete 
| 630|0x000000075dc00000, 0x000000075de00000, 0x000000075de00000|100%| E|CS|TAMS 0x000000075dc00000| PB 0x000000075dc00000| Complete 
| 631|0x000000075de00000, 0x000000075e000000, 0x000000075e000000|100%| E|CS|TAMS 0x000000075de00000| PB 0x000000075de00000| Complete 
| 632|0x000000075e000000, 0x000000075e200000, 0x000000075e200000|100%| E|CS|TAMS 0x000000075e000000| PB 0x000000075e000000| Complete 
| 633|0x000000075e200000, 0x000000075e400000, 0x000000075e400000|100%| E|CS|TAMS 0x000000075e200000| PB 0x000000075e200000| Complete 
| 634|0x000000075e400000, 0x000000075e600000, 0x000000075e600000|100%| E|CS|TAMS 0x000000075e400000| PB 0x000000075e400000| Complete 
| 635|0x000000075e600000, 0x000000075e800000, 0x000000075e800000|100%| E|CS|TAMS 0x000000075e600000| PB 0x000000075e600000| Complete 
| 636|0x000000075e800000, 0x000000075ea00000, 0x000000075ea00000|100%| E|CS|TAMS 0x000000075e800000| PB 0x000000075e800000| Complete 
| 637|0x000000075ea00000, 0x000000075ec00000, 0x000000075ec00000|100%| E|CS|TAMS 0x000000075ea00000| PB 0x000000075ea00000| Complete 
| 638|0x000000075ec00000, 0x000000075ee00000, 0x000000075ee00000|100%| E|  |TAMS 0x000000075ec00000| PB 0x000000075ec00000| Complete 
| 639|0x000000075ee00000, 0x000000075f000000, 0x000000075f000000|100%| E|CS|TAMS 0x000000075ee00000| PB 0x000000075ee00000| Complete 
| 640|0x000000075f000000, 0x000000075f200000, 0x000000075f200000|100%| E|CS|TAMS 0x000000075f000000| PB 0x000000075f000000| Complete 
| 641|0x000000075f200000, 0x000000075f400000, 0x000000075f400000|100%| E|CS|TAMS 0x000000075f200000| PB 0x000000075f200000| Complete 
| 642|0x000000075f400000, 0x000000075f600000, 0x000000075f600000|100%| E|CS|TAMS 0x000000075f400000| PB 0x000000075f400000| Complete 
| 643|0x000000075f600000, 0x000000075f800000, 0x000000075f800000|100%| E|CS|TAMS 0x000000075f600000| PB 0x000000075f600000| Complete 
| 644|0x000000075f800000, 0x000000075fa00000, 0x000000075fa00000|100%| E|CS|TAMS 0x000000075f800000| PB 0x000000075f800000| Complete 
| 645|0x000000075fa00000, 0x000000075fc00000, 0x000000075fc00000|100%| E|CS|TAMS 0x000000075fa00000| PB 0x000000075fa00000| Complete 
| 646|0x000000075fc00000, 0x000000075fe00000, 0x000000075fe00000|100%| E|CS|TAMS 0x000000075fc00000| PB 0x000000075fc00000| Complete 
| 647|0x000000075fe00000, 0x0000000760000000, 0x0000000760000000|100%| E|CS|TAMS 0x000000075fe00000| PB 0x000000075fe00000| Complete 
| 648|0x0000000760000000, 0x0000000760200000, 0x0000000760200000|100%| E|CS|TAMS 0x0000000760000000| PB 0x0000000760000000| Complete 
| 649|0x0000000760200000, 0x0000000760400000, 0x0000000760400000|100%| E|CS|TAMS 0x0000000760200000| PB 0x0000000760200000| Complete 
| 650|0x0000000760400000, 0x0000000760600000, 0x0000000760600000|100%| E|CS|TAMS 0x0000000760400000| PB 0x0000000760400000| Complete 
|1927|0x00000007ffe00000, 0x00000007fff0c620, 0x0000000800000000| 52%| O|  |TAMS 0x00000007ffe00000| PB 0x00000007ffe00000| Untracked 

Card table byte_map: [0x00007a7bfeaea000,0x00007a7bff272000] _byte_map_base: 0x00007a7bfb272000

Marking Bits: (CMBitMap*) 0x00007a7c180973a0
 Bits: [0x00007a7bfaeaa000, 0x00007a7bfeaea000)

Polling page: 0x00007a7c1e261000

Metaspace:

Usage:
  Non-class:     41.59 MB used.
      Class:      5.62 MB used.
       Both:     47.21 MB used.

Virtual space:
  Non-class space:       64.00 MB reserved,      41.88 MB ( 65%) committed,  1 nodes.
      Class space:        1.00 GB reserved,       5.88 MB ( <1%) committed,  1 nodes.
             Both:        1.06 GB reserved,      47.75 MB (  4%) committed. 

Chunk freelists:
   Non-Class:  6.06 MB
       Class:  10.03 MB
        Both:  16.10 MB

MaxMetaspaceSize: unlimited
CompressedClassSpaceSize: 1.00 GB
Initial GC threshold: 21.00 MB
Current GC threshold: 59.38 MB
CDS: on
 - commit_granule_bytes: 65536.
 - commit_granule_words: 8192.
 - virtual_space_node_default_size: 8388608.
 - enlarge_chunks_in_place: 1.
 - use_allocation_guard: 0.


Internal statistics:

num_allocs_failed_limit: 11.
num_arena_births: 704.
num_arena_deaths: 0.
num_vsnodes_births: 2.
num_vsnodes_deaths: 0.
num_space_committed: 761.
num_space_uncommitted: 0.
num_chunks_returned_to_freelist: 11.
num_chunks_taken_from_freelist: 2189.
num_chunk_merges: 11.
num_chunk_splits: 1594.
num_chunks_enlarged: 1264.
num_inconsistent_stats: 0.

CodeHeap 'non-profiled nmethods': size=120028Kb used=1885Kb max_used=1885Kb free=118142Kb
 bounds [0x00007a7c07ac9000, 0x00007a7c07d39000, 0x00007a7c0f000000]
CodeHeap 'profiled nmethods': size=120028Kb used=5378Kb max_used=5378Kb free=114649Kb
 bounds [0x00007a7c00000000, 0x00007a7c00550000, 0x00007a7c07537000]
CodeHeap 'non-nmethods': size=5704Kb used=2749Kb max_used=2771Kb free=2955Kb
 bounds [0x00007a7c07537000, 0x00007a7c077f7000, 0x00007a7c07ac9000]
CodeCache: size=245760Kb, used=10012Kb, max_used=10034Kb, free=235746Kb
 total_blobs=4786, nmethods=3186, adapters=1505, full_count=0
Compilation: enabled, stopped_count=0, restarted_count=0

Compilation events (20 events):
Event: 9.327 Thread 0x00007a7c1817eb60 3422       4       kotlinx.coroutines.scheduling.CoroutineScheduler$Worker::findAnyTask (115 bytes)
Event: 9.327 Thread 0x00007a7c18180220 nmethod 3415 0x00007a7c0053c010 code [0x00007a7c0053c2e0, 0x00007a7c0053d218]
Event: 9.327 Thread 0x00007a7c18180220 3428       3       jdk.internal.util.ArraysSupport::mismatch (103 bytes)
Event: 9.328 Thread 0x00007a7c18180220 nmethod 3428 0x00007a7c0053d890 code [0x00007a7c0053da60, 0x00007a7c0053de68]
Event: 9.328 Thread 0x00007a7c18180220 3418       3       kotlinx.coroutines.internal.Segment::onSlotCleaned (19 bytes)
Event: 9.328 Thread 0x00007a7c18180220 nmethod 3418 0x00007a7c0053e090 code [0x00007a7c0053e260, 0x00007a7c0053e5a0]
Event: 9.328 Thread 0x00007a7c18180220 3420       3       kotlinx.coroutines.internal.Segment::getCleanedAndPointers$volatile$FU (4 bytes)
Event: 9.328 Thread 0x00007a7c18180220 nmethod 3420 0x00007a7c0053e710 code [0x00007a7c0053e8a0, 0x00007a7c0053e990]
Event: 9.328 Thread 0x00007a7c18180220 3421       3       kotlinx.coroutines.channels.ChannelSegment::getNumberOfSlots (4 bytes)
Event: 9.328 Thread 0x00007a7c18180220 nmethod 3421 0x00007a7c0053ea10 code [0x00007a7c0053eba0, 0x00007a7c0053eca8]
Event: 9.328 Thread 0x00007a7c18180220 3412       3       kotlin.ResultKt::createFailure (15 bytes)
Event: 9.328 Thread 0x00007a7c18180220 nmethod 3412 0x00007a7c0053ed10 code [0x00007a7c0053efa0, 0x00007a7c0053fb08]
Event: 9.328 Thread 0x00007a7c18180220 3413       3       kotlin.Result$Failure::<init> (16 bytes)
Event: 9.329 Thread 0x00007a7c18180220 nmethod 3413 0x00007a7c0053ff90 code [0x00007a7c005401c0, 0x00007a7c00540820]
Event: 9.329 Thread 0x00007a7c18180220 3426       1       kotlinx.serialization.json.JsonConfiguration::getEncodeDefaults (5 bytes)
Event: 9.329 Thread 0x00007a7c18180220 nmethod 3426 0x00007a7c07c96c90 code [0x00007a7c07c96e20, 0x00007a7c07c96ee8]
Event: 9.329 Thread 0x00007a7c18180220 3424       1       kotlinx.serialization.json.JsonConfiguration::getUseArrayPolymorphism (5 bytes)
Event: 9.329 Thread 0x00007a7c18180220 nmethod 3424 0x00007a7c07c96f90 code [0x00007a7c07c97120, 0x00007a7c07c971e8]
Event: 9.329 Thread 0x00007a7c18180220 3425       1       kotlinx.serialization.json.JsonConfiguration::getClassDiscriminatorMode (5 bytes)
Event: 9.329 Thread 0x00007a7c18180220 nmethod 3425 0x00007a7c07c97290 code [0x00007a7c07c97420, 0x00007a7c07c974e8]

GC Heap History (20 events):
Event: 3.174 GC heap before
{Heap before GC invocations=46 (full 0):
 garbage-first heap   total 1335296K, used 816434K [0x000000070f000000, 0x0000000800000000)
  region size 2048K, 391 young (800768K), 1 survivors (2048K)
 Metaspace       used 45974K, committed 46464K, reserved 1114112K
  class space    used 5470K, committed 5696K, reserved 1048576K
}
Event: 3.175 GC heap after
{Heap after GC invocations=47 (full 0):
 garbage-first heap   total 1335296K, used 17725K [0x000000070f000000, 0x0000000800000000)
  region size 2048K, 1 young (2048K), 1 survivors (2048K)
 Metaspace       used 45974K, committed 46464K, reserved 1114112K
  class space    used 5470K, committed 5696K, reserved 1048576K
}
Event: 3.418 GC heap before
{Heap before GC invocations=47 (full 0):
 garbage-first heap   total 1335296K, used 816445K [0x000000070f000000, 0x0000000800000000)
  region size 2048K, 391 young (800768K), 1 survivors (2048K)
 Metaspace       used 45975K, committed 46464K, reserved 1114112K
  class space    used 5470K, committed 5696K, reserved 1048576K
}
Event: 3.419 GC heap after
{Heap after GC invocations=48 (full 0):
 garbage-first heap   total 1335296K, used 17762K [0x000000070f000000, 0x0000000800000000)
  region size 2048K, 1 young (2048K), 1 survivors (2048K)
 Metaspace       used 45975K, committed 46464K, reserved 1114112K
  class space    used 5470K, committed 5696K, reserved 1048576K
}
Event: 3.431 GC heap before
{Heap before GC invocations=48 (full 0):
 garbage-first heap   total 1335296K, used 816482K [0x000000070f000000, 0x0000000800000000)
  region size 2048K, 391 young (800768K), 1 survivors (2048K)
 Metaspace       used 45975K, committed 46464K, reserved 1114112K
  class space    used 5470K, committed 5696K, reserved 1048576K
}
Event: 3.431 GC heap after
{Heap after GC invocations=49 (full 0):
 garbage-first heap   total 1335296K, used 17783K [0x000000070f000000, 0x0000000800000000)
  region size 2048K, 1 young (2048K), 1 survivors (2048K)
 Metaspace       used 45975K, committed 46464K, reserved 1114112K
  class space    used 5470K, committed 5696K, reserved 1048576K
}
Event: 3.442 GC heap before
{Heap before GC invocations=49 (full 0):
 garbage-first heap   total 1335296K, used 816503K [0x000000070f000000, 0x0000000800000000)
  region size 2048K, 391 young (800768K), 1 survivors (2048K)
 Metaspace       used 45975K, committed 46464K, reserved 1114112K
  class space    used 5470K, committed 5696K, reserved 1048576K
}
Event: 3.443 GC heap after
{Heap after GC invocations=50 (full 0):
 garbage-first heap   total 1335296K, used 17778K [0x000000070f000000, 0x0000000800000000)
  region size 2048K, 1 young (2048K), 1 survivors (2048K)
 Metaspace       used 45975K, committed 46464K, reserved 1114112K
  class space    used 5470K, committed 5696K, reserved 1048576K
}
Event: 3.452 GC heap before
{Heap before GC invocations=50 (full 0):
 garbage-first heap   total 1335296K, used 816498K [0x000000070f000000, 0x0000000800000000)
  region size 2048K, 391 young (800768K), 1 survivors (2048K)
 Metaspace       used 45975K, committed 46464K, reserved 1114112K
  class space    used 5470K, committed 5696K, reserved 1048576K
}
Event: 3.453 GC heap after
{Heap after GC invocations=51 (full 0):
 garbage-first heap   total 1335296K, used 17780K [0x000000070f000000, 0x0000000800000000)
  region size 2048K, 1 young (2048K), 1 survivors (2048K)
 Metaspace       used 45975K, committed 46464K, reserved 1114112K
  class space    used 5470K, committed 5696K, reserved 1048576K
}
Event: 3.538 GC heap before
{Heap before GC invocations=51 (full 0):
 garbage-first heap   total 1335296K, used 816500K [0x000000070f000000, 0x0000000800000000)
  region size 2048K, 391 young (800768K), 1 survivors (2048K)
 Metaspace       used 45975K, committed 46464K, reserved 1114112K
  class space    used 5470K, committed 5696K, reserved 1048576K
}
Event: 3.539 GC heap after
{Heap after GC invocations=52 (full 0):
 garbage-first heap   total 1335296K, used 17900K [0x000000070f000000, 0x0000000800000000)
  region size 2048K, 1 young (2048K), 1 survivors (2048K)
 Metaspace       used 45975K, committed 46464K, reserved 1114112K
  class space    used 5470K, committed 5696K, reserved 1048576K
}
Event: 3.558 GC heap before
{Heap before GC invocations=52 (full 0):
 garbage-first heap   total 1335296K, used 816620K [0x000000070f000000, 0x0000000800000000)
  region size 2048K, 391 young (800768K), 1 survivors (2048K)
 Metaspace       used 45975K, committed 46464K, reserved 1114112K
  class space    used 5470K, committed 5696K, reserved 1048576K
}
Event: 3.559 GC heap after
{Heap after GC invocations=53 (full 0):
 garbage-first heap   total 1335296K, used 17905K [0x000000070f000000, 0x0000000800000000)
  region size 2048K, 1 young (2048K), 1 survivors (2048K)
 Metaspace       used 45975K, committed 46464K, reserved 1114112K
  class space    used 5470K, committed 5696K, reserved 1048576K
}
Event: 3.710 GC heap before
{Heap before GC invocations=53 (full 0):
 garbage-first heap   total 1335296K, used 816625K [0x000000070f000000, 0x0000000800000000)
  region size 2048K, 391 young (800768K), 1 survivors (2048K)
 Metaspace       used 45975K, committed 46464K, reserved 1114112K
  class space    used 5470K, committed 5696K, reserved 1048576K
}
Event: 3.712 GC heap after
{Heap after GC invocations=54 (full 0):
 garbage-first heap   total 1335296K, used 17932K [0x000000070f000000, 0x0000000800000000)
  region size 2048K, 1 young (2048K), 1 survivors (2048K)
 Metaspace       used 45975K, committed 46464K, reserved 1114112K
  class space    used 5470K, committed 5696K, reserved 1048576K
}
Event: 5.195 GC heap before
{Heap before GC invocations=54 (full 0):
 garbage-first heap   total 1335296K, used 816652K [0x000000070f000000, 0x0000000800000000)
  region size 2048K, 391 young (800768K), 1 survivors (2048K)
 Metaspace       used 45975K, committed 46464K, reserved 1114112K
  class space    used 5470K, committed 5696K, reserved 1048576K
}
Event: 5.196 GC heap after
{Heap after GC invocations=55 (full 0):
 garbage-first heap   total 1335296K, used 17928K [0x000000070f000000, 0x0000000800000000)
  region size 2048K, 1 young (2048K), 1 survivors (2048K)
 Metaspace       used 45975K, committed 46464K, reserved 1114112K
  class space    used 5470K, committed 5696K, reserved 1048576K
}
Event: 5.366 GC heap before
{Heap before GC invocations=55 (full 0):
 garbage-first heap   total 1335296K, used 816648K [0x000000070f000000, 0x0000000800000000)
  region size 2048K, 391 young (800768K), 1 survivors (2048K)
 Metaspace       used 45979K, committed 46464K, reserved 1114112K
  class space    used 5471K, committed 5696K, reserved 1048576K
}
Event: 5.367 GC heap after
{Heap after GC invocations=56 (full 0):
 garbage-first heap   total 1335296K, used 17921K [0x000000070f000000, 0x0000000800000000)
  region size 2048K, 1 young (2048K), 1 survivors (2048K)
 Metaspace       used 45979K, committed 46464K, reserved 1114112K
  class space    used 5471K, committed 5696K, reserved 1048576K
}

Dll operation events (14 events):
Event: 0.002 Loaded shared library /home/pavlo/.jdks/corretto-21.0.10/lib/libjava.so
Event: 0.018 Loaded shared library /home/pavlo/.jdks/corretto-21.0.10/lib/libjsvml.so
Event: 0.026 Loaded shared library /home/pavlo/.jdks/corretto-21.0.10/lib/libnio.so
Event: 0.029 Loaded shared library /home/pavlo/.jdks/corretto-21.0.10/lib/libzip.so
Event: 0.238 Loaded shared library /home/pavlo/.jdks/corretto-21.0.10/lib/libjimage.so
Event: 0.245 Loaded shared library /home/pavlo/.cache/JNA/temp/jna11381819367917606175.tmp
Event: 0.373 Loaded shared library /home/pavlo/.jdks/corretto-21.0.10/lib/libnet.so
Event: 0.389 Loaded shared library /home/pavlo/.jdks/corretto-21.0.10/lib/libjaas.so
Event: 0.481 Loaded shared library /home/pavlo/.jdks/corretto-21.0.10/lib/libawt.so
Event: 0.482 Loaded shared library /home/pavlo/.jdks/corretto-21.0.10/lib/libawt_xawt.so
Event: 0.503 Loaded shared library /home/pavlo/.jdks/corretto-21.0.10/lib/libfontmanager.so
Event: 0.592 Loaded shared library /home/pavlo/.jdks/corretto-21.0.10/lib/libextnet.so
Event: 0.623 Loaded shared library /home/pavlo/.skiko/skiko-linux-x64-9a032b1758c7b89bc46f83c46b153923d1e956ee881f3e7fddd4f9d76c8f5315/libskiko-linux-x64.so
Event: 0.991 Loaded shared library /tmp/tdlight-java-natives15883302233387739083/libtdjni.linux_amd64_gnu_ssl3119423739031160350.so

Deoptimization events (20 events):
Event: 9.325 Thread 0x00007a7c18b9add0 Uncommon trap: trap_request=0xffffffde fr.pc=0x00007a7c07c65e30 relative=0x0000000000001ff0
Event: 9.325 Thread 0x00007a7c18b9add0 Uncommon trap: reason=class_check action=maybe_recompile pc=0x00007a7c07c65e30 method=kotlinx.coroutines.scheduling.CoroutineScheduler$Worker.pollGlobalQueues()Lkotlinx/coroutines/scheduling/Task; @ 18 c2
Event: 9.325 Thread 0x00007a7c18b9add0 DEOPT PACKING pc=0x00007a7c07c65e30 sp=0x00007a7b4d6fe8f0
Event: 9.325 Thread 0x00007a7b1801a5e0 Uncommon trap: trap_request=0xffffffde fr.pc=0x00007a7c07c6a860 relative=0x0000000000001dc0
Event: 9.325 Thread 0x00007a7b1801bd40 Uncommon trap: trap_request=0xffffffde fr.pc=0x00007a7c07c6a860 relative=0x0000000000001dc0
Event: 9.325 Thread 0x00007a7b1801a5e0 Uncommon trap: reason=class_check action=maybe_recompile pc=0x00007a7c07c6a860 method=kotlinx.coroutines.scheduling.CoroutineScheduler$Worker.pollGlobalQueues()Lkotlinx/coroutines/scheduling/Task; @ 18 c2
Event: 9.325 Thread 0x00007a7b1801bd40 Uncommon trap: reason=class_check action=maybe_recompile pc=0x00007a7c07c6a860 method=kotlinx.coroutines.scheduling.CoroutineScheduler$Worker.pollGlobalQueues()Lkotlinx/coroutines/scheduling/Task; @ 18 c2
Event: 9.325 Thread 0x00007a7c18b9add0 DEOPT UNPACKING pc=0x00007a7c0758af99 sp=0x00007a7b4d6fe808 mode 2
Event: 9.325 Thread 0x00007a7b1801a5e0 DEOPT PACKING pc=0x00007a7c07c6a860 sp=0x00007a7b4d8fe880
Event: 9.325 Thread 0x00007a7b1801bd40 DEOPT PACKING pc=0x00007a7c07c6a860 sp=0x00007a7b4d7fe880
Event: 9.325 Thread 0x00007a7b1801a5e0 DEOPT UNPACKING pc=0x00007a7c0758af99 sp=0x00007a7b4d8fe800 mode 2
Event: 9.325 Thread 0x00007a7b1801bd40 DEOPT UNPACKING pc=0x00007a7c0758af99 sp=0x00007a7b4d7fe800 mode 2
Event: 9.325 Thread 0x00007a7b180105c0 Uncommon trap: trap_request=0xffffffde fr.pc=0x00007a7c07c621fc relative=0x00000000000012dc
Event: 9.325 Thread 0x00007a7b180105c0 Uncommon trap: reason=class_check action=maybe_recompile pc=0x00007a7c07c621fc method=kotlinx.coroutines.scheduling.CoroutineScheduler$Worker.pollGlobalQueues()Lkotlinx/coroutines/scheduling/Task; @ 18 c2
Event: 9.325 Thread 0x00007a7c18b9add0 Uncommon trap: trap_request=0xffffffde fr.pc=0x00007a7c07c621fc relative=0x00000000000012dc
Event: 9.325 Thread 0x00007a7b180105c0 DEOPT PACKING pc=0x00007a7c07c621fc sp=0x00007a7b4f0fd810
Event: 9.325 Thread 0x00007a7c18b9add0 Uncommon trap: reason=class_check action=maybe_recompile pc=0x00007a7c07c621fc method=kotlinx.coroutines.scheduling.CoroutineScheduler$Worker.pollGlobalQueues()Lkotlinx/coroutines/scheduling/Task; @ 18 c2
Event: 9.325 Thread 0x00007a7c18b9add0 DEOPT PACKING pc=0x00007a7c07c621fc sp=0x00007a7b4d6fe810
Event: 9.325 Thread 0x00007a7b180105c0 DEOPT UNPACKING pc=0x00007a7c0758af99 sp=0x00007a7b4f0fd808 mode 2
Event: 9.325 Thread 0x00007a7c18b9add0 DEOPT UNPACKING pc=0x00007a7c0758af99 sp=0x00007a7b4d6fe808 mode 2

Classes loaded (20 events):
Event: 5.574 Loading class sun/java2d/StateTrackableDelegate$1
Event: 5.574 Loading class sun/java2d/StateTrackableDelegate$1 done
Event: 5.642 Loading class sun/awt/X11/XReparentEvent
Event: 5.643 Loading class sun/awt/X11/XReparentEvent done
Event: 6.907 Loading class sun/awt/ModalExclude
Event: 6.907 Loading class sun/awt/ModalExclude done
Event: 7.558 Loading class javax/swing/event/ChangeEvent
Event: 7.558 Loading class javax/swing/event/ChangeEvent done
Event: 9.190 Loading class sun/awt/X11/XButtonEvent
Event: 9.190 Loading class sun/awt/X11/XButtonEvent done
Event: 9.316 Loading class java/awt/KeyboardFocusManager$2
Event: 9.316 Loading class java/awt/KeyboardFocusManager$2 done
Event: 9.316 Loading class sun/awt/SunToolkit$1
Event: 9.316 Loading class sun/awt/SunToolkit$1 done
Event: 9.316 Loading class sun/awt/X11/XUnmapEvent
Event: 9.317 Loading class sun/awt/X11/XUnmapEvent done
Event: 9.317 Loading class java/awt/Window$1DisposeAction
Event: 9.317 Loading class java/awt/Window$1DisposeAction done
Event: 9.319 Loading class java/awt/Component$FlipBufferStrategy
Event: 9.319 Loading class java/awt/Component$FlipBufferStrategy done

Classes unloaded (0 events):
No events

Classes redefined (0 events):
No events

Internal exceptions (20 events):
Event: 1.839 Thread 0x00007a7c18baad20 Exception <a 'java/lang/NoSuchMethodError'{0x0000000710b31cf8}: 'java.lang.Object java.lang.invoke.DirectMethodHandle$Holder.invokeStaticInit(java.lang.Object, float)'> (0x0000000710b31cf8) 
thrown [src/hotspot/share/interpreter/linkResolver.cpp, line 773]
Event: 1.840 Thread 0x00007a7c18baad20 Exception <a 'java/lang/NoSuchMethodError'{0x0000000710b37af0}: 'float java.lang.invoke.DirectMethodHandle$Holder.invokeStatic(java.lang.Object, java.lang.Object)'> (0x0000000710b37af0) 
thrown [src/hotspot/share/interpreter/linkResolver.cpp, line 773]
Event: 1.840 Thread 0x00007a7c18baad20 Exception <a 'java/lang/NoSuchMethodError'{0x0000000710b3b180}: 'float java.lang.invoke.DirectMethodHandle$Holder.invokeStaticInit(java.lang.Object, java.lang.Object)'> (0x0000000710b3b180) 
thrown [src/hotspot/share/interpreter/linkResolver.cpp, line 773]
Event: 1.841 Thread 0x00007a7c18baad20 Exception <a 'java/lang/NoSuchMethodError'{0x0000000710b45558}: 'java.lang.Object java.lang.invoke.DirectMethodHandle$Holder.invokeStaticInit(java.lang.Object, int)'> (0x0000000710b45558) 
thrown [src/hotspot/share/interpreter/linkResolver.cpp, line 773]
Event: 1.859 Thread 0x00007a7c18baad20 Exception <a 'java/lang/NoSuchMethodError'{0x00000007115a4118}: 'java.lang.Object java.lang.invoke.DirectMethodHandle$Holder.newInvokeSpecial(java.lang.Object, java.lang.Object, float, java.lang.Object)'> (0x00000007115a4118) 
thrown [src/hotspot/share/interpreter/linkResolver.cpp, line 773]
Event: 1.864 Thread 0x00007a7c18baad20 Exception <a 'java/lang/NoSuchMethodError'{0x0000000710aacca8}: 'java.lang.Object java.lang.invoke.DirectMethodHandle$Holder.newInvokeSpecial(java.lang.Object, java.lang.Object, java.lang.Object, java.lang.Object, java.lang.Object, java.lang.Object, java.lang.Object, java.lang.Object, java.lang.Object, int)'> (0x0000000710aacca8) 
thrown [src/hotspot/share/interpreter/linkResolver.cpp, line 773]
Event: 1.868 Thread 0x00007a7c18baad20 Exception <a 'java/lang/NoSuchMethodError'{0x000000071e00c218}: 'java.lang.Object java.lang.invoke.DirectMethodHandle$Holder.invokeSpecial(java.lang.Object, java.lang.Object, java.lang.Object, java.lang.Object, java.lang.Object, java.lang.Object, java.lang.Object, java.lang.Object, java.lang.Object, java.lang.Object, int)'> (0x000000071e00c218) 
thrown [src/hotspot/share/interpreter/linkResolver.cpp, line 773]
Event: 1.892 Thread 0x00007a7c18baad20 Exception <a 'java/lang/NoSuchMethodError'{0x0000000712d4a9e0}: 'java.lang.Object java.lang.invoke.DirectMethodHandle$Holder.newInvokeSpecial(java.lang.Object, java.lang.Object, java.lang.Object, java.lang.Object, int, int, java.lang.Object)'> (0x0000000712d4a9e0) 
thrown [src/hotspot/share/interpreter/linkResolver.cpp, line 773]
Event: 1.904 Thread 0x00007a7b1c666200 Exception <a 'java/lang/NoSuchMethodError'{0x0000000713d304d0}: 'int java.lang.invoke.DirectMethodHandle$Holder.invokeVirtual(java.lang.Object, java.lang.Object, java.lang.Object)'> (0x0000000713d304d0) 
thrown [src/hotspot/share/interpreter/linkResolver.cpp, line 773]
Event: 1.957 Thread 0x00007a7c18baad20 Exception <a 'java/lang/NoSuchMethodError'{0x000000071b80b6f8}: 'float java.lang.invoke.DirectMethodHandle$Holder.invokeStatic(java.lang.Object, float)'> (0x000000071b80b6f8) 
thrown [src/hotspot/share/interpreter/linkResolver.cpp, line 773]
Event: 1.957 Thread 0x00007a7c18baad20 Exception <a 'java/lang/NoSuchMethodError'{0x000000071ae03220}: 'float java.lang.invoke.DirectMethodHandle$Holder.invokeStaticInit(java.lang.Object, float)'> (0x000000071ae03220) 
thrown [src/hotspot/share/interpreter/linkResolver.cpp, line 773]
Event: 2.027 Thread 0x00007a7c18baad20 Exception <a 'java/lang/NoSuchMethodError'{0x000000071d604e78}: 'java.lang.Object java.lang.invoke.DirectMethodHandle$Holder.invokeStatic(java.lang.Object, int, int)'> (0x000000071d604e78) 
thrown [src/hotspot/share/interpreter/linkResolver.cpp, line 773]
Event: 2.091 Thread 0x00007a7c18baad20 Exception <a 'java/lang/NoSuchMethodError'{0x0000000729f02ba0}: 'java.lang.Object java.lang.invoke.DirectMethodHandle$Holder.invokeStatic(java.lang.Object, java.lang.Object, java.lang.Object, java.lang.Object, java.lang.Object, java.lang.Object, java.lang.Object, int)'> (0x0000000729f02ba0) 
thrown [src/hotspot/share/interpreter/linkResolver.cpp, line 773]
Event: 2.131 Thread 0x00007a7c18baad20 Exception <a 'java/lang/NoSuchMethodError'{0x0000000724701ed8}: 'java.lang.Object java.lang.invoke.DirectMethodHandle$Holder.invokeStatic(java.lang.Object, java.lang.Object, java.lang.Object, java.lang.Object, int, java.lang.Object)'> (0x0000000724701ed8) 
thrown [src/hotspot/share/interpreter/linkResolver.cpp, line 773]
Event: 2.144 Thread 0x00007a7c18baad20 Exception <a 'java/lang/NoSuchMethodError'{0x0000000734c085f8}: 'java.lang.Object java.lang.invoke.DirectMethodHandle$Holder.newInvokeSpecial(java.lang.Object, java.lang.Object, long, int, int)'> (0x0000000734c085f8) 
thrown [src/hotspot/share/interpreter/linkResolver.cpp, line 773]
Event: 5.371 Thread 0x00007a7c18baad20 Exception <a 'java/lang/NoSuchMethodError'{0x000000075ee2d968}: 'java.lang.Object java.lang.invoke.DirectMethodHandle$Holder.invokeSpecial(java.lang.Object, java.lang.Object, long, java.lang.Object, java.lang.Object, java.lang.Object)'> (0x000000075ee2d968) 
thrown [src/hotspot/share/interpreter/linkResolver.cpp, line 773]
Event: 5.467 Thread 0x00007a7c18baad20 Exception <a 'java/lang/NoSuchMethodError'{0x000000075c6a5cd0}: 'java.lang.Object java.lang.invoke.DirectMethodHandle$Holder.newInvokeSpecial(java.lang.Object, java.lang.Object, int, java.lang.Object)'> (0x000000075c6a5cd0) 
thrown [src/hotspot/share/interpreter/linkResolver.cpp, line 773]
Event: 5.467 Thread 0x00007a7c18baad20 Exception <a 'java/lang/NoSuchMethodError'{0x000000075c6aae08}: 'java.lang.Object java.lang.invoke.DirectMethodHandle$Holder.invokeSpecial(java.lang.Object, java.lang.Object, java.lang.Object, int, java.lang.Object)'> (0x000000075c6aae08) 
thrown [src/hotspot/share/interpreter/linkResolver.cpp, line 773]
Event: 5.467 Thread 0x00007a7c18baad20 Exception <a 'java/lang/NoSuchMethodError'{0x000000075c6af650}: 'java.lang.Object java.lang.invoke.Invokers$Holder.linkToTargetMethod(java.lang.Object, int, java.lang.Object, java.lang.Object)'> (0x000000075c6af650) 
thrown [src/hotspot/share/interpreter/linkResolver.cpp, line 773]
Event: 5.498 Thread 0x00007a7ad03e5d30 Exception <a 'java/lang/NoSuchMethodError'{0x000000075c4433f8}: 'java.lang.Object java.lang.invoke.DirectMethodHandle$Holder.newInvokeSpecial(java.lang.Object, java.lang.Object, java.lang.Object, int, int, int, int, int)'> (0x000000075c4433f8) 
thrown [src/hotspot/share/interpreter/linkResolver.cpp, line 773]

ZGC Phase Switch (0 events):
No events

VM Operations (20 events):
Event: 3.442 Executing safepoint VM operation: G1CollectForAllocation (G1 Evacuation Pause)
Event: 3.443 Executing safepoint VM operation: G1CollectForAllocation (G1 Evacuation Pause) done
Event: 3.452 Executing safepoint VM operation: G1CollectForAllocation (G1 Evacuation Pause)
Event: 3.453 Executing safepoint VM operation: G1CollectForAllocation (G1 Evacuation Pause) done
Event: 3.538 Executing safepoint VM operation: G1CollectForAllocation (G1 Evacuation Pause)
Event: 3.539 Executing safepoint VM operation: G1CollectForAllocation (G1 Evacuation Pause) done
Event: 3.558 Executing safepoint VM operation: G1CollectForAllocation (G1 Evacuation Pause)
Event: 3.559 Executing safepoint VM operation: G1CollectForAllocation (G1 Evacuation Pause) done
Event: 3.710 Executing safepoint VM operation: G1CollectForAllocation (G1 Evacuation Pause)
Event: 3.712 Executing safepoint VM operation: G1CollectForAllocation (G1 Evacuation Pause) done
Event: 5.195 Executing safepoint VM operation: G1CollectForAllocation (G1 Evacuation Pause)
Event: 5.196 Executing safepoint VM operation: G1CollectForAllocation (G1 Evacuation Pause) done
Event: 5.366 Executing safepoint VM operation: G1CollectForAllocation (G1 Evacuation Pause)
Event: 5.367 Executing safepoint VM operation: G1CollectForAllocation (G1 Evacuation Pause) done
Event: 5.545 Executing non-safepoint VM operation: HandshakeAllThreads (Deoptimize)
Event: 5.545 Executing non-safepoint VM operation: HandshakeAllThreads (Deoptimize) done
Event: 6.545 Executing safepoint VM operation: Cleanup
Event: 6.545 Executing safepoint VM operation: Cleanup done
Event: 7.545 Executing safepoint VM operation: Cleanup
Event: 7.546 Executing safepoint VM operation: Cleanup done

Memory protections (20 events):
Event: 5.414 Protecting memory [0x00007a7a980e4000,0x00007a7a980e8000] with protection modes 0
Event: 5.414 Protecting memory [0x00007a7a980e4000,0x00007a7a980e8000] with protection modes 0
Event: 5.414 Protecting memory [0x00007a7a980e4000,0x00007a7a980e8000] with protection modes 0
Event: 5.414 Protecting memory [0x00007a7a980e4000,0x00007a7a980e8000] with protection modes 0
Event: 5.414 Protecting memory [0x00007a7a980e4000,0x00007a7a980e8000] with protection modes 0
Event: 5.414 Protecting memory [0x00007a7a980e4000,0x00007a7a980e8000] with protection modes 0
Event: 5.414 Protecting memory [0x00007a7a980e4000,0x00007a7a980e8000] with protection modes 0
Event: 5.414 Protecting memory [0x00007a7a980e4000,0x00007a7a980e8000] with protection modes 0
Event: 5.414 Protecting memory [0x00007a7a980e4000,0x00007a7a980e8000] with protection modes 0
Event: 5.414 Protecting memory [0x00007a7a980e4000,0x00007a7a980e8000] with protection modes 0
Event: 5.414 Protecting memory [0x00007a7a980e4000,0x00007a7a980e8000] with protection modes 0
Event: 5.414 Protecting memory [0x00007a7a980e4000,0x00007a7a980e8000] with protection modes 0
Event: 5.414 Protecting memory [0x00007a7a980e4000,0x00007a7a980e8000] with protection modes 0
Event: 5.414 Protecting memory [0x00007a7a998e7000,0x00007a7a998eb000] with protection modes 0
Event: 5.414 Protecting memory [0x00007a7a980e4000,0x00007a7a980e8000] with protection modes 0
Event: 5.497 Protecting memory [0x00007a7be8100000,0x00007a7be8104000] with protection modes 0
Event: 5.531 Protecting memory [0x00007a7be8000000,0x00007a7be8004000] with protection modes 0
Event: 5.537 Protecting memory [0x00007a7ad43ff000,0x00007a7ad4403000] with protection modes 0
Event: 9.325 Protecting memory [0x00007a7be8000000,0x00007a7be8004000] with protection modes 0
Event: 9.326 Protecting memory [0x00007a7ad43ff000,0x00007a7ad4403000] with protection modes 0

Nmethod flushes (20 events):
Event: 1.466 Thread 0x00007a7c1816d5a0 flushing  nmethod 0x00007a7c0007e090
Event: 1.466 Thread 0x00007a7c1816d5a0 flushing  nmethod 0x00007a7c0007fd10
Event: 1.466 Thread 0x00007a7c1816d5a0 flushing  nmethod 0x00007a7c00081790
Event: 1.466 Thread 0x00007a7c1816d5a0 flushing  nmethod 0x00007a7c000c4410
Event: 1.466 Thread 0x00007a7c1816d5a0 flushing  nmethod 0x00007a7c000c4990
Event: 1.466 Thread 0x00007a7c1816d5a0 flushing  nmethod 0x00007a7c000c6390
Event: 1.466 Thread 0x00007a7c1816d5a0 flushing  nmethod 0x00007a7c000cb910
Event: 1.466 Thread 0x00007a7c1816d5a0 flushing  nmethod 0x00007a7c0011ce90
Event: 1.466 Thread 0x00007a7c1816d5a0 flushing  nmethod 0x00007a7c0015b110
Event: 1.466 Thread 0x00007a7c1816d5a0 flushing  nmethod 0x00007a7c00198310
Event: 1.466 Thread 0x00007a7c1816d5a0 flushing  nmethod 0x00007a7c00199690
Event: 1.466 Thread 0x00007a7c1816d5a0 flushing  nmethod 0x00007a7c00199a90
Event: 1.466 Thread 0x00007a7c1816d5a0 flushing  nmethod 0x00007a7c0019a410
Event: 1.466 Thread 0x00007a7c1816d5a0 flushing  nmethod 0x00007a7c001c5f10
Event: 1.466 Thread 0x00007a7c1816d5a0 flushing  nmethod 0x00007a7c00213d90
Event: 1.466 Thread 0x00007a7c1816d5a0 flushing  nmethod 0x00007a7c00259c10
Event: 1.466 Thread 0x00007a7c1816d5a0 flushing  nmethod 0x00007a7c0025a290
Event: 1.466 Thread 0x00007a7c1816d5a0 flushing  nmethod 0x00007a7c0025bb90
Event: 1.466 Thread 0x00007a7c1816d5a0 flushing  nmethod 0x00007a7c0025cd10
Event: 1.466 Thread 0x00007a7c1816d5a0 flushing  nmethod 0x00007a7c0025dc90

Events (20 events):
Event: 5.414 Thread 0x00007a7a647a9430 Thread exited: 0x00007a7a647a9430
Event: 5.414 Thread 0x00007a7a647a9430 Thread added: 0x00007a7a647a9430
Event: 5.414 Thread 0x00007a7a647a9430 Thread exited: 0x00007a7a647a9430
Event: 5.414 Thread 0x00007a7a647a9430 Thread added: 0x00007a7a647a9430
Event: 5.414 Thread 0x00007a7a647a9430 Thread exited: 0x00007a7a647a9430
Event: 5.414 Thread 0x00007a7a647a9430 Thread added: 0x00007a7a647a9430
Event: 5.414 Thread 0x00007a7a647a9430 Thread exited: 0x00007a7a647a9430
Event: 5.414 Thread 0x00007a7a647a9430 Thread added: 0x00007a7a647a9430
Event: 5.414 Thread 0x00007a7a647a9430 Thread exited: 0x00007a7a647a9430
Event: 5.414 Thread 0x00007a7a6c17d460 Thread added: 0x00007a7a6c17d460
Event: 5.414 Thread 0x00007a7a6c17d460 Thread exited: 0x00007a7a6c17d460
Event: 5.414 Thread 0x00007a7a647a9430 Thread added: 0x00007a7a647a9430
Event: 5.414 Thread 0x00007a7a647a9430 Thread exited: 0x00007a7a647a9430
Event: 5.497 Thread 0x00007a7c18baad20 Thread added: 0x00007a7ad03e5d30
Event: 5.531 Thread 0x00007a7c1817eb60 Thread added: 0x00007a7b7c0ff890
Event: 5.537 Thread 0x00007a7c18180220 Thread added: 0x00007a7b70340780
Event: 6.800 Thread 0x00007a7b70340780 Thread exited: 0x00007a7b70340780
Event: 6.907 Thread 0x00007a7b7c0ff890 Thread exited: 0x00007a7b7c0ff890
Event: 9.325 Thread 0x00007a7c18baad20 Thread added: 0x00007a7ad03ae740
Event: 9.326 Thread 0x00007a7c18180220 Thread added: 0x00007a7b7042ddf0


Dynamic libraries:
70f000000-760600000 rw-p 00000000 00:00 0 
760600000-7ffe00000 ---p 00000000 00:00 0 
7ffe00000-7fff0d000 rw-p 00cda000 fc:00 21496984                         /home/pavlo/.jdks/corretto-21.0.10/lib/server/classes.jsa
7fff0d000-800000000 rw-p 00000000 00:00 0 
5781ab400000-5781ab401000 r-xp 00000000 fc:00 21496567                   /home/pavlo/.jdks/corretto-21.0.10/bin/java
5781ab601000-5781ab602000 r--p 00001000 fc:00 21496567                   /home/pavlo/.jdks/corretto-21.0.10/bin/java
5781ab602000-5781ab603000 rw-p 00002000 fc:00 21496567                   /home/pavlo/.jdks/corretto-21.0.10/bin/java
5781ea72f000-5781ea77a000 rw-p 00000000 00:00 0                          [heap]
7a7a58000000-7a7a58021000 rw-p 00000000 00:00 0 
7a7a58021000-7a7a5c000000 ---p 00000000 00:00 0 
7a7a5f04f000-7a7a5f84f000 rw-s 10c1c1000 00:10 2076                      anon_inode:i915.gem
7a7a5f84f000-7a7a6014f000 rw-p 00000000 00:00 0 
7a7a6014f000-7a7a64000000 ---p 00000000 00:00 0 
7a7a64000000-7a7a6483c000 rw-p 00000000 00:00 0 
7a7a6483c000-7a7a68000000 ---p 00000000 00:00 0 
7a7a68000000-7a7a68039000 rw-p 00000000 00:00 0 
7a7a68039000-7a7a6c000000 ---p 00000000 00:00 0 
7a7a6c000000-7a7a6c5b1000 rw-p 00000000 00:00 0 
7a7a6c5b1000-7a7a70000000 ---p 00000000 00:00 0 
7a7a70000000-7a7a70021000 rw-p 00000000 00:00 0 
7a7a70021000-7a7a74000000 ---p 00000000 00:00 0 
7a7a74000000-7a7a74021000 rw-p 00000000 00:00 0 
7a7a74021000-7a7a78000000 ---p 00000000 00:00 0 
7a7a78000000-7a7a78021000 rw-p 00000000 00:00 0 
7a7a78021000-7a7a7c000000 ---p 00000000 00:00 0 
7a7a7c000000-7a7a7c385000 rw-p 00000000 00:00 0 
7a7a7c385000-7a7a80000000 ---p 00000000 00:00 0 
7a7a80000000-7a7a80021000 rw-p 00000000 00:00 0 
7a7a80021000-7a7a84000000 ---p 00000000 00:00 0 
7a7a84000000-7a7a84021000 rw-p 00000000 00:00 0 
7a7a84021000-7a7a88000000 ---p 00000000 00:00 0 
7a7a88000000-7a7a88021000 rw-p 00000000 00:00 0 
7a7a88021000-7a7a8c000000 ---p 00000000 00:00 0 
7a7a8c000000-7a7a8c021000 rw-p 00000000 00:00 0 
7a7a8c021000-7a7a90000000 ---p 00000000 00:00 0 
7a7a90000000-7a7a90021000 rw-p 00000000 00:00 0 
7a7a90021000-7a7a94000000 ---p 00000000 00:00 0 
7a7a94000000-7a7a94021000 rw-p 00000000 00:00 0 
7a7a94021000-7a7a98000000 ---p 00000000 00:00 0 
7a7a980e3000-7a7a980e4000 ---p 00000000 00:00 0 
7a7a980e4000-7a7a980e8000 ---p 00000000 00:00 0 
7a7a980e8000-7a7a988e4000 rw-p 00000000 00:00 0 
7a7a988e4000-7a7a988e5000 ---p 00000000 00:00 0 
7a7a988e5000-7a7a988e9000 ---p 00000000 00:00 0 
7a7a988e9000-7a7a990e5000 rw-p 00000000 00:00 0 
7a7a990e5000-7a7a990e6000 ---p 00000000 00:00 0 
7a7a990e6000-7a7a998e6000 rw-p 00000000 00:00 0 
7a7a998e6000-7a7a998e7000 ---p 00000000 00:00 0 
7a7a998e7000-7a7a998eb000 ---p 00000000 00:00 0 
7a7a998eb000-7a7a9a0e7000 rw-p 00000000 00:00 0 
7a7a9a517000-7a7a9a7fd000 rw-p 00000000 00:00 0 
7a7a9a7fd000-7a7a9a7fe000 ---p 00000000 00:00 0 
7a7a9a7fe000-7a7a9affe000 rw-p 00000000 00:00 0 
7a7a9affe000-7a7a9afff000 ---p 00000000 00:00 0 
7a7a9afff000-7a7a9b7ff000 rw-p 00000000 00:00 0 
7a7a9b7ff000-7a7a9b800000 ---p 00000000 00:00 0 
7a7a9b800000-7a7a9c000000 rw-p 00000000 00:00 0 
7a7a9c000000-7a7a9c001000 r--p 00000000 fc:00 2383172                    /usr/lib/x86_64-linux-gnu/libicudata.so.74.2
7a7a9c001000-7a7a9c002000 r-xp 00001000 fc:00 2383172                    /usr/lib/x86_64-linux-gnu/libicudata.so.74.2
7a7a9c002000-7a7a9dd5e000 r--p 00002000 fc:00 2383172                    /usr/lib/x86_64-linux-gnu/libicudata.so.74.2
7a7a9dd5e000-7a7a9dd5f000 r--p 01d5d000 fc:00 2383172                    /usr/lib/x86_64-linux-gnu/libicudata.so.74.2
7a7a9dd5f000-7a7a9dd60000 rw-p 01d5e000 fc:00 2383172                    /usr/lib/x86_64-linux-gnu/libicudata.so.74.2
7a7a9de00000-7a7aa6008000 r-xp 00000000 fc:00 2362471                    /usr/lib/x86_64-linux-gnu/libLLVM.so.20.1
7a7aa6008000-7a7aa6009000 ---p 08208000 fc:00 2362471                    /usr/lib/x86_64-linux-gnu/libLLVM.so.20.1
7a7aa6009000-7a7aa669e000 r--p 08208000 fc:00 2362471                    /usr/lib/x86_64-linux-gnu/libLLVM.so.20.1
7a7aa669e000-7a7aa66e6000 rw-p 0889d000 fc:00 2362471                    /usr/lib/x86_64-linux-gnu/libLLVM.so.20.1
7a7aa66e6000-7a7aa678e000 rw-p 00000000 00:00 0 
7a7aa6800000-7a7aa68cf000 r--p 00000000 fc:00 2362518                    /usr/lib/x86_64-linux-gnu/libgallium-25.2.8-0ubuntu0.24.04.2.so
7a7aa68cf000-7a7aa80e2000 r-xp 000cf000 fc:00 2362518                    /usr/lib/x86_64-linux-gnu/libgallium-25.2.8-0ubuntu0.24.04.2.so
7a7aa80e2000-7a7aa9021000 r--p 018e2000 fc:00 2362518                    /usr/lib/x86_64-linux-gnu/libgallium-25.2.8-0ubuntu0.24.04.2.so
7a7aa9021000-7a7aa9147000 r--p 02821000 fc:00 2362518                    /usr/lib/x86_64-linux-gnu/libgallium-25.2.8-0ubuntu0.24.04.2.so
7a7aa9147000-7a7aa9169000 rw-p 02947000 fc:00 2362518                    /usr/lib/x86_64-linux-gnu/libgallium-25.2.8-0ubuntu0.24.04.2.so
7a7aa9169000-7a7aa9333000 rw-p 00000000 00:00 0 
7a7aa9400000-7a7aa9da7000 r--p 00000000 fc:00 8127166                    /tmp/tdlight-java-natives15883302233387739083/libtdjni.linux_amd64_gnu_ssl3119423739031160350.so (deleted)
7a7aa9da7000-7a7aab7fc000 r-xp 009a7000 fc:00 8127166                    /tmp/tdlight-java-natives15883302233387739083/libtdjni.linux_amd64_gnu_ssl3119423739031160350.so (deleted)
7a7aab7fc000-7a7aabd0e000 r--p 023fc000 fc:00 8127166                    /tmp/tdlight-java-natives15883302233387739083/libtdjni.linux_amd64_gnu_ssl3119423739031160350.so (deleted)
7a7aabd0e000-7a7aabdf1000 r--p 0290d000 fc:00 8127166                    /tmp/tdlight-java-natives15883302233387739083/libtdjni.linux_amd64_gnu_ssl3119423739031160350.so (deleted)
7a7aabdf1000-7a7aabe31000 rw-p 029f0000 fc:00 8127166                    /tmp/tdlight-java-natives15883302233387739083/libtdjni.linux_amd64_gnu_ssl3119423739031160350.so (deleted)
7a7aabe31000-7a7aabe72000 rw-p 00000000 00:00 0 
7a7aac000000-7a7aac021000 rw-p 00000000 00:00 0 
7a7aac021000-7a7ab0000000 ---p 00000000 00:00 0 
7a7ab0000000-7a7ab0021000 rw-p 00000000 00:00 0 
7a7ab0021000-7a7ab4000000 ---p 00000000 00:00 0 
7a7ab4000000-7a7ab4021000 rw-p 00000000 00:00 0 
7a7ab4021000-7a7ab8000000 ---p 00000000 00:00 0 
7a7ab8000000-7a7ab8021000 rw-p 00000000 00:00 0 
7a7ab8021000-7a7abc000000 ---p 00000000 00:00 0 
7a7abc000000-7a7abc021000 rw-p 00000000 00:00 0 
7a7abc021000-7a7ac0000000 ---p 00000000 00:00 0 
7a7ac0000000-7a7ac0021000 rw-p 00000000 00:00 0 
7a7ac0021000-7a7ac4000000 ---p 00000000 00:00 0 
7a7ac4000000-7a7ac4021000 rw-p 00000000 00:00 0 
7a7ac4021000-7a7ac8000000 ---p 00000000 00:00 0 
7a7ac8000000-7a7ac8021000 rw-p 00000000 00:00 0 
7a7ac8021000-7a7acc000000 ---p 00000000 00:00 0 
7a7acc000000-7a7acc021000 rw-p 00000000 00:00 0 
7a7acc021000-7a7ad0000000 ---p 00000000 00:00 0 
7a7ad0000000-7a7ad1b94000 rw-p 00000000 00:00 0 
7a7ad1b94000-7a7ad4000000 ---p 00000000 00:00 0 
7a7ad40ff000-7a7ad4103000 ---p 00000000 00:00 0 
7a7ad4103000-7a7ad41ff000 rw-p 00000000 00:00 0 
7a7ad41ff000-7a7ad4203000 ---p 00000000 00:00 0 
7a7ad4203000-7a7ad42ff000 rw-p 00000000 00:00 0 
7a7ad42ff000-7a7ad4303000 ---p 00000000 00:00 0 
7a7ad4303000-7a7ad43ff000 rw-p 00000000 00:00 0 
7a7ad43ff000-7a7ad4403000 ---p 00000000 00:00 0 
7a7ad4403000-7a7ad44ff000 rw-p 00000000 00:00 0 
7a7ad44ff000-7a7ad4503000 ---p 00000000 00:00 0 
7a7ad4503000-7a7ad45ff000 rw-p 00000000 00:00 0 
7a7ad45ff000-7a7ad47ff000 rw-s 10760d000 00:10 2076                      anon_inode:i915.gem
7a7ad47ff000-7a7ad4800000 ---p 00000000 00:00 0 
7a7ad4800000-7a7ad5000000 rw-p 00000000 00:00 0 
7a7ad5000000-7a7ad5200000 rw-s 111605000 00:10 2076                      anon_inode:i915.gem
7a7ad5200000-7a7ad5268000 r--p 00000000 fc:00 2383182                    /usr/lib/x86_64-linux-gnu/libicuuc.so.74.2
7a7ad5268000-7a7ad536d000 r-xp 00068000 fc:00 2383182                    /usr/lib/x86_64-linux-gnu/libicuuc.so.74.2
7a7ad536d000-7a7ad53f7000 r--p 0016d000 fc:00 2383182                    /usr/lib/x86_64-linux-gnu/libicuuc.so.74.2
7a7ad53f7000-7a7ad540a000 r--p 001f7000 fc:00 2383182                    /usr/lib/x86_64-linux-gnu/libicuuc.so.74.2
7a7ad540a000-7a7ad540b000 rw-p 0020a000 fc:00 2383182                    /usr/lib/x86_64-linux-gnu/libicuuc.so.74.2
7a7ad540b000-7a7ad540d000 rw-p 00000000 00:00 0 
7a7ad5441000-7a7ad545e000 rw-s 00000000 00:01 65568                      /SYSV00000000 (deleted)
7a7ad545e000-7a7ad549e000 rw-s 102ec8000 00:10 2076                      anon_inode:i915.gem
7a7ad549e000-7a7ad54de000 rw-s 10dd51000 00:10 2076                      anon_inode:i915.gem
7a7ad54de000-7a7ad54e2000 ---p 00000000 00:00 0 
7a7ad54e2000-7a7ad5500000 rw-p 00000000 00:00 0 
7a7ad5500000-7a7ad5504000 ---p 00000000 00:00 0 
7a7ad5504000-7a7ad5600000 rw-p 00000000 00:00 0 
7a7ad5600000-7a7ad5601000 r-xp 00000000 fc:00 21496954                   /home/pavlo/.jdks/corretto-21.0.10/lib/libjawt.so
7a7ad5601000-7a7ad5800000 ---p 00001000 fc:00 21496954                   /home/pavlo/.jdks/corretto-21.0.10/lib/libjawt.so
7a7ad5800000-7a7ad5801000 r--p 00000000 fc:00 21496954                   /home/pavlo/.jdks/corretto-21.0.10/lib/libjawt.so
7a7ad5801000-7a7ad5802000 rw-p 00000000 00:00 0 
7a7ad581e000-7a7ad584d000 r--p 00000000 fc:00 2362103                    /usr/lib/x86_64-linux-gnu/libxml2.so.2.9.14
7a7ad584d000-7a7ad59b3000 r-xp 0002f000 fc:00 2362103                    /usr/lib/x86_64-linux-gnu/libxml2.so.2.9.14
7a7ad59b3000-7a7ad59f5000 r--p 00195000 fc:00 2362103                    /usr/lib/x86_64-linux-gnu/libxml2.so.2.9.14
7a7ad59f5000-7a7ad59fe000 r--p 001d6000 fc:00 2362103                    /usr/lib/x86_64-linux-gnu/libxml2.so.2.9.14
7a7ad59fe000-7a7ad59ff000 rw-p 001df000 fc:00 2362103                    /usr/lib/x86_64-linux-gnu/libxml2.so.2.9.14
7a7ad59ff000-7a7ad5a00000 rw-p 00000000 00:00 0 
7a7ad5a00000-7a7ad5e40000 r--s 00000000 fc:00 7865384                    /var/cache/fontconfig/0bd3dc0958fa2205aaaa8ebb13e2872b-le64.cache-9
7a7ad5e5c000-7a7ad5e5e000 r--p 00000000 fc:00 2382292                    /usr/lib/x86_64-linux-gnu/libXrandr.so.2.2.0
7a7ad5e5e000-7a7ad5e65000 r-xp 00002000 fc:00 2382292                    /usr/lib/x86_64-linux-gnu/libXrandr.so.2.2.0
7a7ad5e65000-7a7ad5e67000 r--p 00009000 fc:00 2382292                    /usr/lib/x86_64-linux-gnu/libXrandr.so.2.2.0
7a7ad5e67000-7a7ad5e68000 r--p 0000a000 fc:00 2382292                    /usr/lib/x86_64-linux-gnu/libXrandr.so.2.2.0
7a7ad5e68000-7a7ad5e69000 rw-p 0000b000 fc:00 2382292                    /usr/lib/x86_64-linux-gnu/libXrandr.so.2.2.0
7a7ad5e6f000-7a7ad5e7f000 rw-s 1085ed000 00:10 2076                      anon_inode:i915.gem
7a7ad5e7f000-7a7ad5e9f000 rw-s 1085cd000 00:10 2076                      anon_inode:i915.gem
7a7ad5e9f000-7a7ad5ebf000 rw-s 1085ad000 00:10 2076                      anon_inode:i915.gem
7a7ad5ebf000-7a7ad6000000 rw-s 00000000 fc:00 20578352                   /home/pavlo/.cache/mesa_shader_cache/index
7a7ad6000000-7a7ad60b3000 r--p 00000000 fc:00 2361163                    /usr/lib/x86_64-linux-gnu/libcrypto.so.3
7a7ad60b3000-7a7ad63e7000 r-xp 000b3000 fc:00 2361163                    /usr/lib/x86_64-linux-gnu/libcrypto.so.3
7a7ad63e7000-7a7ad64b2000 r--p 003e7000 fc:00 2361163                    /usr/lib/x86_64-linux-gnu/libcrypto.so.3
7a7ad64b2000-7a7ad650e000 r--p 004b1000 fc:00 2361163                    /usr/lib/x86_64-linux-gnu/libcrypto.so.3
7a7ad650e000-7a7ad6511000 rw-p 0050d000 fc:00 2361163                    /usr/lib/x86_64-linux-gnu/libcrypto.so.3
7a7ad6511000-7a7ad6514000 rw-p 00000000 00:00 0 
7a7ad6518000-7a7ad6520000 rw-s 00000000 fc:00 21252448                   /home/pavlo/IdeaProjects/Widgets/composeApp/tg-session/data/db.sqlite-shm
7a7ad6520000-7a7ad6540000 rw-s 106d0d000 00:10 2076                      anon_inode:i915.gem
7a7ad6540000-7a7ad6560000 rw-s 10de41000 00:10 2076                      anon_inode:i915.gem
7a7ad6560000-7a7ad6580000 rw-s 102f08000 00:10 2076                      anon_inode:i915.gem
7a7ad6580000-7a7ad6600000 rw-s 11118b000 00:10 2076                      anon_inode:i915.gem
7a7ad6600000-7a7ad7f36000 r-xp 00000000 fc:00 21890854                   /home/pavlo/.skiko/skiko-linux-x64-9a032b1758c7b89bc46f83c46b153923d1e956ee881f3e7fddd4f9d76c8f5315/libskiko-linux-x64.so
7a7ad7f36000-7a7ad7f6e000 r--p 01935000 fc:00 21890854                   /home/pavlo/.skiko/skiko-linux-x64-9a032b1758c7b89bc46f83c46b153923d1e956ee881f3e7fddd4f9d76c8f5315/libskiko-linux-x64.so
7a7ad7f6e000-7a7ad7f71000 rw-p 0196d000 fc:00 21890854                   /home/pavlo/.skiko/skiko-linux-x64-9a032b1758c7b89bc46f83c46b153923d1e956ee881f3e7fddd4f9d76c8f5315/libskiko-linux-x64.so
7a7ad7f71000-7a7ad7f7a000 rw-p 00000000 00:00 0 
7a7ad7f7c000-7a7ad7f8c000 rw-s 10859d000 00:10 2076                      anon_inode:i915.gem
7a7ad7f8c000-7a7ad7fcc000 rw-s 10df81000 00:10 2076                      anon_inode:i915.gem
7a7ad7fcc000-7a7ad7fda000 r--p 00000000 fc:00 2371719                    /usr/lib/x86_64-linux-gnu/libtinfo.so.6.4
7a7ad7fda000-7a7ad7fed000 r-xp 0000e000 fc:00 2371719                    /usr/lib/x86_64-linux-gnu/libtinfo.so.6.4
7a7ad7fed000-7a7ad7ffb000 r--p 00021000 fc:00 2371719                    /usr/lib/x86_64-linux-gnu/libtinfo.so.6.4
7a7ad7ffb000-7a7ad7fff000 r--p 0002e000 fc:00 2371719                    /usr/lib/x86_64-linux-gnu/libtinfo.so.6.4
7a7ad7fff000-7a7ad8000000 rw-p 00032000 fc:00 2371719                    /usr/lib/x86_64-linux-gnu/libtinfo.so.6.4
7a7ad8000000-7a7ad8021000 rw-p 00000000 00:00 0 
7a7ad8021000-7a7adc000000 ---p 00000000 00:00 0 
7a7adc000000-7a7adc021000 rw-p 00000000 00:00 0 
7a7adc021000-7a7ae0000000 ---p 00000000 00:00 0 
7a7ae0000000-7a7ae0021000 rw-p 00000000 00:00 0 
7a7ae0021000-7a7ae4000000 ---p 00000000 00:00 0 
7a7ae4000000-7a7ae4021000 rw-p 00000000 00:00 0 
7a7ae4021000-7a7ae8000000 ---p 00000000 00:00 0 
7a7ae8000000-7a7ae8021000 rw-p 00000000 00:00 0 
7a7ae8021000-7a7aec000000 ---p 00000000 00:00 0 
7a7aec000000-7a7aec021000 rw-p 00000000 00:00 0 
7a7aec021000-7a7af0000000 ---p 00000000 00:00 0 
7a7af0000000-7a7af0021000 rw-p 00000000 00:00 0 
7a7af0021000-7a7af4000000 ---p 00000000 00:00 0 
7a7af4000000-7a7af4021000 rw-p 00000000 00:00 0 
7a7af4021000-7a7af8000000 ---p 00000000 00:00 0 
7a7af8000000-7a7af8021000 rw-p 00000000 00:00 0 
7a7af8021000-7a7afc000000 ---p 00000000 00:00 0 
7a7afc000000-7a7afc021000 rw-p 00000000 00:00 0 
7a7afc021000-7a7b00000000 ---p 00000000 00:00 0 
7a7b00000000-7a7b00021000 rw-p 00000000 00:00 0 
7a7b00021000-7a7b04000000 ---p 00000000 00:00 0 
7a7b04000000-7a7b04021000 rw-p 00000000 00:00 0 
7a7b04021000-7a7b08000000 ---p 00000000 00:00 0 
7a7b08000000-7a7b08021000 rw-p 00000000 00:00 0 
7a7b08021000-7a7b0c000000 ---p 00000000 00:00 0 
7a7b0c000000-7a7b0c021000 rw-p 00000000 00:00 0 
7a7b0c021000-7a7b10000000 ---p 00000000 00:00 0 
7a7b10000000-7a7b1017b000 rw-p 00000000 00:00 0 
7a7b1017b000-7a7b14000000 ---p 00000000 00:00 0 
7a7b14000000-7a7b14066000 rw-p 00000000 00:00 0 
7a7b14066000-7a7b18000000 ---p 00000000 00:00 0 
7a7b18000000-7a7b18039000 rw-p 00000000 00:00 0 
7a7b18039000-7a7b1c000000 ---p 00000000 00:00 0 
7a7b1c000000-7a7b1c6ec000 rw-p 00000000 00:00 0 
7a7b1c6ec000-7a7b20000000 ---p 00000000 00:00 0 
7a7b20000000-7a7b20021000 rw-p 00000000 00:00 0 
7a7b20021000-7a7b24000000 ---p 00000000 00:00 0 
7a7b24000000-7a7b24021000 rw-p 00000000 00:00 0 
7a7b24021000-7a7b28000000 ---p 00000000 00:00 0 
7a7b28000000-7a7b28021000 rw-p 00000000 00:00 0 
7a7b28021000-7a7b2c000000 ---p 00000000 00:00 0 
7a7b2c000000-7a7b2c021000 rw-p 00000000 00:00 0 
7a7b2c021000-7a7b30000000 ---p 00000000 00:00 0 
7a7b30000000-7a7b30021000 rw-p 00000000 00:00 0 
7a7b30021000-7a7b34000000 ---p 00000000 00:00 0 
7a7b34000000-7a7b34021000 rw-p 00000000 00:00 0 
7a7b34021000-7a7b38000000 ---p 00000000 00:00 0 
7a7b38000000-7a7b38021000 rw-p 00000000 00:00 0 
7a7b38021000-7a7b3c000000 ---p 00000000 00:00 0 
7a7b3c000000-7a7b3c021000 rw-p 00000000 00:00 0 
7a7b3c021000-7a7b40000000 ---p 00000000 00:00 0 
7a7b40000000-7a7b40021000 rw-p 00000000 00:00 0 
7a7b40021000-7a7b44000000 ---p 00000000 00:00 0 
7a7b44000000-7a7b44021000 rw-p 00000000 00:00 0 
7a7b44021000-7a7b48000000 ---p 00000000 00:00 0 
7a7b48000000-7a7b48021000 rw-p 00000000 00:00 0 
7a7b48021000-7a7b4c000000 ---p 00000000 00:00 0 
7a7b4c003000-7a7b4c013000 rw-s 106d2d000 00:10 2076                      anon_inode:i915.gem
7a7b4c013000-7a7b4c015000 r--p 00000000 fc:00 2383509                    /usr/lib/x86_64-linux-gnu/libpciaccess.so.0.11.1
7a7b4c015000-7a7b4c01a000 r-xp 00002000 fc:00 2383509                    /usr/lib/x86_64-linux-gnu/libpciaccess.so.0.11.1
7a7b4c01a000-7a7b4c01c000 r--p 00007000 fc:00 2383509                    /usr/lib/x86_64-linux-gnu/libpciaccess.so.0.11.1
7a7b4c01c000-7a7b4c01d000 r--p 00008000 fc:00 2383509                    /usr/lib/x86_64-linux-gnu/libpciaccess.so.0.11.1
7a7b4c01d000-7a7b4c01e000 rw-p 00009000 fc:00 2383509                    /usr/lib/x86_64-linux-gnu/libpciaccess.so.0.11.1
7a7b4c01e000-7a7b4c026000 r--p 00000000 fc:00 2382750                    /usr/lib/x86_64-linux-gnu/libedit.so.2.0.72
7a7b4c026000-7a7b4c045000 r-xp 00008000 fc:00 2382750                    /usr/lib/x86_64-linux-gnu/libedit.so.2.0.72
7a7b4c045000-7a7b4c051000 r--p 00027000 fc:00 2382750                    /usr/lib/x86_64-linux-gnu/libedit.so.2.0.72
7a7b4c051000-7a7b4c053000 r--p 00033000 fc:00 2382750                    /usr/lib/x86_64-linux-gnu/libedit.so.2.0.72
7a7b4c053000-7a7b4c054000 rw-p 00035000 fc:00 2382750                    /usr/lib/x86_64-linux-gnu/libedit.so.2.0.72
7a7b4c054000-7a7b4c058000 rw-p 00000000 00:00 0 
7a7b4c058000-7a7b4c05b000 r--p 00000000 fc:00 2362107                    /usr/lib/x86_64-linux-gnu/libdrm_intel.so.1.125.0
7a7b4c05b000-7a7b4c071000 r-xp 00003000 fc:00 2362107                    /usr/lib/x86_64-linux-gnu/libdrm_intel.so.1.125.0
7a7b4c071000-7a7b4c07a000 r--p 00019000 fc:00 2362107                    /usr/lib/x86_64-linux-gnu/libdrm_intel.so.1.125.0
7a7b4c07a000-7a7b4c07b000 r--p 00021000 fc:00 2362107                    /usr/lib/x86_64-linux-gnu/libdrm_intel.so.1.125.0
7a7b4c07b000-7a7b4c07c000 rw-p 00022000 fc:00 2362107                    /usr/lib/x86_64-linux-gnu/libdrm_intel.so.1.125.0
7a7b4c07c000-7a7b4c07f000 r--p 00000000 fc:00 2382763                    /usr/lib/x86_64-linux-gnu/libelf-0.190.so
7a7b4c07f000-7a7b4c095000 r-xp 00003000 fc:00 2382763                    /usr/lib/x86_64-linux-gnu/libelf-0.190.so
7a7b4c095000-7a7b4c099000 r--p 00019000 fc:00 2382763                    /usr/lib/x86_64-linux-gnu/libelf-0.190.so
7a7b4c099000-7a7b4c09a000 r--p 0001c000 fc:00 2382763                    /usr/lib/x86_64-linux-gnu/libelf-0.190.so
7a7b4c09a000-7a7b4c09b000 rw-p 0001d000 fc:00 2382763                    /usr/lib/x86_64-linux-gnu/libelf-0.190.so
7a7b4c09b000-7a7b4c09e000 r--p 00000000 fc:00 2366558                    /usr/lib/x86_64-linux-gnu/libdrm_amdgpu.so.1.125.0
7a7b4c09e000-7a7b4c0a4000 r-xp 00003000 fc:00 2366558                    /usr/lib/x86_64-linux-gnu/libdrm_amdgpu.so.1.125.0
7a7b4c0a4000-7a7b4c0a6000 r--p 00009000 fc:00 2366558                    /usr/lib/x86_64-linux-gnu/libdrm_amdgpu.so.1.125.0
7a7b4c0a6000-7a7b4c0a7000 r--p 0000a000 fc:00 2366558                    /usr/lib/x86_64-linux-gnu/libdrm_amdgpu.so.1.125.0
7a7b4c0a7000-7a7b4c0a8000 rw-p 0000b000 fc:00 2366558                    /usr/lib/x86_64-linux-gnu/libdrm_amdgpu.so.1.125.0
7a7b4c0a8000-7a7b4c0a9000 r--p 00000000 fc:00 2384049                    /usr/lib/x86_64-linux-gnu/libxshmfence.so.1.0.0
7a7b4c0a9000-7a7b4c0aa000 r-xp 00001000 fc:00 2384049                    /usr/lib/x86_64-linux-gnu/libxshmfence.so.1.0.0
7a7b4c0aa000-7a7b4c0ab000 r--p 00002000 fc:00 2384049                    /usr/lib/x86_64-linux-gnu/libxshmfence.so.1.0.0
7a7b4c0ab000-7a7b4c0ac000 r--p 00002000 fc:00 2384049                    /usr/lib/x86_64-linux-gnu/libxshmfence.so.1.0.0
7a7b4c0ac000-7a7b4c0ad000 rw-p 00003000 fc:00 2384049                    /usr/lib/x86_64-linux-gnu/libxshmfence.so.1.0.0
7a7b4c0ad000-7a7b4c0b0000 r--p 00000000 fc:00 2384017                    /usr/lib/x86_64-linux-gnu/libxcb-sync.so.1.0.0
7a7b4c0b0000-7a7b4c0b3000 r-xp 00003000 fc:00 2384017                    /usr/lib/x86_64-linux-gnu/libxcb-sync.so.1.0.0
7a7b4c0b3000-7a7b4c0b4000 r--p 00006000 fc:00 2384017                    /usr/lib/x86_64-linux-gnu/libxcb-sync.so.1.0.0
7a7b4c0b4000-7a7b4c0b5000 r--p 00007000 fc:00 2384017                    /usr/lib/x86_64-linux-gnu/libxcb-sync.so.1.0.0
7a7b4c0b5000-7a7b4c0b6000 rw-p 00008000 fc:00 2384017                    /usr/lib/x86_64-linux-gnu/libxcb-sync.so.1.0.0
7a7b4c0b6000-7a7b4c0bd000 r--p 00000000 fc:00 2384005                    /usr/lib/x86_64-linux-gnu/libxcb-randr.so.0.1.0
7a7b4c0bd000-7a7b4c0c2000 r-xp 00007000 fc:00 2384005                    /usr/lib/x86_64-linux-gnu/libxcb-randr.so.0.1.0
7a7b4c0c2000-7a7b4c0c5000 r--p 0000c000 fc:00 2384005                    /usr/lib/x86_64-linux-gnu/libxcb-randr.so.0.1.0
7a7b4c0c5000-7a7b4c0c6000 r--p 0000f000 fc:00 2384005                    /usr/lib/x86_64-linux-gnu/libxcb-randr.so.0.1.0
7a7b4c0c6000-7a7b4c0c7000 rw-p 00010000 fc:00 2384005                    /usr/lib/x86_64-linux-gnu/libxcb-randr.so.0.1.0
7a7b4c0c7000-7a7b4c0c9000 r--p 00000000 fc:00 2383704                    /usr/lib/x86_64-linux-gnu/libsensors.so.5.0.0
7a7b4c0c9000-7a7b4c0d0000 r-xp 00002000 fc:00 2383704                    /usr/lib/x86_64-linux-gnu/libsensors.so.5.0.0
7a7b4c0d0000-7a7b4c0d4000 r--p 00009000 fc:00 2383704                    /usr/lib/x86_64-linux-gnu/libsensors.so.5.0.0
7a7b4c0d4000-7a7b4c0d5000 r--p 0000d000 fc:00 2383704                    /usr/lib/x86_64-linux-gnu/libsensors.so.5.0.0
7a7b4c0d5000-7a7b4c0d6000 rw-p 0000e000 fc:00 2383704                    /usr/lib/x86_64-linux-gnu/libsensors.so.5.0.0
7a7b4c0d6000-7a7b4c0d9000 r--p 00000000 fc:00 2384021                    /usr/lib/x86_64-linux-gnu/libxcb-xfixes.so.0.0.0
7a7b4c0d9000-7a7b4c0dc000 r-xp 00003000 fc:00 2384021                    /usr/lib/x86_64-linux-gnu/libxcb-xfixes.so.0.0.0
7a7b4c0dc000-7a7b4c0de000 r--p 00006000 fc:00 2384021                    /usr/lib/x86_64-linux-gnu/libxcb-xfixes.so.0.0.0
7a7b4c0de000-7a7b4c0df000 r--p 00007000 fc:00 2384021                    /usr/lib/x86_64-linux-gnu/libxcb-xfixes.so.0.0.0
7a7b4c0df000-7a7b4c0e0000 rw-p 00008000 fc:00 2384021                    /usr/lib/x86_64-linux-gnu/libxcb-xfixes.so.0.0.0
7a7b4c0e0000-7a7b4c0e1000 r--p 00000000 fc:00 2384003                    /usr/lib/x86_64-linux-gnu/libxcb-present.so.0.0.0
7a7b4c0e1000-7a7b4c0e2000 r-xp 00001000 fc:00 2384003                    /usr/lib/x86_64-linux-gnu/libxcb-present.so.0.0.0
7a7b4c0e2000-7a7b4c0e3000 r--p 00002000 fc:00 2384003                    /usr/lib/x86_64-linux-gnu/libxcb-present.so.0.0.0
7a7b4c0e3000-7a7b4c0e4000 r--p 00002000 fc:00 2384003                    /usr/lib/x86_64-linux-gnu/libxcb-present.so.0.0.0
7a7b4c0e4000-7a7b4c0e5000 rw-p 00003000 fc:00 2384003                    /usr/lib/x86_64-linux-gnu/libxcb-present.so.0.0.0
7a7b4c0e5000-7a7b4c0f0000 r--p 00000000 fc:00 2383995                    /usr/lib/x86_64-linux-gnu/libxcb-glx.so.0.0.0
7a7b4c0f0000-7a7b4c0f9000 r-xp 0000b000 fc:00 2383995                    /usr/lib/x86_64-linux-gnu/libxcb-glx.so.0.0.0
7a7b4c0f9000-7a7b4c0fe000 r--p 00014000 fc:00 2383995                    /usr/lib/x86_64-linux-gnu/libxcb-glx.so.0.0.0
7a7b4c0fe000-7a7b4c100000 r--p 00019000 fc:00 2383995                    /usr/lib/x86_64-linux-gnu/libxcb-glx.so.0.0.0
7a7b4c100000-7a7b4c101000 rw-p 0001b000 fc:00 2383995                    /usr/lib/x86_64-linux-gnu/libxcb-glx.so.0.0.0
7a7b4c101000-7a7b4c10c000 r--p 00000000 fc:00 2362498                    /usr/lib/x86_64-linux-gnu/libGLX_mesa.so.0.0.0
7a7b4c10c000-7a7b4c139000 r-xp 0000b000 fc:00 2362498                    /usr/lib/x86_64-linux-gnu/libGLX_mesa.so.0.0.0
7a7b4c139000-7a7b4c148000 r--p 00038000 fc:00 2362498                    /usr/lib/x86_64-linux-gnu/libGLX_mesa.so.0.0.0
7a7b4c148000-7a7b4c14b000 r--p 00047000 fc:00 2362498                    /usr/lib/x86_64-linux-gnu/libGLX_mesa.so.0.0.0
7a7b4c14b000-7a7b4c14c000 rw-p 0004a000 fc:00 2362498                    /usr/lib/x86_64-linux-gnu/libGLX_mesa.so.0.0.0
7a7b4c14c000-7a7b4c14d000 rw-p 00000000 00:00 0 
7a7b4c14d000-7a7b4c16b000 r--p 00000000 fc:00 2361164                    /usr/lib/x86_64-linux-gnu/libssl.so.3
7a7b4c16b000-7a7b4c1cd000 r-xp 0001e000 fc:00 2361164                    /usr/lib/x86_64-linux-gnu/libssl.so.3
7a7b4c1cd000-7a7b4c1e9000 r--p 00080000 fc:00 2361164                    /usr/lib/x86_64-linux-gnu/libssl.so.3
7a7b4c1e9000-7a7b4c1f3000 r--p 0009c000 fc:00 2361164                    /usr/lib/x86_64-linux-gnu/libssl.so.3
7a7b4c1f3000-7a7b4c1f7000 rw-p 000a6000 fc:00 2361164                    /usr/lib/x86_64-linux-gnu/libssl.so.3
7a7b4c1f7000-7a7b4c1f8000 ---p 00000000 00:00 0 
7a7b4c1f8000-7a7b4c2f8000 rw-p 00000000 00:00 0 
7a7b4c2f8000-7a7b4c2f9000 ---p 00000000 00:00 0 
7a7b4c2f9000-7a7b4c3f9000 rw-p 00000000 00:00 0 
7a7b4c3f9000-7a7b4c3fa000 ---p 00000000 00:00 0 
7a7b4c3fa000-7a7b4c4fa000 rw-p 00000000 00:00 0 
7a7b4c4fa000-7a7b4c4fb000 ---p 00000000 00:00 0 
7a7b4c4fb000-7a7b4c5fb000 rw-p 00000000 00:00 0 
7a7b4c5fb000-7a7b4c5fc000 ---p 00000000 00:00 0 
7a7b4c5fc000-7a7b4c6fc000 rw-p 00000000 00:00 0 
7a7b4c6fc000-7a7b4c700000 ---p 00000000 00:00 0 
7a7b4c700000-7a7b4c7fc000 rw-p 00000000 00:00 0 
7a7b4c7fc000-7a7b4c7fd000 ---p 00000000 00:00 0 
7a7b4c7fd000-7a7b4c8fd000 rw-p 00000000 00:00 0 
7a7b4c8fd000-7a7b4c8fe000 ---p 00000000 00:00 0 
7a7b4c8fe000-7a7b4c9fe000 rw-p 00000000 00:00 0 
7a7b4c9fe000-7a7b4ca02000 r--p 00000000 fc:00 2384071                    /usr/lib/x86_64-linux-gnu/libzstd.so.1.5.5
7a7b4ca02000-7a7b4caa9000 r-xp 00004000 fc:00 2384071                    /usr/lib/x86_64-linux-gnu/libzstd.so.1.5.5
7a7b4caa9000-7a7b4cab6000 r--p 000ab000 fc:00 2384071                    /usr/lib/x86_64-linux-gnu/libzstd.so.1.5.5
7a7b4cab6000-7a7b4cab7000 r--p 000b7000 fc:00 2384071                    /usr/lib/x86_64-linux-gnu/libzstd.so.1.5.5
7a7b4cab7000-7a7b4cab8000 rw-p 000b8000 fc:00 2384071                    /usr/lib/x86_64-linux-gnu/libzstd.so.1.5.5
7a7b4cab8000-7a7b4cac7000 r--p 00000000 fc:00 2361296                    /usr/lib/x86_64-linux-gnu/libgcrypt.so.20.4.3
7a7b4cac7000-7a7b4cbbb000 r-xp 0000f000 fc:00 2361296                    /usr/lib/x86_64-linux-gnu/libgcrypt.so.20.4.3
7a7b4cbbb000-7a7b4cbf6000 r--p 00103000 fc:00 2361296                    /usr/lib/x86_64-linux-gnu/libgcrypt.so.20.4.3
7a7b4cbf6000-7a7b4cbfb000 r--p 0013e000 fc:00 2361296                    /usr/lib/x86_64-linux-gnu/libgcrypt.so.20.4.3
7a7b4cbfb000-7a7b4cbff000 rw-p 00143000 fc:00 2361296                    /usr/lib/x86_64-linux-gnu/libgcrypt.so.20.4.3
7a7b4cbff000-7a7b4cc00000 rw-p 00000000 00:00 0 
7a7b4cc00000-7a7b4cc9d000 r--p 00000000 fc:00 2383778                    /usr/lib/x86_64-linux-gnu/libstdc++.so.6.0.33
7a7b4cc9d000-7a7b4cde5000 r-xp 0009d000 fc:00 2383778                    /usr/lib/x86_64-linux-gnu/libstdc++.so.6.0.33
7a7b4cde5000-7a7b4ce6c000 r--p 001e5000 fc:00 2383778                    /usr/lib/x86_64-linux-gnu/libstdc++.so.6.0.33
7a7b4ce6c000-7a7b4ce77000 r--p 0026b000 fc:00 2383778                    /usr/lib/x86_64-linux-gnu/libstdc++.so.6.0.33
7a7b4ce77000-7a7b4ce7a000 rw-p 00276000 fc:00 2383778                    /usr/lib/x86_64-linux-gnu/libstdc++.so.6.0.33
7a7b4ce7a000-7a7b4ce7e000 rw-p 00000000 00:00 0 
7a7b4ce7f000-7a7b4ce81000 r--p 00000000 fc:00 2383993                    /usr/lib/x86_64-linux-gnu/libxcb-dri3.so.0.1.0
7a7b4ce81000-7a7b4ce83000 r-xp 00002000 fc:00 2383993                    /usr/lib/x86_64-linux-gnu/libxcb-dri3.so.0.1.0
7a7b4ce83000-7a7b4ce84000 r--p 00004000 fc:00 2383993                    /usr/lib/x86_64-linux-gnu/libxcb-dri3.so.0.1.0
7a7b4ce84000-7a7b4ce85000 r--p 00004000 fc:00 2383993                    /usr/lib/x86_64-linux-gnu/libxcb-dri3.so.0.1.0
7a7b4ce85000-7a7b4ce86000 rw-p 00005000 fc:00 2383993                    /usr/lib/x86_64-linux-gnu/libxcb-dri3.so.0.1.0
7a7b4ce86000-7a7b4ce87000 r--p 00000000 fc:00 2384015                    /usr/lib/x86_64-linux-gnu/libxcb-shm.so.0.0.0
7a7b4ce87000-7a7b4ce88000 r-xp 00001000 fc:00 2384015                    /usr/lib/x86_64-linux-gnu/libxcb-shm.so.0.0.0
7a7b4ce88000-7a7b4ce89000 r--p 00002000 fc:00 2384015                    /usr/lib/x86_64-linux-gnu/libxcb-shm.so.0.0.0
7a7b4ce89000-7a7b4ce8a000 r--p 00002000 fc:00 2384015                    /usr/lib/x86_64-linux-gnu/libxcb-shm.so.0.0.0
7a7b4ce8a000-7a7b4ce8b000 rw-p 00003000 fc:00 2384015                    /usr/lib/x86_64-linux-gnu/libxcb-shm.so.0.0.0
7a7b4ce8b000-7a7b4ce90000 r--p 00000000 fc:00 2366549                    /usr/lib/x86_64-linux-gnu/libdrm.so.2.125.0
7a7b4ce90000-7a7b4ce9c000 r-xp 00005000 fc:00 2366549                    /usr/lib/x86_64-linux-gnu/libdrm.so.2.125.0
7a7b4ce9c000-7a7b4cea0000 r--p 00011000 fc:00 2366549                    /usr/lib/x86_64-linux-gnu/libdrm.so.2.125.0
7a7b4cea0000-7a7b4cea1000 r--p 00015000 fc:00 2366549                    /usr/lib/x86_64-linux-gnu/libdrm.so.2.125.0
7a7b4cea1000-7a7b4cea2000 rw-p 00016000 fc:00 2366549                    /usr/lib/x86_64-linux-gnu/libdrm.so.2.125.0
7a7b4cea2000-7a7b4cf00000 r--s 00000000 fc:00 7865704                    /var/cache/fontconfig/2300eef321c393bfd76478a5c0e95b23-le64.cache-9
7a7b4cf00000-7a7b4cf04000 ---p 00000000 00:00 0 
7a7b4cf04000-7a7b4d000000 rw-p 00000000 00:00 0 
7a7b4d000000-7a7b4d004000 ---p 00000000 00:00 0 
7a7b4d004000-7a7b4d100000 rw-p 00000000 00:00 0 
7a7b4d100000-7a7b4d104000 ---p 00000000 00:00 0 
7a7b4d104000-7a7b4d200000 rw-p 00000000 00:00 0 
7a7b4d200000-7a7b4d202000 r-xp 00000000 fc:00 21496944                   /home/pavlo/.jdks/corretto-21.0.10/lib/libextnet.so
7a7b4d202000-7a7b4d401000 ---p 00002000 fc:00 21496944                   /home/pavlo/.jdks/corretto-21.0.10/lib/libextnet.so
7a7b4d401000-7a7b4d402000 r--p 00001000 fc:00 21496944                   /home/pavlo/.jdks/corretto-21.0.10/lib/libextnet.so
7a7b4d402000-7a7b4d403000 rw-p 00000000 00:00 0 
7a7b4d403000-7a7b4d404000 r--p 00000000 fc:00 2382310                    /usr/lib/x86_64-linux-gnu/libXxf86vm.so.1.0.0
7a7b4d404000-7a7b4d407000 r-xp 00001000 fc:00 2382310                    /usr/lib/x86_64-linux-gnu/libXxf86vm.so.1.0.0
7a7b4d407000-7a7b4d408000 r--p 00004000 fc:00 2382310                    /usr/lib/x86_64-linux-gnu/libXxf86vm.so.1.0.0
7a7b4d408000-7a7b4d409000 r--p 00004000 fc:00 2382310                    /usr/lib/x86_64-linux-gnu/libXxf86vm.so.1.0.0
7a7b4d409000-7a7b4d40a000 rw-p 00005000 fc:00 2382310                    /usr/lib/x86_64-linux-gnu/libXxf86vm.so.1.0.0
7a7b4d40a000-7a7b4d40b000 r--p 00000000 fc:00 2383426                    /usr/lib/x86_64-linux-gnu/libnss_mdns4_minimal.so.2
7a7b4d40b000-7a7b4d40d000 r-xp 00001000 fc:00 2383426                    /usr/lib/x86_64-linux-gnu/libnss_mdns4_minimal.so.2
7a7b4d40d000-7a7b4d40e000 r--p 00003000 fc:00 2383426                    /usr/lib/x86_64-linux-gnu/libnss_mdns4_minimal.so.2
7a7b4d40e000-7a7b4d40f000 r--p 00003000 fc:00 2383426                    /usr/lib/x86_64-linux-gnu/libnss_mdns4_minimal.so.2
7a7b4d40f000-7a7b4d410000 rw-p 00004000 fc:00 2383426                    /usr/lib/x86_64-linux-gnu/libnss_mdns4_minimal.so.2
7a7b4d410000-7a7b4d420000 rw-s 105ab1000 00:10 2076                      anon_inode:i915.gem
7a7b4d420000-7a7b4d436000 r--p 00000000 fc:00 2365013                    /usr/lib/x86_64-linux-gnu/libsystemd.so.0.38.0
7a7b4d436000-7a7b4d4c5000 r-xp 00016000 fc:00 2365013                    /usr/lib/x86_64-linux-gnu/libsystemd.so.0.38.0
7a7b4d4c5000-7a7b4d4f3000 r--p 000a5000 fc:00 2365013                    /usr/lib/x86_64-linux-gnu/libsystemd.so.0.38.0
7a7b4d4f3000-7a7b4d4fe000 r--p 000d2000 fc:00 2365013                    /usr/lib/x86_64-linux-gnu/libsystemd.so.0.38.0
7a7b4d4fe000-7a7b4d4ff000 rw-p 000dd000 fc:00 2365013                    /usr/lib/x86_64-linux-gnu/libsystemd.so.0.38.0
7a7b4d4ff000-7a7b4d500000 rw-p 00000000 00:00 0 
7a7b4d500000-7a7b4d504000 ---p 00000000 00:00 0 
7a7b4d504000-7a7b4d600000 rw-p 00000000 00:00 0 
7a7b4d600000-7a7b4d604000 ---p 00000000 00:00 0 
7a7b4d604000-7a7b4d700000 rw-p 00000000 00:00 0 
7a7b4d700000-7a7b4d704000 ---p 00000000 00:00 0 
7a7b4d704000-7a7b4d800000 rw-p 00000000 00:00 0 
7a7b4d800000-7a7b4d804000 ---p 00000000 00:00 0 
7a7b4d804000-7a7b4d900000 rw-p 00000000 00:00 0 
7a7b4d900000-7a7b4d904000 ---p 00000000 00:00 0 
7a7b4d904000-7a7b4da00000 rw-p 00000000 00:00 0 
7a7b4da00000-7a7b4da04000 ---p 00000000 00:00 0 
7a7b4da04000-7a7b4db00000 rw-p 00000000 00:00 0 
7a7b4db00000-7a7b4db04000 ---p 00000000 00:00 0 
7a7b4db04000-7a7b4dc00000 rw-p 00000000 00:00 0 
7a7b4dc00000-7a7b4dc04000 ---p 00000000 00:00 0 
7a7b4dc04000-7a7b4dd00000 rw-p 00000000 00:00 0 
7a7b4dd00000-7a7b4dd04000 ---p 00000000 00:00 0 
7a7b4dd04000-7a7b4de00000 rw-p 00000000 00:00 0 
7a7b4de00000-7a7b4deaa000 r-xp 00000000 fc:00 21496946                   /home/pavlo/.jdks/corretto-21.0.10/lib/libfreetype.so
7a7b4deaa000-7a7b4e0a9000 ---p 000aa000 fc:00 21496946                   /home/pavlo/.jdks/corretto-21.0.10/lib/libfreetype.so
7a7b4e0a9000-7a7b4e0af000 r--p 000a9000 fc:00 21496946                   /home/pavlo/.jdks/corretto-21.0.10/lib/libfreetype.so
7a7b4e0af000-7a7b4e0b0000 rw-p 00000000 00:00 0 
7a7b4e0b1000-7a7b4e0bd000 r--p 00000000 fc:00 2382665                    /usr/lib/x86_64-linux-gnu/libdbus-1.so.3.32.4
7a7b4e0bd000-7a7b4e0ed000 r-xp 0000c000 fc:00 2382665                    /usr/lib/x86_64-linux-gnu/libdbus-1.so.3.32.4
7a7b4e0ed000-7a7b4e0fe000 r--p 0003c000 fc:00 2382665                    /usr/lib/x86_64-linux-gnu/libdbus-1.so.3.32.4
7a7b4e0fe000-7a7b4e0ff000 r--p 0004c000 fc:00 2382665                    /usr/lib/x86_64-linux-gnu/libdbus-1.so.3.32.4
7a7b4e0ff000-7a7b4e100000 rw-p 0004d000 fc:00 2382665                    /usr/lib/x86_64-linux-gnu/libdbus-1.so.3.32.4
7a7b4e100000-7a7b4e104000 ---p 00000000 00:00 0 
7a7b4e104000-7a7b4e200000 rw-p 00000000 00:00 0 
7a7b4e200000-7a7b4e3c9000 r-xp 00000000 fc:00 21496945                   /home/pavlo/.jdks/corretto-21.0.10/lib/libfontmanager.so
7a7b4e3c9000-7a7b4e5c8000 ---p 001c9000 fc:00 21496945                   /home/pavlo/.jdks/corretto-21.0.10/lib/libfontmanager.so
7a7b4e5c8000-7a7b4e5ca000 r--p 001c8000 fc:00 21496945                   /home/pavlo/.jdks/corretto-21.0.10/lib/libfontmanager.so
7a7b4e5ca000-7a7b4e5cb000 rw-p 001ca000 fc:00 21496945                   /home/pavlo/.jdks/corretto-21.0.10/lib/libfontmanager.so
7a7b4e5cb000-7a7b4e5cc000 rw-p 00000000 00:00 0 
7a7b4e5cd000-7a7b4e5ce000 r--p 00000000 fc:00 2382253                    /usr/lib/x86_64-linux-gnu/libX11-xcb.so.1.0.0
7a7b4e5ce000-7a7b4e5cf000 r-xp 00001000 fc:00 2382253                    /usr/lib/x86_64-linux-gnu/libX11-xcb.so.1.0.0
7a7b4e5cf000-7a7b4e5d0000 r--p 00002000 fc:00 2382253                    /usr/lib/x86_64-linux-gnu/libX11-xcb.so.1.0.0
7a7b4e5d0000-7a7b4e5d1000 r--p 00002000 fc:00 2382253                    /usr/lib/x86_64-linux-gnu/libX11-xcb.so.1.0.0
7a7b4e5d1000-7a7b4e5d2000 rw-p 00003000 fc:00 2382253                    /usr/lib/x86_64-linux-gnu/libX11-xcb.so.1.0.0
7a7b4e5d2000-7a7b4e5d8000 r--s 00000000 fc:00 7865710                    /var/cache/fontconfig/93a229ddef8289df64ac13624924bd14-le64.cache-9
7a7b4e5d8000-7a7b4e600000 r--s 00000000 fc:00 7865323                    /var/cache/fontconfig/9b89f8e3dae116d678bbf48e5f21f69b-le64.cache-9
7a7b4e600000-7a7b4e671000 r-xp 00000000 fc:00 21496942                   /home/pavlo/.jdks/corretto-21.0.10/lib/libawt_xawt.so
7a7b4e671000-7a7b4e870000 ---p 00071000 fc:00 21496942                   /home/pavlo/.jdks/corretto-21.0.10/lib/libawt_xawt.so
7a7b4e870000-7a7b4e876000 r--p 00070000 fc:00 21496942                   /home/pavlo/.jdks/corretto-21.0.10/lib/libawt_xawt.so
7a7b4e876000-7a7b4e878000 rw-p 00076000 fc:00 21496942                   /home/pavlo/.jdks/corretto-21.0.10/lib/libawt_xawt.so
7a7b4e878000-7a7b4e87a000 rw-p 00000000 00:00 0 
7a7b4e87a000-7a7b4e87e000 r--s 00000000 fc:00 7865708                    /var/cache/fontconfig/62a296f92cd800a49657533f3dfe810f-le64.cache-9
7a7b4e87e000-7a7b4e88c000 r--s 00000000 fc:00 7865705                    /var/cache/fontconfig/a4e60e8d1e10d2fdff3fe3037a1845fb-le64.cache-9
7a7b4e88c000-7a7b4e891000 r--s 00000000 fc:00 7865674                    /var/cache/fontconfig/f0b0891f3a988e97b2aa7c076a1430f3-le64.cache-9
7a7b4e891000-7a7b4e894000 r--p 00000000 fc:00 2365630                    /usr/lib/x86_64-linux-gnu/liblzma.so.5.4.5
7a7b4e894000-7a7b4e8b6000 r-xp 00003000 fc:00 2365630                    /usr/lib/x86_64-linux-gnu/liblzma.so.5.4.5
7a7b4e8b6000-7a7b4e8c1000 r--p 00025000 fc:00 2365630                    /usr/lib/x86_64-linux-gnu/liblzma.so.5.4.5
7a7b4e8c1000-7a7b4e8c2000 r--p 00030000 fc:00 2365630                    /usr/lib/x86_64-linux-gnu/liblzma.so.5.4.5
7a7b4e8c2000-7a7b4e8c3000 rw-p 00031000 fc:00 2365630                    /usr/lib/x86_64-linux-gnu/liblzma.so.5.4.5
7a7b4e8c3000-7a7b4e8dc000 r--p 00000000 fc:00 2382255                    /usr/lib/x86_64-linux-gnu/libX11.so.6.4.0
7a7b4e8dc000-7a7b4e96c000 r-xp 00019000 fc:00 2382255                    /usr/lib/x86_64-linux-gnu/libX11.so.6.4.0
7a7b4e96c000-7a7b4e9fb000 r--p 000a9000 fc:00 2382255                    /usr/lib/x86_64-linux-gnu/libX11.so.6.4.0
7a7b4e9fb000-7a7b4e9fc000 r--p 00138000 fc:00 2382255                    /usr/lib/x86_64-linux-gnu/libX11.so.6.4.0
7a7b4e9fc000-7a7b4ea00000 rw-p 00139000 fc:00 2382255                    /usr/lib/x86_64-linux-gnu/libX11.so.6.4.0
7a7b4ea00000-7a7b4eaaf000 r-xp 00000000 fc:00 21496940                   /home/pavlo/.jdks/corretto-21.0.10/lib/libawt.so
7a7b4eaaf000-7a7b4ecae000 ---p 000af000 fc:00 21496940                   /home/pavlo/.jdks/corretto-21.0.10/lib/libawt.so
7a7b4ecae000-7a7b4ecaf000 r--p 000ae000 fc:00 21496940                   /home/pavlo/.jdks/corretto-21.0.10/lib/libawt.so
7a7b4ecaf000-7a7b4ecba000 rw-p 000af000 fc:00 21496940                   /home/pavlo/.jdks/corretto-21.0.10/lib/libawt.so
7a7b4ecba000-7a7b4ecdf000 rw-p 00000000 00:00 0 
7a7b4ece0000-7a7b4ece1000 rw-s 00000000 00:01 3413                       /memfd:xshmfence (deleted)
7a7b4ece1000-7a7b4ece2000 rw-s 00000000 00:01 6292                       /memfd:xshmfence (deleted)
7a7b4ece2000-7a7b4ecef000 r--s 00000000 fc:00 7869334                    /var/cache/fontconfig/d589a48862398ed80a3d6066f4f56f4c-le64.cache-9
7a7b4ecef000-7a7b4ecff000 r--s 00000000 fc:00 7865365                    /var/cache/fontconfig/6cc790b63b123a6a96ee260fcdad32a9-le64.cache-9
7a7b4ecff000-7a7b4ed03000 ---p 00000000 00:00 0 
7a7b4ed03000-7a7b4edff000 rw-p 00000000 00:00 0 
7a7b4edff000-7a7b4ee03000 ---p 00000000 00:00 0 
7a7b4ee03000-7a7b4eeff000 rw-p 00000000 00:00 0 
7a7b4eeff000-7a7b4ef03000 ---p 00000000 00:00 0 
7a7b4ef03000-7a7b4efff000 rw-p 00000000 00:00 0 
7a7b4efff000-7a7b4f003000 ---p 00000000 00:00 0 
7a7b4f003000-7a7b4f0ff000 rw-p 00000000 00:00 0 
7a7b4f0ff000-7a7b4f103000 ---p 00000000 00:00 0 
7a7b4f103000-7a7b4f1ff000 rw-p 00000000 00:00 0 
7a7b4f1ff000-7a7b4f203000 ---p 00000000 00:00 0 
7a7b4f203000-7a7b4f2ff000 rw-p 00000000 00:00 0 
7a7b4f2ff000-7a7b4f303000 ---p 00000000 00:00 0 
7a7b4f303000-7a7b4f3ff000 rw-p 00000000 00:00 0 
7a7b4f3ff000-7a7b4f403000 ---p 00000000 00:00 0 
7a7b4f403000-7a7b4f4ff000 rw-p 00000000 00:00 0 
7a7b4f4ff000-7a7b4f503000 ---p 00000000 00:00 0 
7a7b4f503000-7a7b4f5ff000 rw-p 00000000 00:00 0 
7a7b4f5ff000-7a7b4f603000 ---p 00000000 00:00 0 
7a7b4f603000-7a7b4f6ff000 rw-p 00000000 00:00 0 
7a7b4f6ff000-7a7b4f703000 ---p 00000000 00:00 0 
7a7b4f703000-7a7b4f7ff000 rw-p 00000000 00:00 0 
7a7b4f7ff000-7a7b4f800000 ---p 00000000 00:00 0 
7a7b4f800000-7a7b50000000 rw-p 00000000 00:00 0 
7a7b50000000-7a7b50021000 rw-p 00000000 00:00 0 
7a7b50021000-7a7b54000000 ---p 00000000 00:00 0 
7a7b54000000-7a7b54021000 rw-p 00000000 00:00 0 
7a7b54021000-7a7b58000000 ---p 00000000 00:00 0 
7a7b58000000-7a7b58021000 rw-p 00000000 00:00 0 
7a7b58021000-7a7b5c000000 ---p 00000000 00:00 0 
7a7b5c000000-7a7b5c021000 rw-p 00000000 00:00 0 
7a7b5c021000-7a7b60000000 ---p 00000000 00:00 0 
7a7b60000000-7a7b60c2d000 rw-p 00000000 00:00 0 
7a7b60c2d000-7a7b64000000 ---p 00000000 00:00 0 
7a7b64000000-7a7b64021000 rw-p 00000000 00:00 0 
7a7b64021000-7a7b68000000 ---p 00000000 00:00 0 
7a7b68000000-7a7b68021000 rw-p 00000000 00:00 0 
7a7b68021000-7a7b6c000000 ---p 00000000 00:00 0 
7a7b6c000000-7a7b6d0bf000 rw-p 00000000 00:00 0 
7a7b6d0bf000-7a7b70000000 ---p 00000000 00:00 0 
7a7b70000000-7a7b70498000 rw-p 00000000 00:00 0 
7a7b70498000-7a7b74000000 ---p 00000000 00:00 0 
7a7b74000000-7a7b74021000 rw-p 00000000 00:00 0 
7a7b74021000-7a7b78000000 ---p 00000000 00:00 0 
7a7b78000000-7a7b78021000 rw-p 00000000 00:00 0 
7a7b78021000-7a7b7c000000 ---p 00000000 00:00 0 
7a7b7c000000-7a7b7d17f000 rw-p 00000000 00:00 0 
7a7b7d17f000-7a7b80000000 ---p 00000000 00:00 0 
7a7b80000000-7a7b80021000 rw-p 00000000 00:00 0 
7a7b80021000-7a7b84000000 ---p 00000000 00:00 0 
7a7b84000000-7a7b84021000 rw-p 00000000 00:00 0 
7a7b84021000-7a7b88000000 ---p 00000000 00:00 0 
7a7b88000000-7a7b88021000 rw-p 00000000 00:00 0 
7a7b88021000-7a7b8c000000 ---p 00000000 00:00 0 
7a7b8c000000-7a7b8c021000 rw-p 00000000 00:00 0 
7a7b8c021000-7a7b90000000 ---p 00000000 00:00 0 
7a7b90000000-7a7b9020b000 rw-p 00000000 00:00 0 
7a7b9020b000-7a7b94004000 ---p 00000000 00:00 0 
7a7b94004000-7a7b94100000 rw-p 00000000 00:00 0 
7a7b94100000-7a7b94104000 ---p 00000000 00:00 0 
7a7b94104000-7a7b94200000 rw-p 00000000 00:00 0 
7a7b94200000-7a7b94201000 r-xp 00000000 fc:00 21496951                   /home/pavlo/.jdks/corretto-21.0.10/lib/libjaas.so
7a7b94201000-7a7b94400000 ---p 00001000 fc:00 21496951                   /home/pavlo/.jdks/corretto-21.0.10/lib/libjaas.so
7a7b94400000-7a7b94401000 r--p 00000000 fc:00 21496951                   /home/pavlo/.jdks/corretto-21.0.10/lib/libjaas.so
7a7b94401000-7a7b94402000 rw-p 00000000 00:00 0 
7a7b94402000-7a7b94403000 rw-s 1067f6000 00:10 2076                      anon_inode:i915.gem
7a7b94403000-7a7b94405000 r--s 00000000 fc:00 7865706                    /var/cache/fontconfig/3bd6a00a1059ca9725da3f0d7afa935d-le64.cache-9
7a7b94405000-7a7b94409000 r--s 00000000 fc:00 7865671                    /var/cache/fontconfig/7b79abe4499501fcd4e4826394083a53-le64.cache-9
7a7b94409000-7a7b9440d000 r--p 00000000 fc:00 2382963                    /usr/lib/x86_64-linux-gnu/libgpg-error.so.0.34.0
7a7b9440d000-7a7b94423000 r-xp 00004000 fc:00 2382963                    /usr/lib/x86_64-linux-gnu/libgpg-error.so.0.34.0
7a7b94423000-7a7b9442c000 r--p 0001a000 fc:00 2382963                    /usr/lib/x86_64-linux-gnu/libgpg-error.so.0.34.0
7a7b9442c000-7a7b9442d000 r--p 00023000 fc:00 2382963                    /usr/lib/x86_64-linux-gnu/libgpg-error.so.0.34.0
7a7b9442d000-7a7b9442e000 rw-p 00024000 fc:00 2382963                    /usr/lib/x86_64-linux-gnu/libgpg-error.so.0.34.0
7a7b9442e000-7a7b9443b000 r--p 00000000 fc:00 2361533                    /usr/lib/x86_64-linux-gnu/libfreetype.so.6.20.1
7a7b9443b000-7a7b944cc000 r-xp 0000d000 fc:00 2361533                    /usr/lib/x86_64-linux-gnu/libfreetype.so.6.20.1
7a7b944cc000-7a7b944f2000 r--p 0009e000 fc:00 2361533                    /usr/lib/x86_64-linux-gnu/libfreetype.so.6.20.1
7a7b944f2000-7a7b944f9000 r--p 000c4000 fc:00 2361533                    /usr/lib/x86_64-linux-gnu/libfreetype.so.6.20.1
7a7b944f9000-7a7b944fa000 rw-p 000cb000 fc:00 2361533                    /usr/lib/x86_64-linux-gnu/libfreetype.so.6.20.1
7a7b944fa000-7a7b944fb000 ---p 00000000 00:00 0 
7a7b944fb000-7a7b945fb000 rw-p 00000000 00:00 0 
7a7b945fb000-7a7b945fc000 ---p 00000000 00:00 0 
7a7b945fc000-7a7b946fc000 rw-p 00000000 00:00 0 
7a7b946fc000-7a7b946fd000 ---p 00000000 00:00 0 
7a7b946fd000-7a7b947fd000 rw-p 00000000 00:00 0 
7a7b947fd000-7a7b947fe000 ---p 00000000 00:00 0 
7a7b947fe000-7a7b94ffe000 rw-p 00000000 00:00 0 
7a7b94ffe000-7a7b94fff000 ---p 00000000 00:00 0 
7a7b94fff000-7a7b957ff000 rw-p 00000000 00:00 0 
7a7b957ff000-7a7b95800000 ---p 00000000 00:00 0 
7a7b95800000-7a7b96000000 rw-p 00000000 00:00 0 
7a7b96000000-7a7b9601e000 r-xp 00000000 fc:00 20867340                   /home/pavlo/.cache/JNA/temp/jna11381819367917606175.tmp (deleted)
7a7b9601e000-7a7b9621d000 ---p 0001e000 fc:00 20867340                   /home/pavlo/.cache/JNA/temp/jna11381819367917606175.tmp (deleted)
7a7b9621d000-7a7b9621e000 rw-p 0001d000 fc:00 20867340                   /home/pavlo/.cache/JNA/temp/jna11381819367917606175.tmp (deleted)
7a7b9621e000-7a7b9621f000 rw-p 00000000 00:00 0 
7a7b9621f000-7a7b96225000 r--s 00000000 fc:00 7865584                    /var/cache/fontconfig/bbd3eebb6912613e2596f2fd46535a95-le64.cache-9
7a7b96225000-7a7b96228000 r--p 00000000 fc:00 2383287                    /usr/lib/x86_64-linux-gnu/liblz4.so.1.9.4
7a7b96228000-7a7b96243000 r-xp 00003000 fc:00 2383287                    /usr/lib/x86_64-linux-gnu/liblz4.so.1.9.4
7a7b96243000-7a7b96245000 r--p 0001e000 fc:00 2383287                    /usr/lib/x86_64-linux-gnu/liblz4.so.1.9.4
7a7b96245000-7a7b96246000 r--p 00020000 fc:00 2383287                    /usr/lib/x86_64-linux-gnu/liblz4.so.1.9.4
7a7b96246000-7a7b96247000 rw-p 00021000 fc:00 2383287                    /usr/lib/x86_64-linux-gnu/liblz4.so.1.9.4
7a7b96247000-7a7b96288000 r--p 00000000 fc:00 2382189                    /usr/lib/x86_64-linux-gnu/libGLdispatch.so.0.0.0
7a7b96288000-7a7b962c7000 r-xp 00041000 fc:00 2382189                    /usr/lib/x86_64-linux-gnu/libGLdispatch.so.0.0.0
7a7b962c7000-7a7b962da000 r--p 00080000 fc:00 2382189                    /usr/lib/x86_64-linux-gnu/libGLdispatch.so.0.0.0
7a7b962da000-7a7b962f6000 r--p 00093000 fc:00 2382189                    /usr/lib/x86_64-linux-gnu/libGLdispatch.so.0.0.0
7a7b962f6000-7a7b962f7000 rw-p 000af000 fc:00 2382189                    /usr/lib/x86_64-linux-gnu/libGLdispatch.so.0.0.0
7a7b962f7000-7a7b962ff000 rw-p 00000000 00:00 0 
7a7b962ff000-7a7b96300000 ---p 00000000 00:00 0 
7a7b96300000-7a7b96400000 rw-p 00000000 00:00 0 
7a7b96400000-7a7b96407000 r-xp 00000000 fc:00 21496976                   /home/pavlo/.jdks/corretto-21.0.10/lib/libzip.so
7a7b96407000-7a7b96606000 ---p 00007000 fc:00 21496976                   /home/pavlo/.jdks/corretto-21.0.10/lib/libzip.so
7a7b96606000-7a7b96607000 r--p 00006000 fc:00 21496976                   /home/pavlo/.jdks/corretto-21.0.10/lib/libzip.so
7a7b96607000-7a7b96608000 rw-p 00000000 00:00 0 
7a7b96608000-7a7b96615000 r--s 00000000 fc:00 7865366                    /var/cache/fontconfig/089dead882dea3570ffc31a9898cfb69-le64.cache-9
7a7b96615000-7a7b96626000 r--s 00000000 fc:00 7865261                    /var/cache/fontconfig/cadc3060d3cbe99d6aa4dd880095be12-le64.cache-9
7a7b96626000-7a7b96627000 r--p 00000000 fc:00 2382554                    /usr/lib/x86_64-linux-gnu/libbrotlicommon.so.1.1.0
7a7b96627000-7a7b96628000 r-xp 00001000 fc:00 2382554                    /usr/lib/x86_64-linux-gnu/libbrotlicommon.so.1.1.0
7a7b96628000-7a7b96647000 r--p 00002000 fc:00 2382554                    /usr/lib/x86_64-linux-gnu/libbrotlicommon.so.1.1.0
7a7b96647000-7a7b96648000 r--p 00021000 fc:00 2382554                    /usr/lib/x86_64-linux-gnu/libbrotlicommon.so.1.1.0
7a7b96648000-7a7b96649000 rw-p 00022000 fc:00 2382554                    /usr/lib/x86_64-linux-gnu/libbrotlicommon.so.1.1.0
7a7b96649000-7a7b9664e000 r--p 00000000 fc:00 2361542                    /usr/lib/x86_64-linux-gnu/libpng16.so.16.43.0
7a7b9664e000-7a7b96676000 r-xp 00005000 fc:00 2361542                    /usr/lib/x86_64-linux-gnu/libpng16.so.16.43.0
7a7b96676000-7a7b9667f000 r--p 0002d000 fc:00 2361542                    /usr/lib/x86_64-linux-gnu/libpng16.so.16.43.0
7a7b9667f000-7a7b96680000 r--p 00035000 fc:00 2361542                    /usr/lib/x86_64-linux-gnu/libpng16.so.16.43.0
7a7b96680000-7a7b96681000 rw-p 00036000 fc:00 2361542                    /usr/lib/x86_64-linux-gnu/libpng16.so.16.43.0
7a7b96681000-7a7b96685000 r--p 00000000 fc:00 2382879                    /usr/lib/x86_64-linux-gnu/libgcc_s.so.1
7a7b96685000-7a7b966a9000 r-xp 00004000 fc:00 2382879                    /usr/lib/x86_64-linux-gnu/libgcc_s.so.1
7a7b966a9000-7a7b966ad000 r--p 00028000 fc:00 2382879                    /usr/lib/x86_64-linux-gnu/libgcc_s.so.1
7a7b966ad000-7a7b966ae000 r--p 0002b000 fc:00 2382879                    /usr/lib/x86_64-linux-gnu/libgcc_s.so.1
7a7b966ae000-7a7b966af000 rw-p 0002c000 fc:00 2382879                    /usr/lib/x86_64-linux-gnu/libgcc_s.so.1
7a7b966af000-7a7b966b7000 r--p 00000000 fc:00 2382849                    /usr/lib/x86_64-linux-gnu/libfontconfig.so.1.12.1
7a7b966b7000-7a7b966e6000 r-xp 00008000 fc:00 2382849                    /usr/lib/x86_64-linux-gnu/libfontconfig.so.1.12.1
7a7b966e6000-7a7b966fd000 r--p 00037000 fc:00 2382849                    /usr/lib/x86_64-linux-gnu/libfontconfig.so.1.12.1
7a7b966fd000-7a7b966ff000 r--p 0004d000 fc:00 2382849                    /usr/lib/x86_64-linux-gnu/libfontconfig.so.1.12.1
7a7b966ff000-7a7b96700000 rw-p 0004f000 fc:00 2382849                    /usr/lib/x86_64-linux-gnu/libfontconfig.so.1.12.1
7a7b96700000-7a7b96704000 ---p 00000000 00:00 0 
7a7b96704000-7a7b96800000 rw-p 00000000 00:00 0 
7a7b96800000-7a7b9680b000 r-xp 00000000 fc:00 21496967                   /home/pavlo/.jdks/corretto-21.0.10/lib/libnet.so
7a7b9680b000-7a7b96a0a000 ---p 0000b000 fc:00 21496967                   /home/pavlo/.jdks/corretto-21.0.10/lib/libnet.so
7a7b96a0a000-7a7b96a0b000 r--p 0000a000 fc:00 21496967                   /home/pavlo/.jdks/corretto-21.0.10/lib/libnet.so
7a7b96a0b000-7a7b96a0c000 rw-p 00000000 00:00 0 
7a7b96a0c000-7a7b96a0d000 rw-s 1067f5000 00:10 2076                      anon_inode:i915.gem
7a7b96a0d000-7a7b96a15000 r--s 00000000 fc:00 7866844                    /var/cache/fontconfig/3047814df9a2f067bd2d96a2b9c36e5a-le64.cache-9
7a7b96a15000-7a7b96a18000 r--p 00000000 fc:00 2361710                    /usr/lib/x86_64-linux-gnu/libcap.so.2.66
7a7b96a18000-7a7b96a1e000 r-xp 00003000 fc:00 2361710                    /usr/lib/x86_64-linux-gnu/libcap.so.2.66
7a7b96a1e000-7a7b96a20000 r--p 00009000 fc:00 2361710                    /usr/lib/x86_64-linux-gnu/libcap.so.2.66
7a7b96a20000-7a7b96a21000 r--p 0000b000 fc:00 2361710                    /usr/lib/x86_64-linux-gnu/libcap.so.2.66
7a7b96a21000-7a7b96a22000 rw-p 0000c000 fc:00 2361710                    /usr/lib/x86_64-linux-gnu/libcap.so.2.66
7a7b96a22000-7a7b96a23000 r--p 00000000 fc:00 2382556                    /usr/lib/x86_64-linux-gnu/libbrotlidec.so.1.1.0
7a7b96a23000-7a7b96a2b000 r-xp 00001000 fc:00 2382556                    /usr/lib/x86_64-linux-gnu/libbrotlidec.so.1.1.0
7a7b96a2b000-7a7b96a2e000 r--p 00009000 fc:00 2382556                    /usr/lib/x86_64-linux-gnu/libbrotlidec.so.1.1.0
7a7b96a2e000-7a7b96a2f000 r--p 0000b000 fc:00 2382556                    /usr/lib/x86_64-linux-gnu/libbrotlidec.so.1.1.0
7a7b96a2f000-7a7b96a30000 rw-p 0000c000 fc:00 2382556                    /usr/lib/x86_64-linux-gnu/libbrotlidec.so.1.1.0
7a7b96a30000-7a7b96a73000 r--p 00000000 fc:00 2382178                    /usr/lib/x86_64-linux-gnu/libGL.so.1.7.0
7a7b96a73000-7a7b96a93000 r-xp 00043000 fc:00 2382178                    /usr/lib/x86_64-linux-gnu/libGL.so.1.7.0
7a7b96a93000-7a7b96aa7000 r--p 00063000 fc:00 2382178                    /usr/lib/x86_64-linux-gnu/libGL.so.1.7.0
7a7b96aa7000-7a7b96ab5000 r--p 00077000 fc:00 2382178                    /usr/lib/x86_64-linux-gnu/libGL.so.1.7.0
7a7b96ab5000-7a7b96ab6000 rw-p 00085000 fc:00 2382178                    /usr/lib/x86_64-linux-gnu/libGL.so.1.7.0
7a7b96ab6000-7a7b96ab7000 rw-p 00000000 00:00 0 
7a7b96ab7000-7a7b96ad5000 r--p 00000000 fc:00 2382933                    /usr/lib/x86_64-linux-gnu/libglib-2.0.so.0.8000.0
7a7b96ad5000-7a7b96b75000 r-xp 0001e000 fc:00 2382933                    /usr/lib/x86_64-linux-gnu/libglib-2.0.so.0.8000.0
7a7b96b75000-7a7b96bfd000 r--p 000be000 fc:00 2382933                    /usr/lib/x86_64-linux-gnu/libglib-2.0.so.0.8000.0
7a7b96bfd000-7a7b96bfe000 r--p 00146000 fc:00 2382933                    /usr/lib/x86_64-linux-gnu/libglib-2.0.so.0.8000.0
7a7b96bfe000-7a7b96bff000 rw-p 00147000 fc:00 2382933                    /usr/lib/x86_64-linux-gnu/libglib-2.0.so.0.8000.0
7a7b96bff000-7a7b96c00000 rw-p 00000000 00:00 0 
7a7b96c00000-7a7b96c13000 r-xp 00000000 fc:00 21496968                   /home/pavlo/.jdks/corretto-21.0.10/lib/libnio.so
7a7b96c13000-7a7b96e12000 ---p 00013000 fc:00 21496968                   /home/pavlo/.jdks/corretto-21.0.10/lib/libnio.so
7a7b96e12000-7a7b96e13000 r--p 00012000 fc:00 21496968                   /home/pavlo/.jdks/corretto-21.0.10/lib/libnio.so
7a7b96e13000-7a7b96e14000 rw-p 00013000 fc:00 21496968                   /home/pavlo/.jdks/corretto-21.0.10/lib/libnio.so
7a7b96e14000-7a7b96e15000 rw-s 11061a000 00:10 2076                      anon_inode:i915.gem
7a7b96e15000-7a7b96e1c000 r--s 00000000 fc:00 7865380                    /var/cache/fontconfig/b47c4e1ecd0709278f4910c18777a504-le64.cache-9
7a7b96e1c000-7a7b96e1e000 r--p 00000000 fc:00 2382567                    /usr/lib/x86_64-linux-gnu/libbz2.so.1.0.4
7a7b96e1e000-7a7b96e2c000 r-xp 00002000 fc:00 2382567                    /usr/lib/x86_64-linux-gnu/libbz2.so.1.0.4
7a7b96e2c000-7a7b96e2e000 r--p 00010000 fc:00 2382567                    /usr/lib/x86_64-linux-gnu/libbz2.so.1.0.4
7a7b96e2e000-7a7b96e2f000 r--p 00011000 fc:00 2382567                    /usr/lib/x86_64-linux-gnu/libbz2.so.1.0.4
7a7b96e2f000-7a7b96e30000 rw-p 00012000 fc:00 2382567                    /usr/lib/x86_64-linux-gnu/libbz2.so.1.0.4
7a7b96e30000-7a7b96e69000 r--p 00000000 fc:00 2382923                    /usr/lib/x86_64-linux-gnu/libgio-2.0.so.0.8000.0
7a7b96e69000-7a7b96f80000 r-xp 00039000 fc:00 2382923                    /usr/lib/x86_64-linux-gnu/libgio-2.0.so.0.8000.0
7a7b96f80000-7a7b96ff5000 r--p 00150000 fc:00 2382923                    /usr/lib/x86_64-linux-gnu/libgio-2.0.so.0.8000.0
7a7b96ff5000-7a7b96ffd000 r--p 001c4000 fc:00 2382923                    /usr/lib/x86_64-linux-gnu/libgio-2.0.so.0.8000.0
7a7b96ffd000-7a7b96ffe000 rw-p 001cc000 fc:00 2382923                    /usr/lib/x86_64-linux-gnu/libgio-2.0.so.0.8000.0
7a7b96ffe000-7a7b97400000 rw-p 00000000 00:00 0 
7a7b97400000-7a7b97900000 rw-p 00000000 00:00 0 
7a7b97900000-7a7b97a00000 rw-p 00000000 00:00 0 
7a7b97a00000-7a7b97b00000 rw-p 00000000 00:00 0 
7a7b97b00000-7a7b97c00000 rw-p 00000000 00:00 0 
7a7b97c00000-7a7b980c0000 rw-p 00000000 00:00 0 
7a7b980c0000-7a7b98100000 rw-p 00000000 00:00 0 
7a7b98100000-7a7b98300000 rw-p 00000000 00:00 0 
7a7b98300000-7a7b98400000 rw-p 00000000 00:00 0 
7a7b98400000-7a7b984e0000 rw-p 00000000 00:00 0 
7a7b984e0000-7a7b98b00000 rw-p 00000000 00:00 0 
7a7b98b00000-7a7b98c00000 rw-p 00000000 00:00 0 
7a7b98c00000-7a7b994a0000 rw-p 00000000 00:00 0 
7a7b994a0000-7a7b99600000 rw-p 00000000 00:00 0 
7a7b99600000-7a7b99850000 rw-p 00000000 00:00 0 
7a7b99850000-7a7b99860000 ---p 00000000 00:00 0 
7a7b99860000-7a7b99870000 rw-p 00000000 00:00 0 
7a7b99870000-7a7b99880000 ---p 00000000 00:00 0 
7a7b99880000-7a7b99900000 rw-p 00000000 00:00 0 
7a7b99900000-7a7b99a00000 rw-p 00000000 00:00 0 
7a7b99a00000-7a7b9b000000 ---p 00000000 00:00 0 
7a7b9b000000-7a7b9bc9b000 rw-p 00001000 fc:00 21496984                   /home/pavlo/.jdks/corretto-21.0.10/lib/server/classes.jsa
7a7b9bc9b000-7a7b9c000000 ---p 00000000 00:00 0 
7a7b9c000000-7a7b9c040000 rw-p 00000000 00:00 0 
7a7b9c040000-7a7b9c080000 rw-p 00000000 00:00 0 
7a7b9c080000-7a7b9c0c0000 rw-p 00000000 00:00 0 
7a7b9c0c0000-7a7b9c100000 rw-p 00000000 00:00 0 
7a7b9c100000-7a7b9c180000 rw-p 00000000 00:00 0 
7a7b9c180000-7a7b9c240000 rw-p 00000000 00:00 0 
7a7b9c240000-7a7b9c280000 rw-p 00000000 00:00 0 
7a7b9c280000-7a7b9c3c0000 rw-p 00000000 00:00 0 
7a7b9c3c0000-7a7b9c400000 rw-p 00000000 00:00 0 
7a7b9c400000-7a7b9c5e0000 rw-p 00000000 00:00 0 
7a7b9c5e0000-7a7bdc000000 ---p 00000000 00:00 0 
7a7bdc000000-7a7bdc021000 rw-p 00000000 00:00 0 
7a7bdc021000-7a7be0000000 ---p 00000000 00:00 0 
7a7be0000000-7a7be0021000 rw-p 00000000 00:00 0 
7a7be0021000-7a7be4000000 ---p 00000000 00:00 0 
7a7be4000000-7a7be4021000 rw-p 00000000 00:00 0 
7a7be4021000-7a7be8004000 ---p 00000000 00:00 0 
7a7be8004000-7a7be8100000 rw-p 00000000 00:00 0 
7a7be8100000-7a7be8104000 ---p 00000000 00:00 0 
7a7be8104000-7a7be8200000 rw-p 00000000 00:00 0 
7a7be8200000-7a7be8204000 ---p 00000000 00:00 0 
7a7be8204000-7a7be8300000 rw-p 00000000 00:00 0 
7a7be8300000-7a7be8304000 ---p 00000000 00:00 0 
7a7be8304000-7a7be8400000 rw-p 00000000 00:00 0 
7a7be8400000-7a7be84ce000 r-xp 00000000 fc:00 21496960                   /home/pavlo/.jdks/corretto-21.0.10/lib/libjsvml.so
7a7be84ce000-7a7be86cd000 ---p 000ce000 fc:00 21496960                   /home/pavlo/.jdks/corretto-21.0.10/lib/libjsvml.so
7a7be86cd000-7a7be86ce000 r--p 000cd000 fc:00 21496960                   /home/pavlo/.jdks/corretto-21.0.10/lib/libjsvml.so
7a7be86ce000-7a7be86cf000 rw-p 000ce000 fc:00 21496960                   /home/pavlo/.jdks/corretto-21.0.10/lib/libjsvml.so
7a7be86cf000-7a7be86d1000 r--s 00000000 fc:00 7865672                    /var/cache/fontconfig/6adb16404e170b9523f41c0701dd4690-le64.cache-9
7a7be86d1000-7a7be86d4000 r--s 00000000 fc:00 7865587                    /var/cache/fontconfig/3a9914ff62a69b32234685a84fdc926d-le64.cache-9
7a7be86d4000-7a7be86d8000 r--p 00000000 fc:00 2382782                    /usr/lib/x86_64-linux-gnu/libexpat.so.1.9.1
7a7be86d8000-7a7be86f5000 r-xp 00004000 fc:00 2382782                    /usr/lib/x86_64-linux-gnu/libexpat.so.1.9.1
7a7be86f5000-7a7be86fd000 r--p 00021000 fc:00 2382782                    /usr/lib/x86_64-linux-gnu/libexpat.so.1.9.1
7a7be86fd000-7a7be86ff000 r--p 00028000 fc:00 2382782                    /usr/lib/x86_64-linux-gnu/libexpat.so.1.9.1
7a7be86ff000-7a7be8700000 rw-p 0002a000 fc:00 2382782                    /usr/lib/x86_64-linux-gnu/libexpat.so.1.9.1
7a7be8700000-7a7be8704000 ---p 00000000 00:00 0 
7a7be8704000-7a7be8800000 rw-p 00000000 00:00 0 
7a7be8800000-7a7be8804000 ---p 00000000 00:00 0 
7a7be8804000-7a7be8900000 rw-p 00000000 00:00 0 
7a7be8900000-7a7be8904000 ---p 00000000 00:00 0 
7a7be8904000-7a7be8a00000 rw-p 00000000 00:00 0 
7a7be8a00000-7a7be8a04000 ---p 00000000 00:00 0 
7a7be8a04000-7a7be8b00000 rw-p 00000000 00:00 0 
7a7be8b00000-7a7be8b04000 ---p 00000000 00:00 0 
7a7be8b04000-7a7be8c00000 rw-p 00000000 00:00 0 
7a7be8c00000-7a7be8c04000 ---p 00000000 00:00 0 
7a7be8c04000-7a7be8d00000 rw-p 00000000 00:00 0 
7a7be8d00000-7a7be8d04000 ---p 00000000 00:00 0 
7a7be8d04000-7a7be8e00000 rw-p 00000000 00:00 0 
7a7be8e00000-7a7bebb0d000 r--p 00000000 fc:00 2368088                    /usr/lib/locale/locale-archive
7a7bebb0d000-7a7bebb0e000 rw-s 100b92000 00:10 2076                      anon_inode:i915.gem
7a7bebb0e000-7a7bebb13000 r--s 00000000 fc:00 7875042                    /var/cache/fontconfig/c57959a16110560c8d0fcea73374aeeb-le64.cache-9
7a7bebb13000-7a7bebb19000 r--s 00000000 fc:00 7865372                    /var/cache/fontconfig/b25010134a2e462c779c1c1d5ccbff7b-le64.cache-9
7a7bebb19000-7a7bebb1c000 r--p 00000000 fc:00 2382184                    /usr/lib/x86_64-linux-gnu/libGLX.so.0.0.0
7a7bebb1c000-7a7bebb37000 r-xp 00003000 fc:00 2382184                    /usr/lib/x86_64-linux-gnu/libGLX.so.0.0.0
7a7bebb37000-7a7bebb3a000 r--p 0001e000 fc:00 2382184                    /usr/lib/x86_64-linux-gnu/libGLX.so.0.0.0
7a7bebb3a000-7a7bebb3b000 r--p 00020000 fc:00 2382184                    /usr/lib/x86_64-linux-gnu/libGLX.so.0.0.0
7a7bebb3b000-7a7bebb3c000 rw-p 00021000 fc:00 2382184                    /usr/lib/x86_64-linux-gnu/libGLX.so.0.0.0
7a7bebb3c000-7a7bebb4c000 rw-p 00000000 00:00 0 
7a7bebb4c000-7a7bebb4e000 r--p 00000000 fc:00 2382276                    /usr/lib/x86_64-linux-gnu/libXfixes.so.3.1.0
7a7bebb4e000-7a7bebb51000 r-xp 00002000 fc:00 2382276                    /usr/lib/x86_64-linux-gnu/libXfixes.so.3.1.0
7a7bebb51000-7a7bebb52000 r--p 00005000 fc:00 2382276                    /usr/lib/x86_64-linux-gnu/libXfixes.so.3.1.0
7a7bebb52000-7a7bebb53000 r--p 00005000 fc:00 2382276                    /usr/lib/x86_64-linux-gnu/libXfixes.so.3.1.0
7a7bebb53000-7a7bebb54000 rw-p 00006000 fc:00 2382276                    /usr/lib/x86_64-linux-gnu/libXfixes.so.3.1.0
7a7bebb54000-7a7bebb56000 r--p 00000000 fc:00 2382268                    /usr/lib/x86_64-linux-gnu/libXcursor.so.1.0.2
7a7bebb56000-7a7bebb5c000 r-xp 00002000 fc:00 2382268                    /usr/lib/x86_64-linux-gnu/libXcursor.so.1.0.2
7a7bebb5c000-7a7bebb5e000 r--p 00008000 fc:00 2382268                    /usr/lib/x86_64-linux-gnu/libXcursor.so.1.0.2
7a7bebb5e000-7a7bebb5f000 r--p 00009000 fc:00 2382268                    /usr/lib/x86_64-linux-gnu/libXcursor.so.1.0.2
7a7bebb5f000-7a7bebb60000 rw-p 0000a000 fc:00 2382268                    /usr/lib/x86_64-linux-gnu/libXcursor.so.1.0.2
7a7bebb60000-7a7bebb64000 r--p 00000000 fc:00 2382562                    /usr/lib/x86_64-linux-gnu/libbsd.so.0.12.1
7a7bebb64000-7a7bebb70000 r-xp 00004000 fc:00 2382562                    /usr/lib/x86_64-linux-gnu/libbsd.so.0.12.1
7a7bebb70000-7a7bebb73000 r--p 00010000 fc:00 2382562                    /usr/lib/x86_64-linux-gnu/libbsd.so.0.12.1
7a7bebb73000-7a7bebb74000 r--p 00012000 fc:00 2382562                    /usr/lib/x86_64-linux-gnu/libbsd.so.0.12.1
7a7bebb74000-7a7bebb75000 rw-p 00013000 fc:00 2382562                    /usr/lib/x86_64-linux-gnu/libbsd.so.0.12.1
7a7bebb75000-7a7bebb76000 rw-p 00000000 00:00 0 
7a7bebb76000-7a7bebb81000 r--p 00000000 fc:00 2384029                    /usr/lib/x86_64-linux-gnu/libxcb.so.1.1.0
7a7bebb81000-7a7bebb94000 r-xp 0000b000 fc:00 2384029                    /usr/lib/x86_64-linux-gnu/libxcb.so.1.1.0
7a7bebb94000-7a7bebb9d000 r--p 0001e000 fc:00 2384029                    /usr/lib/x86_64-linux-gnu/libxcb.so.1.1.0
7a7bebb9d000-7a7bebb9e000 r--p 00026000 fc:00 2384029                    /usr/lib/x86_64-linux-gnu/libxcb.so.1.1.0
7a7bebb9e000-7a7bebb9f000 rw-p 00027000 fc:00 2384029                    /usr/lib/x86_64-linux-gnu/libxcb.so.1.1.0
7a7bebb9f000-7a7bebbcc000 r--p 00000000 fc:00 2760519                    /usr/share/locale-langpack/uk/LC_MESSAGES/glib20.mo
7a7bebbcc000-7a7bebbfc000 r--p 00000000 fc:00 2760634                    /usr/share/locale-langpack/uk/LC_MESSAGES/libc.mo
7a7bebbfc000-7a7bebbfd000 ---p 00000000 00:00 0 
7a7bebbfd000-7a7bebcfd000 rw-p 00000000 00:00 0 
7a7bebcfd000-7a7bebcfe000 ---p 00000000 00:00 0 
7a7bebcfe000-7a7bebdfe000 rw-p 00000000 00:00 0 
7a7bebdfe000-7a7bebdff000 ---p 00000000 00:00 0 
7a7bebdff000-7a7bebeff000 rw-p 00000000 00:00 0 
7a7bebeff000-7a7bebf00000 ---p 00000000 00:00 0 
7a7bebf00000-7a7bec000000 rw-p 00000000 00:00 0 
7a7bec000000-7a7bec021000 rw-p 00000000 00:00 0 
7a7bec021000-7a7bf0000000 ---p 00000000 00:00 0 
7a7bf0000000-7a7bf0021000 rw-p 00000000 00:00 0 
7a7bf0021000-7a7bf4000000 ---p 00000000 00:00 0 
7a7bf4000000-7a7bf4021000 rw-p 00000000 00:00 0 
7a7bf4021000-7a7bf8000000 ---p 00000000 00:00 0 
7a7bf8000000-7a7bf8002000 r--p 00000000 fc:00 2383317                    /usr/lib/x86_64-linux-gnu/libmd.so.0.1.0
7a7bf8002000-7a7bf800b000 r-xp 00002000 fc:00 2383317                    /usr/lib/x86_64-linux-gnu/libmd.so.0.1.0
7a7bf800b000-7a7bf800d000 r--p 0000b000 fc:00 2383317                    /usr/lib/x86_64-linux-gnu/libmd.so.0.1.0
7a7bf800d000-7a7bf800e000 r--p 0000c000 fc:00 2383317                    /usr/lib/x86_64-linux-gnu/libmd.so.0.1.0
7a7bf800e000-7a7bf800f000 rw-p 0000d000 fc:00 2383317                    /usr/lib/x86_64-linux-gnu/libmd.so.0.1.0
7a7bf800f000-7a7bf8012000 r--p 00000000 fc:00 2382282                    /usr/lib/x86_64-linux-gnu/libXi.so.6.1.0
7a7bf8012000-7a7bf801e000 r-xp 00003000 fc:00 2382282                    /usr/lib/x86_64-linux-gnu/libXi.so.6.1.0
7a7bf801e000-7a7bf8020000 r--p 0000f000 fc:00 2382282                    /usr/lib/x86_64-linux-gnu/libXi.so.6.1.0
7a7bf8020000-7a7bf8021000 r--p 00011000 fc:00 2382282                    /usr/lib/x86_64-linux-gnu/libXi.so.6.1.0
7a7bf8021000-7a7bf8022000 rw-p 00012000 fc:00 2382282                    /usr/lib/x86_64-linux-gnu/libXi.so.6.1.0
7a7bf8022000-7a7bf8029000 r--p 00000000 fc:00 2360058                    /usr/lib/x86_64-linux-gnu/libblkid.so.1.1.0
7a7bf8029000-7a7bf804d000 r-xp 00007000 fc:00 2360058                    /usr/lib/x86_64-linux-gnu/libblkid.so.1.1.0
7a7bf804d000-7a7bf8056000 r--p 0002b000 fc:00 2360058                    /usr/lib/x86_64-linux-gnu/libblkid.so.1.1.0
7a7bf8056000-7a7bf805c000 r--p 00033000 fc:00 2360058                    /usr/lib/x86_64-linux-gnu/libblkid.so.1.1.0
7a7bf805c000-7a7bf805d000 rw-p 00039000 fc:00 2360058                    /usr/lib/x86_64-linux-gnu/libblkid.so.1.1.0
7a7bf805d000-7a7bf805f000 r--p 00000000 fc:00 2383516                    /usr/lib/x86_64-linux-gnu/libpcre2-8.so.0.11.2
7a7bf805f000-7a7bf80cd000 r-xp 00002000 fc:00 2383516                    /usr/lib/x86_64-linux-gnu/libpcre2-8.so.0.11.2
7a7bf80cd000-7a7bf80f5000 r--p 00070000 fc:00 2383516                    /usr/lib/x86_64-linux-gnu/libpcre2-8.so.0.11.2
7a7bf80f5000-7a7bf80f6000 r--p 00097000 fc:00 2383516                    /usr/lib/x86_64-linux-gnu/libpcre2-8.so.0.11.2
7a7bf80f6000-7a7bf80f7000 rw-p 00098000 fc:00 2383516                    /usr/lib/x86_64-linux-gnu/libpcre2-8.so.0.11.2
7a7bf80f7000-7a7bfaa00000 rw-p 00000000 00:00 0 
7a7bfaa00000-7a7bfaa02000 r--s 00000000 fc:00 7865586                    /var/cache/fontconfig/767a8244fc0220cfb567a839d0392e0b-le64.cache-9
7a7bfaa02000-7a7bfaa06000 r--p 00000000 fc:00 2382274                    /usr/lib/x86_64-linux-gnu/libXext.so.6.4.0
7a7bfaa06000-7a7bfaa11000 r-xp 00004000 fc:00 2382274                    /usr/lib/x86_64-linux-gnu/libXext.so.6.4.0
7a7bfaa11000-7a7bfaa14000 r--p 0000f000 fc:00 2382274                    /usr/lib/x86_64-linux-gnu/libXext.so.6.4.0
7a7bfaa14000-7a7bfaa15000 r--p 00011000 fc:00 2382274                    /usr/lib/x86_64-linux-gnu/libXext.so.6.4.0
7a7bfaa15000-7a7bfaa16000 rw-p 00012000 fc:00 2382274                    /usr/lib/x86_64-linux-gnu/libXext.so.6.4.0
7a7bfaa16000-7a7bfaa1c000 r--p 00000000 fc:00 2383701                    /usr/lib/x86_64-linux-gnu/libselinux.so.1
7a7bfaa1c000-7a7bfaa39000 r-xp 00006000 fc:00 2383701                    /usr/lib/x86_64-linux-gnu/libselinux.so.1
7a7bfaa39000-7a7bfaa3f000 r--p 00023000 fc:00 2383701                    /usr/lib/x86_64-linux-gnu/libselinux.so.1
7a7bfaa3f000-7a7bfaa40000 r--p 00029000 fc:00 2383701                    /usr/lib/x86_64-linux-gnu/libselinux.so.1
7a7bfaa40000-7a7bfaa41000 rw-p 0002a000 fc:00 2383701                    /usr/lib/x86_64-linux-gnu/libselinux.so.1
7a7bfaa41000-7a7bfaa43000 rw-p 00000000 00:00 0 
7a7bfaa43000-7a7bfaa52000 r--p 00000000 fc:00 2382959                    /usr/lib/x86_64-linux-gnu/libgobject-2.0.so.0.8000.0
7a7bfaa52000-7a7bfaa89000 r-xp 0000f000 fc:00 2382959                    /usr/lib/x86_64-linux-gnu/libgobject-2.0.so.0.8000.0
7a7bfaa89000-7a7bfaaa2000 r--p 00046000 fc:00 2382959                    /usr/lib/x86_64-linux-gnu/libgobject-2.0.so.0.8000.0
7a7bfaaa2000-7a7bfaaa5000 r--p 0005e000 fc:00 2382959                    /usr/lib/x86_64-linux-gnu/libgobject-2.0.so.0.8000.0
7a7bfaaa5000-7a7bfaaa6000 rw-p 00061000 fc:00 2382959                    /usr/lib/x86_64-linux-gnu/libgobject-2.0.so.0.8000.0
7a7bfaaa6000-7a7bfaba7000 rw-p 00000000 00:00 0 
7a7bfaba7000-7a7bfaba8000 ---p 00000000 00:00 0 
7a7bfaba8000-7a7bfaca8000 rw-p 00000000 00:00 0 
7a7bfaca8000-7a7bfaca9000 ---p 00000000 00:00 0 
7a7bfaca9000-7a7bfada9000 rw-p 00000000 00:00 0 
7a7bfada9000-7a7bfadaa000 ---p 00000000 00:00 0 
7a7bfadaa000-7a7bfaeaa000 rw-p 00000000 00:00 0 
7a7bfaeaa000-7a7bfc302000 rw-p 00000000 00:00 0 
7a7bfc302000-7a7bfeae2000 ---p 00000000 00:00 0 
7a7bfeae2000-7a7bfed75000 rw-p 00000000 00:00 0 
7a7bfed75000-7a7bff271000 ---p 00000000 00:00 0 
7a7bff271000-7a7bff4fd000 rw-p 00000000 00:00 0 
7a7bff4fd000-7a7bff9f9000 ---p 00000000 00:00 0 
7a7bff9f9000-7a7c00000000 rw-p 00000000 00:00 0 
7a7c00000000-7a7c00550000 rwxp 00000000 00:00 0 
7a7c00550000-7a7c07537000 ---p 00000000 00:00 0 
7a7c07537000-7a7c077f7000 rwxp 00000000 00:00 0 
7a7c077f7000-7a7c07ac9000 ---p 00000000 00:00 0 
7a7c07ac9000-7a7c07d39000 rwxp 00000000 00:00 0 
7a7c07d39000-7a7c0f000000 ---p 00000000 00:00 0 
7a7c0f000000-7a7c0f020000 r-xp 00000000 fc:00 21496952                   /home/pavlo/.jdks/corretto-21.0.10/lib/libjava.so
7a7c0f020000-7a7c0f21f000 ---p 00020000 fc:00 21496952                   /home/pavlo/.jdks/corretto-21.0.10/lib/libjava.so
7a7c0f21f000-7a7c0f220000 r--p 0001f000 fc:00 21496952                   /home/pavlo/.jdks/corretto-21.0.10/lib/libjava.so
7a7c0f220000-7a7c0f221000 rw-p 00020000 fc:00 21496952                   /home/pavlo/.jdks/corretto-21.0.10/lib/libjava.so
7a7c0f221000-7a7c0f222000 rw-p 00000000 00:00 0 
7a7c0f222000-7a7c0f223000 r--s 00000000 fc:00 7865585                    /var/cache/fontconfig/0b41ebd278d9388cf5d83f81d476c672-le64.cache-9
7a7c0f223000-7a7c0f224000 r--s 00000000 fc:00 7865383                    /var/cache/fontconfig/b036df7bbb72844893df6bcf5570ea7f-le64.cache-9
7a7c0f224000-7a7c0f225000 r--s 00000000 fc:00 7865382                    /var/cache/fontconfig/575107dd7452b4b2b2b1361909925bb4-le64.cache-9
7a7c0f225000-7a7c0f229000 r--s 00000000 fc:00 7865324                    /var/cache/fontconfig/0843ca893a93b5446bad221815920e23-le64.cache-9
7a7c0f229000-7a7c0f22b000 r--p 00000000 fc:00 2382272                    /usr/lib/x86_64-linux-gnu/libXdmcp.so.6.0.0
7a7c0f22b000-7a7c0f22d000 r-xp 00002000 fc:00 2382272                    /usr/lib/x86_64-linux-gnu/libXdmcp.so.6.0.0
7a7c0f22d000-7a7c0f22f000 r--p 00004000 fc:00 2382272                    /usr/lib/x86_64-linux-gnu/libXdmcp.so.6.0.0
7a7c0f22f000-7a7c0f230000 r--p 00005000 fc:00 2382272                    /usr/lib/x86_64-linux-gnu/libXdmcp.so.6.0.0
7a7c0f230000-7a7c0f231000 rw-p 00006000 fc:00 2382272                    /usr/lib/x86_64-linux-gnu/libXdmcp.so.6.0.0
7a7c0f231000-7a7c0f23a000 r--p 00000000 fc:00 2360277                    /usr/lib/x86_64-linux-gnu/libmount.so.1.1.0
7a7c0f23a000-7a7c0f26e000 r-xp 00009000 fc:00 2360277                    /usr/lib/x86_64-linux-gnu/libmount.so.1.1.0
7a7c0f26e000-7a7c0f27b000 r--p 0003d000 fc:00 2360277                    /usr/lib/x86_64-linux-gnu/libmount.so.1.1.0
7a7c0f27b000-7a7c0f27d000 r--p 00049000 fc:00 2360277                    /usr/lib/x86_64-linux-gnu/libmount.so.1.1.0
7a7c0f27d000-7a7c0f27e000 rw-p 0004b000 fc:00 2360277                    /usr/lib/x86_64-linux-gnu/libmount.so.1.1.0
7a7c0f27e000-7a7c0f400000 rw-p 00000000 00:00 0 
7a7c0f400000-7a7c17b80000 r--s 00000000 fc:00 21496977                   /home/pavlo/.jdks/corretto-21.0.10/lib/modules
7a7c17b80000-7a7c17b81000 r--s 00000000 fc:00 7865381                    /var/cache/fontconfig/b9d506c9ac06c20b433354fa67a72993-le64.cache-9
7a7c17b81000-7a7c17b82000 r--p 00000000 fc:00 2382261                    /usr/lib/x86_64-linux-gnu/libXau.so.6.0.0
7a7c17b82000-7a7c17b84000 r-xp 00001000 fc:00 2382261                    /usr/lib/x86_64-linux-gnu/libXau.so.6.0.0
7a7c17b84000-7a7c17b85000 r--p 00003000 fc:00 2382261                    /usr/lib/x86_64-linux-gnu/libXau.so.6.0.0
7a7c17b85000-7a7c17b86000 r--p 00003000 fc:00 2382261                    /usr/lib/x86_64-linux-gnu/libXau.so.6.0.0
7a7c17b86000-7a7c17b87000 rw-p 00004000 fc:00 2382261                    /usr/lib/x86_64-linux-gnu/libXau.so.6.0.0
7a7c17b87000-7a7c17b89000 r--p 00000000 fc:00 2382300                    /usr/lib/x86_64-linux-gnu/libXtst.so.6.1.0
7a7c17b89000-7a7c17b8c000 r-xp 00002000 fc:00 2382300                    /usr/lib/x86_64-linux-gnu/libXtst.so.6.1.0
7a7c17b8c000-7a7c17b8d000 r--p 00005000 fc:00 2382300                    /usr/lib/x86_64-linux-gnu/libXtst.so.6.1.0
7a7c17b8d000-7a7c17b8e000 r--p 00005000 fc:00 2382300                    /usr/lib/x86_64-linux-gnu/libXtst.so.6.1.0
7a7c17b8e000-7a7c17b8f000 rw-p 00006000 fc:00 2382300                    /usr/lib/x86_64-linux-gnu/libXtst.so.6.1.0
7a7c17b8f000-7a7c17b90000 r--s 00000000 fc:00 7865377                    /var/cache/fontconfig/0b3f2427388044a01a5738fa4b8cc9d1-le64.cache-9
7a7c17b90000-7a7c17b94000 r--s 00000000 fc:00 7865262                    /var/cache/fontconfig/b2d60264172c9fafc2f82e9237d8d959-le64.cache-9
7a7c17b94000-7a7c17ba5000 r--s 00000000 fc:00 7865239                    /var/cache/fontconfig/e13b20fdb08344e0e664864cc2ede53d-le64.cache-9
7a7c17ba5000-7a7c17c00000 rw-p 00000000 00:00 0 
7a7c17c00000-7a7c17c1b000 r-xp 00000000 fc:00 21496956                   /home/pavlo/.jdks/corretto-21.0.10/lib/libjimage.so
7a7c17c1b000-7a7c17e1a000 ---p 0001b000 fc:00 21496956                   /home/pavlo/.jdks/corretto-21.0.10/lib/libjimage.so
7a7c17e1a000-7a7c17e1c000 r--p 0001a000 fc:00 21496956                   /home/pavlo/.jdks/corretto-21.0.10/lib/libjimage.so
7a7c17e1c000-7a7c17e1d000 rw-p 0001c000 fc:00 21496956                   /home/pavlo/.jdks/corretto-21.0.10/lib/libjimage.so
7a7c17e1d000-7a7c17e1f000 r--s 00000000 fc:00 7865373                    /var/cache/fontconfig/e8d703157d3641d20c7e900be2e8d091-le64.cache-9
7a7c17e1f000-7a7c17e21000 r--p 00000000 fc:00 2382294                    /usr/lib/x86_64-linux-gnu/libXrender.so.1.3.0
7a7c17e21000-7a7c17e28000 r-xp 00002000 fc:00 2382294                    /usr/lib/x86_64-linux-gnu/libXrender.so.1.3.0
7a7c17e28000-7a7c17e29000 r--p 00009000 fc:00 2382294                    /usr/lib/x86_64-linux-gnu/libXrender.so.1.3.0
7a7c17e29000-7a7c17e2a000 r--p 00009000 fc:00 2382294                    /usr/lib/x86_64-linux-gnu/libXrender.so.1.3.0
7a7c17e2a000-7a7c17e2b000 rw-p 0000a000 fc:00 2382294                    /usr/lib/x86_64-linux-gnu/libXrender.so.1.3.0
7a7c17e2b000-7a7c17e2f000 r--p 00000000 fc:00 2381852                    /usr/lib/x86_64-linux-gnu/gio/modules/libdconfsettings.so
7a7c17e2f000-7a7c17e36000 r-xp 00004000 fc:00 2381852                    /usr/lib/x86_64-linux-gnu/gio/modules/libdconfsettings.so
7a7c17e36000-7a7c17e38000 r--p 0000b000 fc:00 2381852                    /usr/lib/x86_64-linux-gnu/gio/modules/libdconfsettings.so
7a7c17e38000-7a7c17e39000 r--p 0000d000 fc:00 2381852                    /usr/lib/x86_64-linux-gnu/gio/modules/libdconfsettings.so
7a7c17e39000-7a7c17e3a000 rw-p 0000e000 fc:00 2381852                    /usr/lib/x86_64-linux-gnu/gio/modules/libdconfsettings.so
7a7c17e3a000-7a7c17e41000 r--s 00000000 fc:00 2381815                    /usr/lib/x86_64-linux-gnu/gconv/gconv-modules.cache
7a7c17e41000-7a7c18bde000 rw-p 00000000 00:00 0 
7a7c18bde000-7a7c1c000000 ---p 00000000 00:00 0 
7a7c1c000000-7a7c1c001000 r--s 00000000 fc:00 7865376                    /var/cache/fontconfig/0941b6d3777f1e64883d36fd6d84a52f-le64.cache-9
7a7c1c001000-7a7c1c028000 r--p 00000000 fc:00 2492000                    /usr/share/glib-2.0/schemas/gschemas.compiled
7a7c1c028000-7a7c1c22f000 rw-p 00000000 00:00 0 
7a7c1c22f000-7a7c1c315000 ---p 00000000 00:00 0 
7a7c1c315000-7a7c1c320000 rw-p 00000000 00:00 0 
7a7c1c320000-7a7c1c400000 ---p 00000000 00:00 0 
7a7c1c400000-7a7c1d863000 r-xp 00000000 fc:00 21496987                   /home/pavlo/.jdks/corretto-21.0.10/lib/server/libjvm.so
7a7c1d863000-7a7c1da62000 ---p 01463000 fc:00 21496987                   /home/pavlo/.jdks/corretto-21.0.10/lib/server/libjvm.so
7a7c1da62000-7a7c1db37000 r--p 01462000 fc:00 21496987                   /home/pavlo/.jdks/corretto-21.0.10/lib/server/libjvm.so
7a7c1db37000-7a7c1db67000 rw-p 01537000 fc:00 21496987                   /home/pavlo/.jdks/corretto-21.0.10/lib/server/libjvm.so
7a7c1db67000-7a7c1dbcd000 rw-p 00000000 00:00 0 
7a7c1dbcd000-7a7c1dbce000 r--p 00000000 fc:00 2382284                    /usr/lib/x86_64-linux-gnu/libXinerama.so.1.0.0
7a7c1dbce000-7a7c1dbcf000 r-xp 00001000 fc:00 2382284                    /usr/lib/x86_64-linux-gnu/libXinerama.so.1.0.0
7a7c1dbcf000-7a7c1dbd0000 r--p 00002000 fc:00 2382284                    /usr/lib/x86_64-linux-gnu/libXinerama.so.1.0.0
7a7c1dbd0000-7a7c1dbd1000 r--p 00002000 fc:00 2382284                    /usr/lib/x86_64-linux-gnu/libXinerama.so.1.0.0
7a7c1dbd1000-7a7c1dbd2000 rw-p 00003000 fc:00 2382284                    /usr/lib/x86_64-linux-gnu/libXinerama.so.1.0.0
7a7c1dbd2000-7a7c1dbd4000 r--p 00000000 fc:00 2382797                    /usr/lib/x86_64-linux-gnu/libffi.so.8.1.4
7a7c1dbd4000-7a7c1dbdb000 r-xp 00002000 fc:00 2382797                    /usr/lib/x86_64-linux-gnu/libffi.so.8.1.4
7a7c1dbdb000-7a7c1dbdc000 r--p 00009000 fc:00 2382797                    /usr/lib/x86_64-linux-gnu/libffi.so.8.1.4
7a7c1dbdc000-7a7c1dbdd000 r--p 0000a000 fc:00 2382797                    /usr/lib/x86_64-linux-gnu/libffi.so.8.1.4
7a7c1dbdd000-7a7c1dbde000 rw-p 0000b000 fc:00 2382797                    /usr/lib/x86_64-linux-gnu/libffi.so.8.1.4
7a7c1dbde000-7a7c1dbe2000 ---p 00000000 00:00 0 
7a7c1dbe2000-7a7c1dc00000 rw-p 00000000 00:00 0 
7a7c1dc00000-7a7c1dc28000 r--p 00000000 fc:00 2382568                    /usr/lib/x86_64-linux-gnu/libc.so.6
7a7c1dc28000-7a7c1ddb0000 r-xp 00028000 fc:00 2382568                    /usr/lib/x86_64-linux-gnu/libc.so.6
7a7c1ddb0000-7a7c1ddff000 r--p 001b0000 fc:00 2382568                    /usr/lib/x86_64-linux-gnu/libc.so.6
7a7c1ddff000-7a7c1de03000 r--p 001fe000 fc:00 2382568                    /usr/lib/x86_64-linux-gnu/libc.so.6
7a7c1de03000-7a7c1de05000 rw-p 00202000 fc:00 2382568                    /usr/lib/x86_64-linux-gnu/libc.so.6
7a7c1de05000-7a7c1de12000 rw-p 00000000 00:00 0 
7a7c1de12000-7a7c1de13000 r--s 00000000 fc:00 7865375                    /var/cache/fontconfig/3f7329c5293ffd510edef78f73874cfd-le64.cache-9
7a7c1de13000-7a7c1de17000 r--p 00000000 fc:00 20613016                   /home/pavlo/.config/dconf/user
7a7c1de17000-7a7c1de1b000 ---p 00000000 00:00 0 
7a7c1de1b000-7a7c1df17000 rw-p 00000000 00:00 0 
7a7c1df17000-7a7c1df27000 r--p 00000000 fc:00 2383292                    /usr/lib/x86_64-linux-gnu/libm.so.6
7a7c1df27000-7a7c1dfa6000 r-xp 00010000 fc:00 2383292                    /usr/lib/x86_64-linux-gnu/libm.so.6
7a7c1dfa6000-7a7c1dffe000 r--p 0008f000 fc:00 2383292                    /usr/lib/x86_64-linux-gnu/libm.so.6
7a7c1dffe000-7a7c1dfff000 r--p 000e7000 fc:00 2383292                    /usr/lib/x86_64-linux-gnu/libm.so.6
7a7c1dfff000-7a7c1e000000 rw-p 000e8000 fc:00 2383292                    /usr/lib/x86_64-linux-gnu/libm.so.6
7a7c1e000000-7a7c1e00f000 r-xp 00000000 fc:00 21496957                   /home/pavlo/.jdks/corretto-21.0.10/lib/libjli.so
7a7c1e00f000-7a7c1e20f000 ---p 0000f000 fc:00 21496957                   /home/pavlo/.jdks/corretto-21.0.10/lib/libjli.so
7a7c1e20f000-7a7c1e210000 r--p 0000f000 fc:00 21496957                   /home/pavlo/.jdks/corretto-21.0.10/lib/libjli.so
7a7c1e210000-7a7c1e211000 rw-p 00010000 fc:00 21496957                   /home/pavlo/.jdks/corretto-21.0.10/lib/libjli.so
7a7c1e211000-7a7c1e213000 r--s 00000000 fc:00 7865371                    /var/cache/fontconfig/6a6dfed4a7d1e4367ef225093de82110-le64.cache-9
7a7c1e213000-7a7c1e219000 rw-p 00000000 00:00 0 
7a7c1e219000-7a7c1e21f000 ---p 00000000 00:00 0 
7a7c1e21f000-7a7c1e220000 r--p 00000000 fc:00 2383665                    /usr/lib/x86_64-linux-gnu/librt.so.1
7a7c1e220000-7a7c1e221000 r-xp 00001000 fc:00 2383665                    /usr/lib/x86_64-linux-gnu/librt.so.1
7a7c1e221000-7a7c1e222000 r--p 00002000 fc:00 2383665                    /usr/lib/x86_64-linux-gnu/librt.so.1
7a7c1e222000-7a7c1e223000 r--p 00002000 fc:00 2383665                    /usr/lib/x86_64-linux-gnu/librt.so.1
7a7c1e223000-7a7c1e224000 rw-p 00003000 fc:00 2383665                    /usr/lib/x86_64-linux-gnu/librt.so.1
7a7c1e224000-7a7c1e228000 rw-p 00000000 00:00 0 
7a7c1e228000-7a7c1e229000 r--p 00000000 fc:00 2382707                    /usr/lib/x86_64-linux-gnu/libdl.so.2
7a7c1e229000-7a7c1e22a000 r-xp 00001000 fc:00 2382707                    /usr/lib/x86_64-linux-gnu/libdl.so.2
7a7c1e22a000-7a7c1e22b000 r--p 00002000 fc:00 2382707                    /usr/lib/x86_64-linux-gnu/libdl.so.2
7a7c1e22b000-7a7c1e22c000 r--p 00002000 fc:00 2382707                    /usr/lib/x86_64-linux-gnu/libdl.so.2
7a7c1e22c000-7a7c1e22d000 rw-p 00003000 fc:00 2382707                    /usr/lib/x86_64-linux-gnu/libdl.so.2
7a7c1e22d000-7a7c1e22e000 r--p 00000000 fc:00 2383621                    /usr/lib/x86_64-linux-gnu/libpthread.so.0
7a7c1e22e000-7a7c1e22f000 r-xp 00001000 fc:00 2383621                    /usr/lib/x86_64-linux-gnu/libpthread.so.0
7a7c1e22f000-7a7c1e230000 r--p 00002000 fc:00 2383621                    /usr/lib/x86_64-linux-gnu/libpthread.so.0
7a7c1e230000-7a7c1e231000 r--p 00002000 fc:00 2383621                    /usr/lib/x86_64-linux-gnu/libpthread.so.0
7a7c1e231000-7a7c1e232000 rw-p 00003000 fc:00 2383621                    /usr/lib/x86_64-linux-gnu/libpthread.so.0
7a7c1e232000-7a7c1e234000 r--p 00000000 fc:00 2384061                    /usr/lib/x86_64-linux-gnu/libz.so.1.3
7a7c1e234000-7a7c1e246000 r-xp 00002000 fc:00 2384061                    /usr/lib/x86_64-linux-gnu/libz.so.1.3
7a7c1e246000-7a7c1e24c000 r--p 00014000 fc:00 2384061                    /usr/lib/x86_64-linux-gnu/libz.so.1.3
7a7c1e24c000-7a7c1e24d000 r--p 0001a000 fc:00 2384061                    /usr/lib/x86_64-linux-gnu/libz.so.1.3
7a7c1e24d000-7a7c1e24e000 rw-p 0001b000 fc:00 2384061                    /usr/lib/x86_64-linux-gnu/libz.so.1.3
7a7c1e24e000-7a7c1e24f000 rw-p 00000000 00:00 0 
7a7c1e24f000-7a7c1e250000 r-xp 00000000 fc:00 8127156                    /tmp/ffiBvVJTo (deleted)
7a7c1e250000-7a7c1e251000 rw-p 00000000 00:00 0 
7a7c1e251000-7a7c1e252000 r--s 00000000 00:37 577                        /run/user/1000/dconf/user
7a7c1e252000-7a7c1e254000 r--p 00000000 fc:00 2382941                    /usr/lib/x86_64-linux-gnu/libgmodule-2.0.so.0.8000.0
7a7c1e254000-7a7c1e256000 r-xp 00002000 fc:00 2382941                    /usr/lib/x86_64-linux-gnu/libgmodule-2.0.so.0.8000.0
7a7c1e256000-7a7c1e257000 r--p 00004000 fc:00 2382941                    /usr/lib/x86_64-linux-gnu/libgmodule-2.0.so.0.8000.0
7a7c1e257000-7a7c1e258000 r--p 00004000 fc:00 2382941                    /usr/lib/x86_64-linux-gnu/libgmodule-2.0.so.0.8000.0
7a7c1e258000-7a7c1e259000 rw-p 00005000 fc:00 2382941                    /usr/lib/x86_64-linux-gnu/libgmodule-2.0.so.0.8000.0
7a7c1e259000-7a7c1e261000 rw-s 00000000 fc:00 8127154                    /tmp/hsperfdata_pavlo/72117
7a7c1e261000-7a7c1e262000 ---p 00000000 00:00 0 
7a7c1e262000-7a7c1e263000 r--p 00000000 00:00 0 
7a7c1e263000-7a7c1e264000 ---p 00000000 00:00 0 
7a7c1e264000-7a7c1e266000 rw-p 00000000 00:00 0 
7a7c1e266000-7a7c1e26a000 r--p 00000000 00:00 0                          [vvar]
7a7c1e26a000-7a7c1e26c000 r--p 00000000 00:00 0                          [vvar_vclock]
7a7c1e26c000-7a7c1e26e000 r-xp 00000000 00:00 0                          [vdso]
7a7c1e26e000-7a7c1e26f000 r--p 00000000 fc:00 2382166                    /usr/lib/x86_64-linux-gnu/ld-linux-x86-64.so.2
7a7c1e26f000-7a7c1e29a000 r-xp 00001000 fc:00 2382166                    /usr/lib/x86_64-linux-gnu/ld-linux-x86-64.so.2
7a7c1e29a000-7a7c1e2a4000 r--p 0002c000 fc:00 2382166                    /usr/lib/x86_64-linux-gnu/ld-linux-x86-64.so.2
7a7c1e2a4000-7a7c1e2a6000 r--p 00036000 fc:00 2382166                    /usr/lib/x86_64-linux-gnu/ld-linux-x86-64.so.2
7a7c1e2a6000-7a7c1e2a8000 rw-p 00038000 fc:00 2382166                    /usr/lib/x86_64-linux-gnu/ld-linux-x86-64.so.2
7ffd77786000-7ffd777ac000 rw-p 00000000 00:00 0                          [stack]
ffffffffff600000-ffffffffff601000 --xp 00000000 00:00 0                  [vsyscall]
Total number of mappings: 944

JVMTI agents: none


VM Arguments:
jvm_args: -Dfile.encoding=UTF-8 -Duser.country=UA -Duser.language=uk -Duser.variant 
java_command: widgets.MainKt
java_class_path (initial): /home/pavlo/IdeaProjects/Widgets/composeApp/build/classes/kotlin/jvm/main:/home/pavlo/IdeaProjects/Widgets/composeApp/build/classes/java/jvmMain:/home/pavlo/IdeaProjects/Widgets/composeApp/build/processedResources/jvm/main:/home/pavlo/.gradle/caches/modules-2/files-2.1/org.jetbrains.compose.components/components-resources-desktop/1.11.0-beta03/f4eb52d87f31584dacdb816a26376f39a1802e8a/library-desktop-1.11.0-beta03.jar:/home/pavlo/.gradle/caches/modules-2/files-2.1/io.ktor/ktor-client-cio-jvm/3.4.3/a0b5df3c0913f2fc20f90bf6bd85c47aab6021ad/ktor-client-cio-jvm-3.4.3.jar:/home/pavlo/.gradle/caches/modules-2/files-2.1/io.ktor/ktor-client-content-negotiation-jvm/3.4.3/18a80220c40429a888d0ae152846b58bf01f3713/ktor-client-content-negotiation-jvm-3.4.3.jar:/home/pavlo/.gradle/caches/modules-2/files-2.1/io.ktor/ktor-client-core-jvm/3.4.3/d13ae94f2d8d9a88fafa7299f2115dabc909d3b6/ktor-client-core-jvm-3.4.3.jar:/home/pavlo/.gradle/caches/modules-2/files-2.1/io.ktor/ktor-serialization-kotlinx-json-jvm/3.4.3/24821671212efaaa060be9036d4b1c680c9621cd/ktor-serialization-kotlinx-json-jvm-3.4.3.jar:/home/pavlo/.gradle/caches/modules-2/files-2.1/org.jetbrains.compose.desktop/desktop-jvm/1.11.0-beta03/1fee826ff9d1fafd500b57a22facfc0236bc14c7/desktop-jvm-1.11.0-beta03.jar:/home/pavlo/.gradle/caches/modules-2/files-2.1/org.jetbrains.kotlinx/kotlinx-coroutines-slf4j/1.11.0-rc02/6b96f10d91d85dff0ce0ca70aa5af52e465e30f/kotlinx-coroutines-slf4j-1.11.0-rc02.jar:/home/pavlo/.gradle/caches/modules-2/files-2.1/org.jetbrains.compose.material3/material3-desktop/1.12.0-alpha03/aa400c3f70e5a2c03f2e1882ea18bea44fb8d6a8/material3-desktop-1.12.0-alpha03.jar:/home/pavlo/.gradle/caches/modules-2/files-2.1/org.jetbrains.compose.material/material-icons-extended-desktop/1.7.3/c7c5465dd754043076875b32bce0dd7f5a354fe8/material-icons-extended-desktop-1.7.3.jar:/home/pavlo/.gradle/caches/modules-2/files-2.1/io.github.fletchmckee.liquid/liquid-jvm/1.1.1/5230df55cc9c2dd53e783298a5c914c79622bc20/liquid-jvm.jar:/home/pavlo/.gradle/caches/modules-2/files-2.1/io.insert-koin/koin-compose-viewmodel-jvm/4.2.1/fc97d157cb05a8b4026f5f89765aa94949862778/koin-compose-viewmodel-jvm-4.2.1.jar:/home/pavlo/.gradle/caches/modules-2/files-2.1/io.insert-koin/koin-compose-jvm/4.2.1/f8d7e9c3bc6ab356961774f56a9e844158b1de42/koin-compose-jvm-4.2.1.jar:/home/pavlo/.gradle/caches/modules-2/files-2.1/org.jetbrains.compose.material/material-desktop/1.11.0-beta03/2891a6f3a62dc4c367636a521d1b680a7d6ff6d/material-desktop-1.11.0-beta03.jar:/home/pavlo/.gradle/caches/modules-2/files-2.1/org.jetbrains.compose.animation/animation-core-desktop/1.12.0-beta01/a14cdb09ab8792b6b20d298d0a26530969228b0f/animation-core-desktop-1.12.0-beta01.jar:/home/pavlo/.gradle/caches/modules-2/files-2.1/org.jetbrains.compose.material/material-ripple-desktop/1.12.0-beta01/b4b34a8be94b8c41526d448a58d7ce2256872df5/material-ripple-desktop-1.12.0-beta01.jar:/home/pavlo/.gradle/caches/modules-2/files-2.1/org.jetbrains.compose.animation/animation-desktop/1.12.0-beta01/31284037222ec665267bb20b77f8b403eeb988c4/animation-desktop-1.12.0-beta01.jar:/home/pavlo/.gradle/caches/modules-2/files-2.1/org.jetbrains.compose.foundation/foundation-layout-desktop/1.12.0-beta01/64d4f43ec090a85f3069762a5c39a147c6d2c9aa/foundation-layout-desktop-1.12.0-beta01.jar:/home/pavlo/.gradle/caches/modules-2/files-2.1/io.coil-kt.coil3/coil-compose-jvm/3.5.0-beta01/8499f43e80509e3fe55e4a90ad7ce6e816b190e4/coil-compose-jvm-3.5.0-beta01.jar:/home/pavlo/.gradle/caches/modules-2/files-2.1/io.coil-kt.coil3/coil-compose-core-jvm/3.5.0-beta01/12f6663116f0946fe3e87c15f573eb52ac6dc2bc/coil-compose-core-jvm-3.5.0-beta01.jar:/home/pavlo/.gradle/caches/modules-2/files-2.1/org.jetbrains.compose.foundation/foundation-desktop/1.12.0-beta01/b7e926b7517322025f785fda2fb3796f6420b6fe/foundation-desktop-1.12.0-beta01.jar:/home/pavlo/.gradle/caches/modules-2/files-2.1/org.jetbrains.compose.material/material-icons-core-desktop/1.7.3/414b3096050fe647b0638832eace80f22c06b85c/material-icons-core-desktop-1.7.3.jar:/home/pavlo/.gradle/caches/modules-2/files-2.1/org.jetbrains.compose.ui/ui-geometry-desktop/1.12.0-beta01/21ca5715bcde50586e57506f07b280ff8b626bdb/ui-geometry-desktop-1.12.0-beta01.jar:/home/pavlo/.gradle/caches/modules-2/files-2.1/org.jetbrains.compose.ui/ui-tooling-preview-desktop/1.12.0-beta01/9871d626c28849c2f353e15d7694e38d7996ddcc/ui-tooling-preview-desktop-1.12.0-beta01.jar:/home/pavlo/.gradle/caches/modules-2/files-2.1/org.jetbrains.compose.ui/ui-graphics-desktop/1.12.0-beta01/cf9166c08f3efbdda587aceca676c1f70c640578/ui-graphics-desktop-1.12.0-beta01.jar:/home/pavlo/.gradle/caches/modules-2/files-2.1/org.jetbrains.compose.ui/ui-unit-desktop/1.12.0-beta01/e0670f2fc4ace09368fdba41c15558e1fa79e866/ui-unit-desktop-1.12.0-beta01.jar:/home/pavlo/.gradle/caches/modules-2/files-2.1/org.jetbrains.compose.ui/ui-backhandler-desktop/1.12.0-beta01/170494f680ff0f7532eeba0f4ba936b54224ed32/ui-backhandler-desktop-1.12.0-beta01.jar:/home/pavlo/.gradle/caches/modules-2/files-2.1/org.jetbrains.compose.ui/ui-util-desktop/1.12.0-beta01/2d41b1dcda0c16efa86718f309fe2159a2890028/ui-util-desktop-1.12.0-beta01.jar:/home/pavlo/.gradle/caches/modules-2/files-2.1/org.jetbrains.compose.ui/ui-text-desktop/1.12.0-beta01/af2aab56220491e300daa1def6ce1e586f18d84/ui-text-desktop-1.12.0-beta01.jar:/home/pavlo/.gradle/caches/modules-2/files-2.1/org.jetbrains.compose.ui/ui-desktop/1.12.0-beta01/908630161418b92f0fde1f6faed45f06a1eaf46b/ui-desktop-1.12.0-beta01.jar:/home/pavlo/.gradle/caches/modules-2/files-2.1/io.ktor/ktor-http-cio-jvm/3.4.3/b5009e1cc40b502c90c245ea4fd48f95b4a6a09b/ktor-http-cio-jvm-3.4.3.jar:/home/pavlo/.gradle/caches/modules-2/files-2.1/io.ktor/ktor-websocket-serialization-jvm/3.4.3/428641dfad289035953735480a20605a0a3d388e/ktor-websocket-serialization-jvm-3.4.3.jar:/home/pavlo/.gradle/caches/modules-2/files-2.1/io.ktor/ktor-serialization-kotlinx-jvm/3.4.3/ba16178b0f5ab132b866650c062f31d539d4ed73/ktor-serialization-kotlinx-jvm-3.4.3.jar:/home/pavlo/.gradle/caches/modules-2/files-2.1/io.ktor/ktor-serialization-jvm/3.4.3/9cb3959a7795a303a2b0c9dd9a152cf87c81418b/ktor-serialization-jvm-3.4.3.jar:/home/pavlo/.gradle/caches/modules-2/files-2.1/io.ktor/ktor-websockets-jvm/3.4.3/9b13706fbdb3c7f5065d71e0d1f17eabda34dbc0/ktor-websockets-jvm-3.4.3.jar:/home/pavlo/.gradle/caches/modules-2/files-2.1/io.ktor/ktor-network-tls-jvm/3.4.3/51d1a0433e794ce1135fd6f7dd00d153c1b63765/ktor-network-tls-jvm-3.4.3.jar:/home/pavlo/.gradle/caches/modules-2/files-2.1/io.ktor/ktor-http-jvm/3.4.3/1d6f033087f8d270ce06cc8471bc3d805472381f/ktor-http-jvm-3.4.3.jar:/home/pavlo/.gradle/caches/modules-2/files-2.1/io.ktor/ktor-events-jvm/3.4.3/21cfaab46ef1538c930781d0fc4ad30817f18bb9/ktor-events-jvm-3.4.3.jar:/home/pavlo/.gradle/caches/modules-2/files-2.1/io.ktor/ktor-sse-jvm/3.4.3/f72b604fbe908f7a8f26be2e472dfe8fe0e8ce31/ktor-sse-jvm-3.4.3.jar:/home/pavlo/.gradle/caches/modules-2/files-2.1/io.coil-kt.coil3/coil-network-okhttp-jvm/3.5.0-beta01/6068558c3fc9ad221fb955fe67bbd41827e3d3e0/coil-network-okhttp-jvm-3.5.0-beta01.jar:/home/pavlo/.gradle/caches/modules-2/files-2.1/io.coil-kt.coil3/coil-svg-jvm/3.5.0-beta01/7998e0f304b0c8c535dfda3ef86cf81faa88a813/coil-svg-jvm-3.5.0-beta01.jar:/home/pavlo/.gradle/caches/modules-2/files-2.1/io.coil-kt.coil3/coil-jvm/3.5.0-beta01/b0061205e37fc17ba27f52ba1ee42f2be1de31d3/coil-jvm-3.5.0-beta01.jar:/home/pavlo/.gradle/caches/modules-2/files-2.1/io.coil-kt.coil3/coil-network-core-jvm/3.5.0-beta01/27fa35b4c8e4fbcc99126099eba9600a1e8e5a56/coil-network-core-jvm-3.5.0-beta01.jar:/home/pavlo/.gradle/caches/modules-2/files-2.1/io.coil-kt.coil3/coil-core-jvm/3.5.0-beta01/a1cca49cdadfc07533b35de91d266adda8af9df8/coil-core-jvm-3.5.0-beta01.jar:/home/pavlo/.gradle/caches/modules-2/files-2.1/org.jetbrains.skiko/skiko-awt-runtime-linux-x64/0.150.0/be8d226a8b1088f9732a2aa390d6c3e4600fdb6/skiko-awt-runtime-linux-x64-0.150.0.jar:/home/pavlo/.gradle/caches/modules-2/files-2.1/org.jetbrains.skiko/skiko-awt/0.150.0/6308664f96dcd45ab180a27ae4025b780366bdfe/skiko-awt-0.150.0.jar:/home/pavlo/.gradle/caches/modules-2/files-2.1/org.jetbrains.androidx.navigationevent/navigationevent-compose-desktop/1.1.0/d4c4408fbc6ac4dbddaef91d82013f435c02a9c5/navigationevent-compose-desktop-1.1.0.jar:/home/pavlo/.gradle/caches/modules-2/files-2.1/androidx.navigationevent/navigationevent-compose-desktop/1.1.1/ef8d1270c6439178474691b1886e2c3dc97f9ce/navigationevent-compose-desktop-1.1.1.jar:/home/pavlo/.gradle/caches/modules-2/files-2.1/androidx.navigationevent/navigationevent-desktop/1.1.1/10a65e605d90c6dc98f3de9d32ae32824a7d0a1f/navigationevent-desktop-1.1.1.jar:/home/pavlo/.gradle/caches/modules-2/files-2.1/androidx.compose.runtime/runtime-annotation-jvm/1.12.0-beta01/4cf2b71ea98c0d69c95a2885e521ba28af5fa7a0/runtime-annotation-jvm-1.12.0-beta01.jar:/home/pavlo/.gradle/caches/modules-2/files-2.1/androidx.compose.runtime/runtime-retain-desktop/1.12.0-beta01/3aa3ec26ef2a3d26bc556b51b33d09efc1a198e8/runtime-retain-desktop-1.12.0-beta01.jar:/home/pavlo/.gradle/caches/modules-2/files-2.1/androidx.compose.runtime/runtime-saveable-desktop/1.12.0-beta01/8cacc17c590b2ac5fabf040c4f66d432092a821/runtime-saveable-desktop-1.12.0-beta01.jar:/home/pavlo/.gradle/caches/modules-2/files-2.1/org.jetbrains.androidx.lifecycle/lifecycle-runtime-compose-desktop/2.11.0-beta01/e93db8959692f5740745b457135c1ab209a67923/lifecycle-runtime-compose-desktop-2.11.0-beta01.jar:/home/pavlo/.gradle/caches/modules-2/files-2.1/androidx.lifecycle/lifecycle-runtime-compose-desktop/2.11.0/8a85615b7e4f5728106bf7bc3cfa95f429eb6264/lifecycle-runtime-compose-desktop-2.11.0.jar:/home/pavlo/.gradle/caches/modules-2/files-2.1/androidx.lifecycle/lifecycle-runtime-desktop/2.11.0/c2b5e2f7d739375538c2a74757531a30607f85ff/lifecycle-runtime-desktop-2.11.0.jar:/home/pavlo/.gradle/caches/modules-2/files-2.1/io.insert-koin/koin-core-viewmodel-jvm/4.2.1/92aa64c77993a8023a838a4f96bf84d6a492d126/koin-core-viewmodel-jvm-4.2.1.jar:/home/pavlo/.gradle/caches/modules-2/files-2.1/androidx.lifecycle/lifecycle-viewmodel-desktop/2.11.0/156dea0e0e4862b60bc14881891bae1e5df64f81/lifecycle-viewmodel-desktop-2.11.0.jar:/home/pavlo/.gradle/caches/modules-2/files-2.1/org.jetbrains.androidx.savedstate/savedstate-compose-desktop/1.3.6/63692375ffe667f12cb3ea8aa1e605d659ed2add/savedstate-compose-desktop-1.3.6.jar:/home/pavlo/.gradle/caches/modules-2/files-2.1/androidx.savedstate/savedstate-compose-desktop/1.4.0/d3d6e0e2108528eb6080dc250da925a572be4202/savedstate-compose-desktop-1.4.0.jar:/home/pavlo/.gradle/caches/modules-2/files-2.1/androidx.savedstate/savedstate-desktop/1.4.0/3b049a0f81643d6b4b900de95bc23efc085c32d5/savedstate-desktop-1.4.0.jar:/home/pavlo/.gradle/caches/modules-2/files-2.1/androidx.lifecycle/lifecycle-common-jvm/2.11.0/2c4f7d92f1fd723121d394c93455f50158403ad9/lifecycle-common-jvm-2.11.0.jar:/home/pavlo/.gradle/caches/modules-2/files-2.1/androidx.lifecycle/lifecycle-viewmodel-savedstate-desktop/2.11.0/4e8025bc47a196b0ee403b8d915393ae7922c21a/lifecycle-viewmodel-savedstate-desktop-2.11.0.jar:/home/pavlo/.gradle/caches/modules-2/files-2.1/androidx.lifecycle/lifecycle-viewmodel-compose-desktop/2.11.0/29daa46bc0d2d574ee95309be1f325764f40b35b/lifecycle-viewmodel-compose-desktop-2.11.0.jar:/home/pavlo/.gradle/caches/modules-2/files-2.1/org.jetbrains.androidx.lifecycle/lifecycle-viewmodel-compose-desktop/2.11.0-beta01/25df0b7b86731829cb34805ff8ebb167b198b916/lifecycle-viewmodel-compose-desktop-2.11.0-beta01.jar:/home/pavlo/.gradle/caches/modules-2/files-2.1/org.jetbrains.compose.runtime/runtime-saveable-desktop/1.12.0-beta01/b4a48d211ac0281b049bf42cb21f715c71b69145/runtime-saveable-desktop-1.12.0-beta01.jar:/home/pavlo/.gradle/caches/modules-2/files-2.1/org.jetbrains.compose.runtime/runtime-desktop/1.12.0-beta01/d9b0c5277cd9ba7a116fbb06e1716d02d0b33401/runtime-desktop-1.12.0-beta01.jar:/home/pavlo/.gradle/caches/modules-2/files-2.1/androidx.compose.runtime/runtime-desktop/1.12.0-beta01/ef22b5ed3a72a20be0b8dbdf2e6b7267150c183e/runtime-desktop-1.12.0-beta01.jar:/home/pavlo/.gradle/caches/modules-2/files-2.1/io.ktor/ktor-network-jvm/3.4.3/60e35f5740b4526ac4aa384c0956920f00ecd91e/ktor-network-jvm-3.4.3.jar:/home/pavlo/.gradle/caches/modules-2/files-2.1/io.ktor/ktor-utils-jvm/3.4.3/7904b87f28e962b998244f5663236dca4d90bbd/ktor-utils-jvm-3.4.3.jar:/home/pavlo/.gradle/caches/modules-2/files-2.1/io.ktor/ktor-io-jvm/3.4.3/743b93999a7451a371cdef23dccecf0d14a99d4/ktor-io-jvm-3.4.3.jar:/home/pavlo/.gradle/caches/modules-2/files-2.1/org.jetbrains.kotlinx/kotlinx-coroutines-core-jvm/1.11.0-rc02/ca786c505e7198ed9f5ca2d7f6d00d353422b0c4/kotlinx-coroutines-core-jvm-1.11.0-rc02.jar:/home/pavlo/.gradle/caches/modules-2/files-2.1/org.jetbrains.kotlinx/kotlinx-coroutines-swing/1.11.0-rc02/36bc317761395a640bc9294d528f7ca94c6e278f/kotlinx-coroutines-swing-1.11.0-rc02.jar:/home/pavlo/.gradle/caches/modules-2/files-2.1/io.insert-koin/koin-core-jvm/4.2.1/fed4f1d828b769a8ebf45ee79291e341423b0e31/koin-core-jvm-4.2.1.jar:/home/pavlo/.gradle/caches/modules-2/files-2.1/androidx.graphics/graphics-shapes-desktop/1.1.0/a5d2198960bdc0915f74c6b2954d3323f35f40ea/graphics-shapes-desktop-1.1.0.jar:/home/pavlo/.gradle/caches/modules-2/files-2.1/androidx.collection/collection-jvm/1.5.0/7ba2c69414d46ebc2dd76598bdd0a75c54281a57/collection-jvm-1.5.0.jar:/home/pavlo/.gradle/caches/modules-2/files-2.1/org.jetbrains.kotlinx/atomicfu-jvm/0.28.0/6a9ac536f4b2144e57c176fd4e26821eb12084f4/atomicfu-jvm-0.28.0.jar:/home/pavlo/.gradle/caches/modules-2/files-2.1/org.jetbrains.kotlinx/kotlinx-datetime-jvm/0.7.1/81c2e0246bd28cc2dcbdf0ab53628322e66a9de9/kotlinx-datetime-jvm-0.7.1.jar:/home/pavlo/.gradle/caches/modules-2/files-2.1/androidx.arch.core/core-common/2.2.0/5e1b8b81dfd5f52c56a8d53b18ca759c19a301f3/core-common-2.2.0.jar:/home/pavlo/.gradle/caches/modules-2/files-2.1/androidx.annotation/annotation-jvm/1.9.1/b17951747e38bf3986a24431b9ba0d039958aa5f/annotation-jvm-1.9.1.jar:/home/pavlo/.gradle/caches/modules-2/files-2.1/co.touchlab/stately-concurrent-collections-jvm/2.1.0/5c03b644537d7926a8f77e5735a8bebb55dafdcd/stately-concurrent-collections-jvm-2.1.0.jar:/home/pavlo/.gradle/caches/modules-2/files-2.1/co.touchlab/stately-concurrency-jvm/2.1.0/6285428408c4d7e4a6d9a09511de877103effd81/stately-concurrency-jvm-2.1.0.jar:/home/pavlo/.gradle/caches/modules-2/files-2.1/org.jetbrains.kotlinx/kotlinx-serialization-core-jvm/1.9.0/91448df39c558f7c6147b8bd8db01debe16e0cc1/kotlinx-serialization-core-jvm-1.9.0.jar:/home/pavlo/.gradle/caches/modules-2/files-2.1/org.jetbrains.kotlinx/kotlinx-serialization-json-io-jvm/1.9.0/3a371942a591532d0d9245ca6787ee677853bebd/kotlinx-serialization-json-io-jvm-1.9.0.jar:/home/pavlo/.gradle/caches/modules-2/files-2.1/org.jetbrains.kotlinx/kotlinx-serialization-json-jvm/1.9.0/aea6f7d49fe5c458f8963ee6d4bdaf4a459ab3e7/kotlinx-serialization-json-jvm-1.9.0.jar:/home/pavlo/.gradle/caches/modules-2/files-2.1/com.squareup.okhttp3/okhttp/4.12.0/2f4525d4a200e97e1b87449c2cd9bd2e25b7e8cd/okhttp-4.12.0.jar:/home/pavlo/.gradle/caches/modules-2/files-2.1/org.jetbrains.kotlin/kotlin-stdlib-jdk8/1.8.21/67f57e154437cd9e6e9cf368394b95814836ff88/kotlin-stdlib-jdk8-1.8.21.jar:/home/pavlo/.gradle/caches/modules-2/files-2.1/co.touchlab/stately-strict-jvm/2.1.0/3ae8369209065455f4630793bf6aca0fb88c8b6b/stately-strict-jvm-2.1.0.jar:/home/pavlo/.gradle/caches/modules-2/files-2.1/org.jetbrains.kotlin/kotlin-stdlib-jdk7/1.8.21/7473b8cd3c0ef9932345baf569bc398e8a717046/kotlin-stdlib-jdk7-1.8.21.jar:/home/pavlo/.gradle/caches/modules-2/files-2.1/com.squareup.okio/okio-jvm/3.17.0/a12d684ec0df9541b3869ae60a4a5257fd3613df/okio-jvm-3.17.0.jar:/home/pavlo/.gradle/caches/modules-2/files-2.1/org.jetbrains.kotlinx/kotlinx-io-core-jvm/0.8.2/358a9f2ba2dc81c5dc84c3d1853f6e5efba63be1/kotlinx-io-core-jvm-0.8.2.jar:/home/pavlo/.gradle/caches/modules-2/files-2.1/org.jetbrains.kotlinx/kotlinx-io-bytestring-jvm/0.8.2/89c5399596250e71f2bba6d2415972a078a525c7/kotlinx-io-bytestring-jvm-0.8.2.jar:/home/pavlo/.gradle/caches/modules-2/files-2.1/org.jetbrains.kotlin/kotlin-stdlib/2.3.21/a2ee2c4e220fee522f0451b723bab2a43f3481a7/kotlin-stdlib-2.3.21.jar:/home/pavlo/.gradle/caches/modules-2/files-2.1/com.github.bfsmith/geotimezone/1.0.3/b00de7134a06b42af7ae850f76e9f940737939b2/geotimezone-1.0.3.jar:/home/pavlo/.gradle/caches/modules-2/files-2.1/org.shredzone.commons/commons-suncalc/3.11/1e74f0da83d71053469605d3c699b46db27ca0b0/commons-suncalc-3.11.jar:/home/pavlo/.gradle/caches/modules-2/files-2.1/com.github.hypfvieh/dbus-java-transport-native-unixsocket/5.2.0/6ef0e26cd6b1c1cf8046e1cc0949821d29e4f487/dbus-java-transport-native-unixsocket-5.2.0.jar:/home/pavlo/.gradle/caches/modules-2/files-2.1/com.github.hypfvieh/dbus-java-core/5.2.0/32a76bec4c9e6576b6e049a90d8ad9384253e7f1/dbus-java-core-5.2.0.jar:/home/pavlo/.gradle/caches/modules-2/files-2.1/com.github.oshi/oshi-core/6.12.0/8d3855dd1dfab348bf50031398a7ad69d1c27ef9/oshi-core-6.12.0.jar:/home/pavlo/.gradle/caches/modules-2/files-2.1/net.java.dev.jna/jna-platform/5.18.1/dd817f391efc492041c9ae91127527c13750a789/jna-platform-5.18.1.jar:/home/pavlo/.gradle/caches/modules-2/files-2.1/net.java.dev.jna/jna/5.18.1/b27ba04287cc4abe769642fe8318d39fc89bf937/jna-5.18.1.jar:/home/pavlo/.gradle/caches/modules-2/files-2.1/org.im4java/im4java/1.4.0/2249b13b90619f89b747f56a83dfb05880f2c38/im4java-1.4.0.jar:/home/pavlo/.gradle/caches/modules-2/files-2.1/com.ibm.icu/icu4j/74.2/97222d018f7f43cae88cacd1fad39717b001ffc4/icu4j-74.2.jar:/home/pavlo/.gradle/caches/modules-2/files-2.1/it.tdlight/tdlight-java/3.5.2+td.1.8.64/30c3b39782999a9c18a6ab2159448edd1cd6c934/tdlight-java-3.5.2+td.1.8.64.jar:/home/pavlo/.gradle/caches/modules-2/files-2.1/it.tdlight/tdlight-natives/4.0.587/26f4e4cb08a516d7d8d644ceee6df57a214a87ac/tdlight-natives-4.0.587-linux_amd64_gnu_ssl3.jar:/home/pavlo/.gradle/caches/modules-2/files-2.1/it.tdlight/tdlight-api/4.0.557/db5f3445f7df703fbd132d4b51e46e33112cf6f8/tdlight-api-4.0.557-legacy.jar:/home/pavlo/.gradle/caches/modules-2/files-2.1/it.tdlight/tdlight-api/4.0.557/298eaeeffe82b49dce4107b98934d107278cc85/tdlight-api-4.0.557.jar:/home/pavlo/.gradle/caches/modules-2/files-2.1/org.jetbrains/annotations/23.0.0/8cc20c07506ec18e0834947b84a864bfc094484e/annotations-23.0.0.jar:/home/pavlo/.gradle/caches/modules-2/files-2.1/com.spatial4j/spatial4j/0.4.1/4234d12b1ba4d4b539fb3e29edd948a99539d9eb/spatial4j-0.4.1.jar:/home/pavlo/.gradle/caches/modules-2/files-2.1/joda-time/joda-time/2.7/5599707a3eaad13e889f691b3af78c8c03842195/joda-time-2.7.jar:/home/pavlo/.gradle/caches/modules-2/files-2.1/com.github.oshi/oshi-common/6.12.0/22e24e9ffb9873467519e9658bafc19dfc97d439/oshi-common-6.12.0.jar:/home/pavlo/.gradle/caches/modules-2/files-2.1/org.slf4j/slf4j-api/2.0.17/d9e58ac9c7779ba3bf8142aff6c830617a7fe60f/slf4j-api-2.0.17.jar:/home/pavlo/.gradle/caches/modules-2/files-2.1/org.reactivestreams/reactive-streams/1.0.4/3864a1320d97d7b045f729a326e1e077661f31b7/reactive-streams-1.0.4.jar:/home/pavlo/.gradle/caches/modules-2/files-2.1/io.atlassian.util.concurrent/atlassian-util-concurrent/4.0.1/34fdb324a609ff5e008e707de7c0741aeaa4b981/atlassian-util-concurrent-4.0.1.jar:/home/pavlo/.gradle/caches/modules-2/files-2.1/org.jetbrains.runtime/jbr-api/1.9.0/2bc161f5472b5fd5610740e4d6ebe896c811cb0e/jbr-api-1.9.0.jar:/home/pavlo/.gradle/caches/modules-2/files-2.1/org.jspecify/jspecify/1.0.0/7425a601c1c7ec76645a78d22b8c6a627edee507/jspecify-1.0.0.jar
Launcher Type: SUN_STANDARD

[Global flags]
     intx CICompilerCount                          = 4                                         {product} {ergonomic}
     uint ConcGCThreads                            = 3                                         {product} {ergonomic}
     uint G1ConcRefinementThreads                  = 10                                        {product} {ergonomic}
   size_t G1HeapRegionSize                         = 2097152                                   {product} {ergonomic}
    uintx GCDrainStackTargetSize                   = 64                                        {product} {ergonomic}
   size_t InitialHeapSize                          = 253755392                                 {product} {ergonomic}
   size_t MarkStackSize                            = 4194304                                   {product} {ergonomic}
   size_t MaxHeapSize                              = 4043309056                                {product} {ergonomic}
   size_t MaxNewSize                               = 2424307712                                {product} {ergonomic}
   size_t MinHeapDeltaBytes                        = 2097152                                   {product} {ergonomic}
   size_t MinHeapSize                              = 8388608                                   {product} {ergonomic}
    uintx NonNMethodCodeHeapSize                   = 5839372                                {pd product} {ergonomic}
    uintx NonProfiledCodeHeapSize                  = 122909434                              {pd product} {ergonomic}
    uintx ProfiledCodeHeapSize                     = 122909434                              {pd product} {ergonomic}
    uintx ReservedCodeCacheSize                    = 251658240                              {pd product} {ergonomic}
     bool SegmentedCodeCache                       = true                                      {product} {ergonomic}
   size_t SoftMaxHeapSize                          = 4043309056                             {manageable} {ergonomic}
     bool UseCompressedOops                        = true                           {product lp64_product} {ergonomic}
     bool UseG1GC                                  = true                                      {product} {ergonomic}

Logging:
Log output configuration:
 #0: stdout all=warning uptime,level,tags foldmultilines=false
 #1: stderr all=off uptime,level,tags foldmultilines=false

Release file:
IMPLEMENTOR="Amazon.com Inc."
IMPLEMENTOR_VERSION="Corretto-21.0.10.7.1"
JAVA_RUNTIME_VERSION="21.0.10+7-LTS"
JAVA_VERSION="21.0.10"
JAVA_VERSION_DATE="2026-01-20"
LIBC="gnu"
MODULES="java.base java.compiler java.datatransfer java.xml java.prefs java.desktop java.instrument java.logging java.management java.security.sasl java.naming java.rmi java.management.rmi java.net.http java.scripting java.security.jgss java.transaction.xa java.sql java.sql.rowset java.xml.crypto java.se java.smartcardio jdk.accessibility jdk.internal.jvmstat jdk.attach jdk.charsets jdk.internal.opt jdk.zipfs jdk.compiler jdk.crypto.ec jdk.crypto.cryptoki jdk.dynalink jdk.internal.ed jdk.editpad jdk.hotspot.agent jdk.httpserver jdk.incubator.vector jdk.internal.le jdk.internal.vm.ci jdk.internal.vm.compiler jdk.internal.vm.compiler.management jdk.jartool jdk.javadoc jdk.jcmd jdk.management jdk.management.agent jdk.jconsole jdk.jdeps jdk.jdwp.agent jdk.jdi jdk.jfr jdk.jlink jdk.jpackage jdk.jshell jdk.jsobject jdk.jstatd jdk.localedata jdk.management.jfr jdk.naming.dns jdk.naming.rmi jdk.net jdk.nio.mapmode jdk.random jdk.sctp jdk.security.auth jdk.security.jgss jdk.unsupported jdk.unsupported.desktop jdk.xml.dom"
OS_ARCH="x86_64"
OS_NAME="Linux"
SOURCE=".:git:944ad46e8f1d+"

Environment Variables:
PATH=/home/pavlo/.local/bin:/home/pavlo/.local/bin:/usr/local/sbin:/usr/local/bin:/usr/sbin:/usr/bin:/sbin:/bin:/usr/games:/usr/local/games:/snap/bin:/home/pavlo/.local/share/JetBrains/Toolbox/scripts:/home/pavlo/.local/share/JetBrains/Toolbox/scripts
SHELL=/bin/bash
DISPLAY=:0
WAYLAND_DISPLAY=wayland-0
LANG=uk_UA.UTF-8
LC_NUMERIC=en_US.UTF-8
LC_TIME=en_US.UTF-8

Active Locale:
LC_ALL=LC_CTYPE=uk_UA.UTF-8;LC_NUMERIC=en_US.UTF-8;LC_TIME=en_US.UTF-8;LC_COLLATE=uk_UA.UTF-8;LC_MONETARY=en_US.UTF-8;LC_MESSAGES=uk_UA.UTF-8;LC_PAPER=en_US.UTF-8;LC_NAME=en_US.UTF-8;LC_ADDRESS=en_US.UTF-8;LC_TELEPHONE=en_US.UTF-8;LC_MEASUREMENT=en_US.UTF-8;LC_IDENTIFICATION=en_US.UTF-8
LC_COLLATE=uk_UA.UTF-8
LC_CTYPE=uk_UA.UTF-8
LC_MESSAGES=uk_UA.UTF-8
LC_MONETARY=en_US.UTF-8
LC_NUMERIC=en_US.UTF-8
LC_TIME=en_US.UTF-8

Signal Handlers:
   SIGSEGV: crash_handler in libjvm.so, mask=11100100010111111101111111111110, flags=SA_RESTART|SA_SIGINFO, unblocked
    SIGBUS: crash_handler in libjvm.so, mask=11100100010111111101111111111110, flags=SA_RESTART|SA_SIGINFO, unblocked
    SIGFPE: crash_handler in libjvm.so, mask=11100100010111111101111111111110, flags=SA_RESTART|SA_SIGINFO, unblocked
   SIGPIPE: SIG_IGN, mask=00000000000010000000000000000000, flags=SA_RESTART, blocked
  *** Handler was modified!
  *** Expected: javaSignalHandler in libjvm.so, mask=11100100110111111111111111111110, flags=SA_RESTART|SA_SIGINFO
   SIGXFSZ: javaSignalHandler in libjvm.so, mask=11100100010111111101111111111110, flags=SA_RESTART|SA_SIGINFO, blocked
    SIGILL: crash_handler in libjvm.so, mask=11100100010111111101111111111110, flags=SA_RESTART|SA_SIGINFO, unblocked
   SIGUSR2: SR_handler in libjvm.so, mask=00000000000000000000000000000000, flags=SA_RESTART|SA_SIGINFO, blocked
    SIGHUP: UserHandler in libjvm.so, mask=11100100010111111101111111111110, flags=SA_RESTART|SA_SIGINFO, blocked
    SIGINT: UserHandler in libjvm.so, mask=11100100010111111101111111111110, flags=SA_RESTART|SA_SIGINFO, blocked
   SIGTERM: UserHandler in libjvm.so, mask=11100100010111111101111111111110, flags=SA_RESTART|SA_SIGINFO, blocked
   SIGQUIT: UserHandler in libjvm.so, mask=11100100010111111101111111111110, flags=SA_RESTART|SA_SIGINFO, blocked
   SIGTRAP: crash_handler in libjvm.so, mask=11100100010111111101111111111110, flags=SA_RESTART|SA_SIGINFO, unblocked


Periodic native trim disabled

---------------  S Y S T E M  ---------------

OS:
DISTRIB_ID=elementary
DISTRIB_RELEASE=8
DISTRIB_CODENAME=circe
DISTRIB_DESCRIPTION="elementary OS 8"
uname: Linux 6.17.0-35-generic #35~24.04.1-Ubuntu SMP PREEMPT_DYNAMIC Tue May 26 19:30:42 UTC 2 x86_64
OS uptime: 0 days 6:27 hours
libc: glibc 2.39 NPTL 2.39 
rlimit (soft/hard): STACK 8192k/infinity , CORE 0k/infinity , NPROC 60761/60761 , NOFILE 1048576/1048576 , AS infinity/infinity , CPU infinity/infinity , DATA infinity/infinity , FSIZE infinity/infinity , MEMLOCK 1974164k/1974164k
load average: 1.96 1.87 1.88

/proc/meminfo:
MemTotal:       15793336 kB
MemFree:         2578824 kB
MemAvailable:    6480000 kB
Buffers:          163624 kB
Cached:          5134780 kB
SwapCached:       157708 kB
Active:          6998400 kB
Inactive:        5066408 kB
Active(anon):    6038480 kB
Inactive(anon):  1882780 kB
Active(file):     959920 kB
Inactive(file):  3183628 kB
Unevictable:      339668 kB
Mlocked:             136 kB
SwapTotal:       4001276 kB
SwapFree:        3029632 kB
Zswap:                 0 kB
Zswapped:              0 kB
Dirty:             33028 kB
Writeback:             0 kB
AnonPages:       7088312 kB
Mapped:          2089844 kB
Shmem:           1154792 kB
KReclaimable:     237200 kB
Slab:             445460 kB
SReclaimable:     237200 kB
SUnreclaim:       208260 kB
KernelStack:       24432 kB
PageTables:        77584 kB
SecPageTables:      8048 kB
NFS_Unstable:          0 kB
Bounce:                0 kB
WritebackTmp:          0 kB
CommitLimit:    11897944 kB
Committed_AS:   27530912 kB
VmallocTotal:   34359738367 kB
VmallocUsed:       63452 kB
VmallocChunk:          0 kB
Percpu:            11376 kB
HardwareCorrupted:     0 kB
AnonHugePages:         0 kB
ShmemHugePages:   755712 kB
ShmemPmdMapped:        0 kB
FileHugePages:         0 kB
FilePmdMapped:         0 kB
CmaTotal:              0 kB
CmaFree:               0 kB
Unaccepted:            0 kB
Balloon:               0 kB
HugePages_Total:       0
HugePages_Free:        0
HugePages_Rsvd:        0
HugePages_Surp:        0
Hugepagesize:       2048 kB
Hugetlb:               0 kB
DirectMap4k:      217120 kB
DirectMap2M:     2342912 kB
DirectMap1G:    14680064 kB

/sys/kernel/mm/transparent_hugepage/enabled: always [madvise] never
/sys/kernel/mm/transparent_hugepage/hpage_pmd_size: 2097152
/sys/kernel/mm/transparent_hugepage/defrag (defrag/compaction efforts parameter): always defer defer+madvise [madvise] never

Process Memory:
Virtual Size: 11330364K (peak: 11383372K)
Resident Set Size: 451432K (peak: 451432K) (anon: 307640K, file: 143664K, shmem: 128K)
Swapped out: 0K
C-Heap outstanding allocations: 104332K, retained: 46555K
glibc malloc tunables: (default)

/proc/sys/kernel/threads-max (system-wide limit on the number of threads): 121523
/proc/sys/vm/max_map_count (maximum number of memory map areas a process may have): 1048576
/proc/sys/vm/swappiness (control to define how aggressively the kernel swaps out anonymous memory): 60
/proc/sys/kernel/pid_max (system-wide limit on number of process identifiers): 4194304

container information not found.
Steal ticks since vm start: 0
Steal ticks percentage since vm start:  0.000

CPU: total 12 (initial active 12) (12 cores per cpu, 1 threads per core) family 6 model 154 stepping 4 microcode 0x43b, cx8, cmov, fxsr, mmx, 3dnowpref, sse, sse2, sse3, ssse3, sse4.1, sse4.2, popcnt, lzcnt, tsc, tscinvbit, avx, avx2, aes, erms, clmul, bmi1, bmi2, adx, sha, fma, vzeroupper, clflush, clflushopt, clwb, serialize, rdtscp, rdpid, fsrm, f16c, pku, ospke, cet_ibt, cet_ss
CPU Model and flags from /proc/cpuinfo:
model name	: 12th Gen Intel(R) Core(TM) i7-1255U
flags		: fpu vme de pse tsc msr pae mce cx8 apic sep mtrr pge mca cmov pat pse36 clflush dts acpi mmx fxsr sse sse2 ss ht tm pbe syscall nx pdpe1gb rdtscp lm constant_tsc art arch_perfmon pebs bts rep_good nopl xtopology nonstop_tsc cpuid aperfmperf tsc_known_freq pni pclmulqdq dtes64 monitor ds_cpl vmx smx est tm2 ssse3 sdbg fma cx16 xtpr pdcm pcid sse4_1 sse4_2 x2apic movbe popcnt tsc_deadline_timer aes xsave avx f16c rdrand lahf_lm abm 3dnowprefetch cpuid_fault epb ssbd ibrs ibpb stibp ibrs_enhanced tpr_shadow flexpriority ept vpid ept_ad fsgsbase tsc_adjust bmi1 avx2 smep bmi2 erms invpcid rdseed adx smap clflushopt clwb intel_pt sha_ni xsaveopt xsavec xgetbv1 xsaves split_lock_detect user_shstk avx_vnni dtherm ida arat pln pts hwp hwp_notify hwp_act_window hwp_epp hwp_pkg_req hfi vnmi umip pku ospke waitpkg gfni vaes vpclmulqdq rdpid movdiri movdir64b fsrm md_clear serialize arch_lbr ibt flush_l1d arch_capabilities

Online cpus: 0-11
Offline cpus: 
BIOS frequency limitation: <Not Available>
Frequency switch latency (ns): 0
Available cpu frequencies: <Not Available>
Current governor: powersave
Core performance/turbo boost: <Not Available>

Memory: 4k page, physical 15793336k(6480000k free), swap 4001276k(3029632k free)
Page Sizes: 4k

vm_info: OpenJDK 64-Bit Server VM (21.0.10+7-LTS) for linux-amd64 JRE (21.0.10+7-LTS), built on 2026-01-15T22:13:55Z by "jenkins" with gcc 7.3.1 20180303 (Red Hat 7.3.1-5)

END.
